/*******************************************************************************
 * Size: 17 px
 * Bpp: 4
 * Opts: undefined
 ******************************************************************************/

#ifdef LV_LVGL_H_INCLUDE_SIMPLE
#include "lvgl.h"
#else
#include "lvgl.h"
#endif

#ifndef LV_FONT_HARMONYOS_SANS_SC_REGULAR_17
#define LV_FONT_HARMONYOS_SANS_SC_REGULAR_17 1
#endif

#if LV_FONT_HARMONYOS_SANS_SC_REGULAR_17

/*-----------------
 *    BITMAPS
 *----------------*/

/*Store the image of the glyphs*/
static LV_ATTRIBUTE_LARGE_CONST const uint8_t glyph_bitmap[] = {
    /* U+0020 " " */

    /* U+0021 "!" */
    0xcb, 0xcb, 0xba, 0xba, 0xaa, 0xa9, 0xa9, 0x98,
    0x98, 0x33, 0x0, 0xba, 0xcb,

    /* U+0022 "\"" */
    0x2, 0x0, 0x20, 0xf3, 0x6d, 0xf, 0x35, 0xd0,
    0xf2, 0x5d, 0xf, 0x25, 0xd0,

    /* U+0023 "#" */
    0x0, 0x0, 0xe7, 0x0, 0xc8, 0x0, 0x0, 0x2f,
    0x30, 0x1f, 0x40, 0x0, 0x16, 0xf1, 0x15, 0xf1,
    0x0, 0xaf, 0xff, 0xff, 0xff, 0xfb, 0x2, 0x4e,
    0x94, 0x4d, 0xa4, 0x20, 0x1, 0xf3, 0x0, 0xf5,
    0x0, 0x0, 0x5f, 0x0, 0x3f, 0x10, 0x0, 0x19,
    0xd1, 0x17, 0xe1, 0x0, 0xcf, 0xff, 0xff, 0xff,
    0xf9, 0x3, 0x4f, 0x74, 0x4f, 0x84, 0x20, 0x4,
    0xf1, 0x3, 0xf2, 0x0, 0x0, 0x9c, 0x0, 0x7e,
    0x0, 0x0,

    /* U+0024 "$" */
    0x0, 0x0, 0xbb, 0x0, 0x0, 0x0, 0x0, 0xbb,
    0x0, 0x0, 0x0, 0x4b, 0xff, 0xa2, 0x0, 0x5,
    0xfc, 0xdd, 0xdf, 0x30, 0xd, 0xb0, 0xbb, 0xd,
    0xb0, 0xf, 0x70, 0xbb, 0x3, 0x10, 0xe, 0xc1,
    0xbb, 0x0, 0x0, 0x4, 0xfe, 0xeb, 0x0, 0x0,
    0x0, 0x2a, 0xff, 0xc4, 0x0, 0x0, 0x0, 0xbd,
    0xdf, 0x60, 0x0, 0x0, 0xbb, 0xc, 0xf0, 0x4e,
    0x0, 0xbb, 0x7, 0xf0, 0x2f, 0xa0, 0xbb, 0xb,
    0xd0, 0x5, 0xfe, 0xee, 0xdf, 0x40, 0x0, 0x28,
    0xee, 0x92, 0x0, 0x0, 0x0, 0xbb, 0x0, 0x0,
    0x0, 0x0, 0xbb, 0x0, 0x0,

    /* U+0025 "%" */
    0x8, 0xef, 0x90, 0x0, 0xc, 0xb0, 0x6, 0xf6,
    0x5e, 0x80, 0x7, 0xf2, 0x0, 0xab, 0x0, 0x9c,
    0x1, 0xf7, 0x0, 0x7, 0xe2, 0x1d, 0xa0, 0xad,
    0x0, 0x0, 0xb, 0xff, 0xd1, 0x4f, 0x40, 0x0,
    0x0, 0x2, 0x20, 0xe, 0xa0, 0x0, 0x0, 0x0,
    0x0, 0x8, 0xe1, 0x0, 0x0, 0x0, 0x0, 0x2,
    0xf6, 0x9, 0xff, 0x90, 0x0, 0x0, 0xcc, 0x7,
    0xf5, 0x5f, 0x80, 0x0, 0x6f, 0x20, 0xba, 0x0,
    0xab, 0x0, 0x1e, 0x80, 0x7, 0xe3, 0x2e, 0x80,
    0xa, 0xe0, 0x0, 0x9, 0xff, 0x90,

    /* U+0026 "&" */
    0x0, 0x0, 0x0, 0x0, 0x0, 0x0, 0x0, 0x0,
    0x6e, 0xff, 0x80, 0x0, 0x0, 0x0, 0x4f, 0xa4,
    0x8f, 0x70, 0x0, 0x0, 0x9, 0xf0, 0x0, 0xdb,
    0x0, 0x0, 0x0, 0x8f, 0x10, 0x1f, 0x90, 0x0,
    0x0, 0x2, 0xfa, 0x4d, 0xd1, 0x0, 0x0, 0x0,
    0x9, 0xff, 0x80, 0x3, 0x50, 0x0, 0x9, 0xfc,
    0xf6, 0x0, 0xac, 0x0, 0x9, 0xf5, 0xa, 0xf4,
    0xe, 0x80, 0x0, 0xf9, 0x0, 0xc, 0xf6, 0xf3,
    0x0, 0x2f, 0x60, 0x0, 0xd, 0xfd, 0x0, 0x0,
    0xfa, 0x0, 0x0, 0x6f, 0xe1, 0x0, 0x7, 0xf8,
    0x33, 0x9f, 0x9e, 0xd0, 0x0, 0x6, 0xcf, 0xfb,
    0x40, 0x3f, 0xb0,

    /* U+0027 "'" */
    0x2, 0x0, 0xf3, 0xf, 0x30, 0xf2, 0xf, 0x20,

    /* U+0028 "(" */
    0x0, 0x7, 0x20, 0xa, 0xc0, 0x5, 0xf3, 0x0,
    0xdb, 0x0, 0x3f, 0x40, 0x7, 0xf0, 0x0, 0xad,
    0x0, 0xc, 0xb0, 0x0, 0xcb, 0x0, 0xb, 0xc0,
    0x0, 0x9e, 0x0, 0x5, 0xf2, 0x0, 0x1f, 0x70,
    0x0, 0x9e, 0x0, 0x1, 0xe7, 0x0, 0x4, 0xf3,

    /* U+0029 ")" */
    0x47, 0x0, 0x1, 0xe7, 0x0, 0x5, 0xf2, 0x0,
    0xd, 0xa0, 0x0, 0x7f, 0x10, 0x2, 0xf5, 0x0,
    0xf, 0x80, 0x0, 0xe9, 0x0, 0xd, 0xa0, 0x0,
    0xf8, 0x0, 0xf, 0x70, 0x4, 0xf3, 0x0, 0x9e,
    0x0, 0x1f, 0x60, 0x9, 0xd0, 0x5, 0xf2, 0x0,

    /* U+002A "*" */
    0x0, 0xe, 0x30, 0x1, 0xb2, 0xd3, 0x95, 0x19,
    0xef, 0xeb, 0x30, 0x3c, 0xfe, 0x60, 0x2f, 0x7d,
    0x6d, 0x70, 0x10, 0xe3, 0x0, 0x0, 0x5, 0x10,
    0x0,

    /* U+002B "+" */
    0x0, 0x0, 0xb7, 0x0, 0x0, 0x0, 0xc, 0x70,
    0x0, 0x0, 0x0, 0xc8, 0x0, 0x2, 0xff, 0xff,
    0xff, 0xfd, 0x3, 0x33, 0xd9, 0x33, 0x30, 0x0,
    0xc, 0x70, 0x0, 0x0, 0x0, 0xc7, 0x0, 0x0,
    0x0, 0xc, 0x70, 0x0,

    /* U+002C "," */
    0x9d, 0x9, 0xf3, 0xd, 0x1a, 0x80, 0x30, 0x0,

    /* U+002D "-" */
    0x0, 0x0, 0x0, 0xf, 0xff, 0xff, 0xf3, 0x33,
    0x33, 0x33, 0x0,

    /* U+002E "." */
    0xba, 0xcb,

    /* U+002F "/" */
    0x0, 0x0, 0x4f, 0x20, 0x0, 0xa, 0xc0, 0x0,
    0x1, 0xf6, 0x0, 0x0, 0x7f, 0x0, 0x0, 0xd,
    0xa0, 0x0, 0x3, 0xf3, 0x0, 0x0, 0x9d, 0x0,
    0x0, 0xf, 0x70, 0x0, 0x6, 0xf1, 0x0, 0x0,
    0xca, 0x0, 0x0, 0x2f, 0x40, 0x0, 0x8, 0xe0,
    0x0, 0x0,

    /* U+0030 "0" */
    0x0, 0x3b, 0xfe, 0x91, 0x0, 0x2f, 0xd6, 0x8f,
    0xc0, 0x9, 0xf1, 0x0, 0x5f, 0x50, 0xeb, 0x0,
    0x0, 0xfa, 0x1f, 0x80, 0x0, 0xc, 0xc2, 0xf7,
    0x0, 0x0, 0xbd, 0x2f, 0x70, 0x0, 0xb, 0xd1,
    0xf8, 0x0, 0x0, 0xcc, 0xe, 0xa0, 0x0, 0xf,
    0xa0, 0xaf, 0x10, 0x5, 0xf5, 0x2, 0xfd, 0x78,
    0xfc, 0x0, 0x3, 0xcf, 0xe9, 0x10,

    /* U+0031 "1" */
    0x0, 0x18, 0xf7, 0x6, 0xef, 0xf7, 0x4f, 0x82,
    0xf7, 0x21, 0x1, 0xf7, 0x0, 0x1, 0xf7, 0x0,
    0x1, 0xf7, 0x0, 0x1, 0xf7, 0x0, 0x1, 0xf7,
    0x0, 0x1, 0xf7, 0x0, 0x1, 0xf7, 0x0, 0x1,
    0xf7, 0x0, 0x1, 0xf7,

    /* U+0032 "2" */
    0x0, 0x4b, 0xfe, 0xa1, 0x0, 0x5f, 0xc6, 0x8f,
    0xd0, 0xd, 0xb0, 0x0, 0x6f, 0x50, 0x21, 0x0,
    0x2, 0xf6, 0x0, 0x0, 0x0, 0x5f, 0x40, 0x0,
    0x0, 0x1e, 0xc0, 0x0, 0x0, 0xc, 0xe2, 0x0,
    0x0, 0xb, 0xf3, 0x0, 0x0, 0xb, 0xf4, 0x0,
    0x0, 0xa, 0xf4, 0x0, 0x0, 0xa, 0xfa, 0x55,
    0x55, 0x42, 0xff, 0xff, 0xff, 0xfc,

    /* U+0033 "3" */
    0x0, 0x5c, 0xfe, 0xa1, 0x0, 0x7f, 0xb6, 0x8f,
    0xd0, 0xc, 0x90, 0x0, 0x6f, 0x30, 0x0, 0x0,
    0x6, 0xf3, 0x0, 0x0, 0x15, 0xec, 0x0, 0x0,
    0x7f, 0xfe, 0x20, 0x0, 0x1, 0x47, 0xdf, 0x20,
    0x0, 0x0, 0x1, 0xfa, 0x1, 0x0, 0x0, 0xe,
    0xb0, 0xf7, 0x0, 0x2, 0xf9, 0x8, 0xfb, 0x67,
    0xef, 0x20, 0x6, 0xcf, 0xea, 0x20,

    /* U+0034 "4" */
    0x0, 0x0, 0x1e, 0xa0, 0x0, 0x0, 0x0, 0x8f,
    0x20, 0x0, 0x0, 0x2, 0xf8, 0x0, 0x0, 0x0,
    0xb, 0xe0, 0x0, 0x0, 0x0, 0x4f, 0x50, 0x75,
    0x0, 0x0, 0xdc, 0x0, 0xda, 0x0, 0x6, 0xf3,
    0x0, 0xda, 0x0, 0xe, 0xa0, 0x0, 0xda, 0x0,
    0x5f, 0xff, 0xff, 0xff, 0xf7, 0x13, 0x33, 0x33,
    0xeb, 0x31, 0x0, 0x0, 0x0, 0xda, 0x0, 0x0,
    0x0, 0x0, 0xda, 0x0,

    /* U+0035 "5" */
    0xc, 0xff, 0xff, 0xf2, 0xe, 0xb5, 0x55, 0x50,
    0x1f, 0x60, 0x0, 0x0, 0x3f, 0x40, 0x0, 0x0,
    0x5f, 0xdf, 0xfb, 0x20, 0x7f, 0x94, 0x6e, 0xe1,
    0x25, 0x0, 0x4, 0xf7, 0x0, 0x0, 0x0, 0xfa,
    0x0, 0x0, 0x0, 0xfa, 0x8b, 0x0, 0x4, 0xf6,
    0x5f, 0xb6, 0x8f, 0xc0, 0x5, 0xcf, 0xe9, 0x0,

    /* U+0036 "6" */
    0x0, 0x0, 0x1e, 0xb0, 0x0, 0x0, 0x9, 0xe1,
    0x0, 0x0, 0x4, 0xf3, 0x0, 0x0, 0x0, 0xd7,
    0x0, 0x0, 0x0, 0x8f, 0xff, 0xd4, 0x0, 0x2f,
    0xc5, 0x6d, 0xf3, 0xa, 0xe0, 0x0, 0x1f, 0xb0,
    0xf9, 0x0, 0x0, 0xbf, 0xf, 0xa0, 0x0, 0xb,
    0xe0, 0xde, 0x0, 0x1, 0xfa, 0x4, 0xfd, 0x77,
    0xef, 0x20, 0x4, 0xbf, 0xfa, 0x20,

    /* U+0037 "7" */
    0xf, 0xff, 0xff, 0xff, 0xb0, 0x55, 0x55, 0x56,
    0xf7, 0x0, 0x0, 0x0, 0x8f, 0x10, 0x0, 0x0,
    0xe, 0x90, 0x0, 0x0, 0x6, 0xf3, 0x0, 0x0,
    0x0, 0xdc, 0x0, 0x0, 0x0, 0x4f, 0x50, 0x0,
    0x0, 0xa, 0xe0, 0x0, 0x0, 0x2, 0xf8, 0x0,
    0x0, 0x0, 0x8f, 0x10, 0x0, 0x0, 0xe, 0xa0,
    0x0, 0x0, 0x6, 0xf4, 0x0, 0x0,

    /* U+0038 "8" */
    0x0, 0x4c, 0xfe, 0xa1, 0x0, 0x4f, 0xc6, 0x7e,
    0xd0, 0xa, 0xf0, 0x0, 0x4f, 0x50, 0xbe, 0x0,
    0x2, 0xf5, 0x4, 0xf8, 0x23, 0xce, 0x0, 0x7,
    0xff, 0xff, 0x30, 0x6, 0xfa, 0x56, 0xce, 0x20,
    0xfb, 0x0, 0x0, 0xea, 0x2f, 0x70, 0x0, 0xc,
    0xd0, 0xfb, 0x0, 0x1, 0xeb, 0x8, 0xfb, 0x67,
    0xdf, 0x30, 0x6, 0xcf, 0xeb, 0x30,

    /* U+0039 "9" */
    0x0, 0x5c, 0xfe, 0xa1, 0x0, 0x7f, 0xb6, 0x8e,
    0xe1, 0x1f, 0xb0, 0x0, 0x2f, 0x83, 0xf6, 0x0,
    0x0, 0xeb, 0x2f, 0x80, 0x0, 0x1f, 0xb0, 0xbf,
    0x62, 0x3b, 0xf6, 0x1, 0xbf, 0xff, 0xfd, 0x0,
    0x0, 0x24, 0xaf, 0x40, 0x0, 0x0, 0x3f, 0xa0,
    0x0, 0x0, 0xc, 0xe1, 0x0, 0x0, 0x6, 0xf5,
    0x0, 0x0, 0x1, 0xeb, 0x0, 0x0,

    /* U+003A ":" */
    0x9d, 0x8, 0xd0, 0x0, 0x0, 0x0, 0x0, 0x0,
    0x0, 0x0, 0x8, 0xd0, 0x9d, 0x0,

    /* U+003B ";" */
    0x6e, 0x26, 0xe2, 0x0, 0x0, 0x0, 0x0, 0x0,
    0x0, 0x0, 0x7, 0xd1, 0x7f, 0x50, 0xb3, 0x7a,
    0x3, 0x0,

    /* U+003C "<" */
    0x0, 0x0, 0x0, 0x0, 0x0, 0x0, 0x0, 0x2,
    0x8c, 0x0, 0x0, 0x4b, 0xfe, 0x60, 0x6, 0xdf,
    0xc5, 0x0, 0x1f, 0xf9, 0x20, 0x0, 0x1, 0xbf,
    0xd6, 0x0, 0x0, 0x0, 0x29, 0xff, 0x92, 0x0,
    0x0, 0x0, 0x6d, 0xfa, 0x0, 0x0, 0x0, 0x4,
    0x80,

    /* U+003D "=" */
    0x2f, 0xff, 0xff, 0xff, 0xd0, 0x44, 0x44, 0x44,
    0x43, 0x0, 0x0, 0x0, 0x0, 0x0, 0x0, 0x0,
    0x0, 0x0, 0x2f, 0xff, 0xff, 0xff, 0xd0, 0x33,
    0x33, 0x33, 0x33,

    /* U+003E ">" */
    0x0, 0x0, 0x0, 0x0, 0x2, 0xd6, 0x0, 0x0,
    0x0, 0x9, 0xff, 0x82, 0x0, 0x0, 0x1, 0x7d,
    0xfb, 0x40, 0x0, 0x0, 0x4, 0xcf, 0xb0, 0x0,
    0x2, 0x8f, 0xf8, 0x0, 0x4b, 0xfd, 0x71, 0x1,
    0xdf, 0xb4, 0x0, 0x0, 0x19, 0x20, 0x0, 0x0,
    0x0,

    /* U+003F "?" */
    0x0, 0x0, 0x0, 0x0, 0x0, 0x6, 0xdf, 0xfb,
    0x10, 0x7, 0xf9, 0x57, 0xfc, 0x0, 0xb8, 0x0,
    0x8, 0xf1, 0x0, 0x0, 0x0, 0x9f, 0x10, 0x0,
    0x0, 0x4f, 0x80, 0x0, 0x0, 0x4f, 0x80, 0x0,
    0x0, 0x1e, 0x90, 0x0, 0x0, 0x5, 0xf0, 0x0,
    0x0, 0x0, 0x5e, 0x0, 0x0, 0x0, 0x1, 0x50,
    0x0, 0x0, 0x0, 0x0, 0x0, 0x0, 0x0, 0x3,
    0xe4, 0x0, 0x0, 0x0, 0x3f, 0x50, 0x0,

    /* U+0040 "@" */
    0x0, 0x0, 0x0, 0x0, 0x0, 0x0, 0x0, 0x0,
    0x0, 0x0, 0x6, 0xce, 0xfe, 0xc7, 0x10, 0x0,
    0x0, 0x4, 0xee, 0x85, 0x35, 0x8e, 0xe4, 0x0,
    0x0, 0x4f, 0x90, 0x0, 0x0, 0x0, 0x9f, 0x30,
    0x1, 0xe9, 0x0, 0x0, 0x0, 0x1, 0xa, 0xe0,
    0x7, 0xe0, 0x0, 0x9f, 0xfb, 0x6f, 0x1, 0xf5,
    0xd, 0x80, 0xa, 0xf7, 0x5b, 0xff, 0x0, 0xba,
    0xf, 0x40, 0x2f, 0x60, 0x0, 0xcf, 0x0, 0x8c,
    0x1f, 0x30, 0x5f, 0x20, 0x0, 0x8f, 0x0, 0x6e,
    0xf, 0x40, 0x5f, 0x20, 0x0, 0x7f, 0x0, 0x7d,
    0xe, 0x70, 0x3f, 0x50, 0x0, 0xbf, 0x0, 0x9b,
    0x9, 0xc0, 0xc, 0xd3, 0x17, 0xef, 0x53, 0xe5,
    0x2, 0xf6, 0x1, 0xcf, 0xfd, 0x2a, 0xff, 0xb0,
    0x0, 0x7f, 0x60, 0x2, 0x20, 0x0, 0x22, 0x0,
    0x0, 0x7, 0xfb, 0x52, 0x12, 0x4a, 0x30, 0x0,
    0x0, 0x0, 0x3a, 0xff, 0xff, 0xf9, 0x10, 0x0,
    0x0, 0x0, 0x0, 0x1, 0x32, 0x0, 0x0, 0x0,

    /* U+0041 "A" */
    0x0, 0x0, 0x4f, 0x60, 0x0, 0x0, 0x0, 0x0,
    0xbf, 0xc0, 0x0, 0x0, 0x0, 0x1, 0xf7, 0xf3,
    0x0, 0x0, 0x0, 0x8, 0xd0, 0xda, 0x0, 0x0,
    0x0, 0xe, 0x60, 0x6f, 0x10, 0x0, 0x0, 0x4f,
    0x10, 0xf, 0x70, 0x0, 0x0, 0xba, 0x11, 0x1a,
    0xd0, 0x0, 0x1, 0xff, 0xff, 0xff, 0xf4, 0x0,
    0x7, 0xd4, 0x44, 0x44, 0xdb, 0x0, 0xe, 0x80,
    0x0, 0x0, 0x7f, 0x20, 0x4f, 0x20, 0x0, 0x0,
    0x1f, 0x80, 0xad, 0x0, 0x0, 0x0, 0xb, 0xe0,

    /* U+0042 "B" */
    0x8f, 0xff, 0xfe, 0xa2, 0x0, 0x8f, 0x55, 0x68,
    0xef, 0x20, 0x8f, 0x0, 0x0, 0x2f, 0x90, 0x8f,
    0x0, 0x0, 0xf, 0xa0, 0x8f, 0x0, 0x13, 0xbf,
    0x40, 0x8f, 0xff, 0xff, 0xf9, 0x0, 0x8f, 0x33,
    0x35, 0x9f, 0xb0, 0x8f, 0x0, 0x0, 0x7, 0xf4,
    0x8f, 0x0, 0x0, 0x3, 0xf6, 0x8f, 0x0, 0x0,
    0x7, 0xf4, 0x8f, 0x55, 0x56, 0xaf, 0xc0, 0x8f,
    0xff, 0xff, 0xd8, 0x0,

    /* U+0043 "C" */
    0x0, 0x2, 0x9d, 0xfe, 0x91, 0x0, 0x5, 0xfe,
    0x86, 0x8e, 0xe1, 0x2, 0xfb, 0x0, 0x0, 0x1e,
    0x60, 0xaf, 0x10, 0x0, 0x0, 0x0, 0xf, 0xa0,
    0x0, 0x0, 0x0, 0x1, 0xf8, 0x0, 0x0, 0x0,
    0x0, 0x1f, 0x80, 0x0, 0x0, 0x0, 0x0, 0xfa,
    0x0, 0x0, 0x0, 0x0, 0xa, 0xf1, 0x0, 0x0,
    0x0, 0x0, 0x2f, 0xb0, 0x0, 0x1, 0xd6, 0x0,
    0x4f, 0xe8, 0x68, 0xee, 0x10, 0x0, 0x29, 0xdf,
    0xe9, 0x10,

    /* U+0044 "D" */
    0x8f, 0xff, 0xed, 0x81, 0x0, 0x8, 0xf5, 0x56,
    0x9e, 0xf5, 0x0, 0x8f, 0x0, 0x0, 0x1b, 0xf3,
    0x8, 0xf0, 0x0, 0x0, 0xe, 0xb0, 0x8f, 0x0,
    0x0, 0x0, 0x8f, 0x18, 0xf0, 0x0, 0x0, 0x5,
    0xf3, 0x8f, 0x0, 0x0, 0x0, 0x5f, 0x38, 0xf0,
    0x0, 0x0, 0x8, 0xf1, 0x8f, 0x0, 0x0, 0x0,
    0xeb, 0x8, 0xf0, 0x0, 0x0, 0xbf, 0x30, 0x8f,
    0x55, 0x69, 0xef, 0x50, 0x8, 0xff, 0xff, 0xd8,
    0x10, 0x0,

    /* U+0045 "E" */
    0x8f, 0xff, 0xff, 0xff, 0x18, 0xf5, 0x55, 0x55,
    0x50, 0x8f, 0x0, 0x0, 0x0, 0x8, 0xf0, 0x0,
    0x0, 0x0, 0x8f, 0x11, 0x11, 0x10, 0x8, 0xff,
    0xff, 0xff, 0x70, 0x8f, 0x44, 0x44, 0x41, 0x8,
    0xf0, 0x0, 0x0, 0x0, 0x8f, 0x0, 0x0, 0x0,
    0x8, 0xf0, 0x0, 0x0, 0x0, 0x8f, 0x55, 0x55,
    0x55, 0x18, 0xff, 0xff, 0xff, 0xf4,

    /* U+0046 "F" */
    0x8f, 0xff, 0xff, 0xff, 0x18, 0xf5, 0x55, 0x55,
    0x50, 0x8f, 0x0, 0x0, 0x0, 0x8, 0xf0, 0x0,
    0x0, 0x0, 0x8f, 0x11, 0x11, 0x10, 0x8, 0xff,
    0xff, 0xff, 0x70, 0x8f, 0x44, 0x44, 0x41, 0x8,
    0xf0, 0x0, 0x0, 0x0, 0x8f, 0x0, 0x0, 0x0,
    0x8, 0xf0, 0x0, 0x0, 0x0, 0x8f, 0x0, 0x0,
    0x0, 0x8, 0xf0, 0x0, 0x0, 0x0,

    /* U+0047 "G" */
    0x0, 0x1, 0x8d, 0xfe, 0xb5, 0x0, 0x0, 0x4e,
    0xe9, 0x67, 0xbf, 0x80, 0x2, 0xfc, 0x10, 0x0,
    0x5, 0x50, 0xa, 0xf1, 0x0, 0x0, 0x0, 0x0,
    0xf, 0xa0, 0x0, 0x1, 0x11, 0x10, 0x1f, 0x80,
    0x0, 0xf, 0xff, 0xf1, 0x1f, 0x80, 0x0, 0x4,
    0x49, 0xf1, 0xf, 0xa0, 0x0, 0x0, 0x6, 0xf1,
    0xa, 0xf2, 0x0, 0x0, 0x6, 0xf1, 0x2, 0xfc,
    0x10, 0x0, 0x8, 0xf1, 0x0, 0x4e, 0xf9, 0x76,
    0xbf, 0xb0, 0x0, 0x1, 0x8d, 0xff, 0xc6, 0x0,

    /* U+0048 "H" */
    0x8f, 0x0, 0x0, 0x0, 0x5f, 0x38, 0xf0, 0x0,
    0x0, 0x5, 0xf3, 0x8f, 0x0, 0x0, 0x0, 0x5f,
    0x38, 0xf0, 0x0, 0x0, 0x5, 0xf3, 0x8f, 0x11,
    0x11, 0x11, 0x6f, 0x38, 0xff, 0xff, 0xff, 0xff,
    0xf3, 0x8f, 0x44, 0x44, 0x44, 0x8f, 0x38, 0xf0,
    0x0, 0x0, 0x5, 0xf3, 0x8f, 0x0, 0x0, 0x0,
    0x5f, 0x38, 0xf0, 0x0, 0x0, 0x5, 0xf3, 0x8f,
    0x0, 0x0, 0x0, 0x5f, 0x38, 0xf0, 0x0, 0x0,
    0x5, 0xf3,

    /* U+0049 "I" */
    0x8f, 0x8f, 0x8f, 0x8f, 0x8f, 0x8f, 0x8f, 0x8f,
    0x8f, 0x8f, 0x8f, 0x8f,

    /* U+004A "J" */
    0x0, 0x0, 0x1f, 0x60, 0x0, 0x1, 0xf6, 0x0,
    0x0, 0x1f, 0x60, 0x0, 0x1, 0xf6, 0x0, 0x0,
    0x1f, 0x60, 0x0, 0x1, 0xf6, 0x0, 0x0, 0x1f,
    0x60, 0x0, 0x1, 0xf6, 0x0, 0x0, 0x2f, 0x66,
    0x40, 0x5, 0xf4, 0xbe, 0x77, 0xed, 0x1, 0xae,
    0xea, 0x10,

    /* U+004B "K" */
    0x8f, 0x0, 0x0, 0x6, 0xf8, 0x8, 0xf0, 0x0,
    0x5, 0xf9, 0x0, 0x8f, 0x0, 0x5, 0xf9, 0x0,
    0x8, 0xf0, 0x4, 0xf9, 0x0, 0x0, 0x8f, 0x4,
    0xf9, 0x0, 0x0, 0x8, 0xf3, 0xff, 0x40, 0x0,
    0x0, 0x8f, 0xfa, 0xcf, 0x20, 0x0, 0x8, 0xfa,
    0x1, 0xed, 0x0, 0x0, 0x8f, 0x0, 0x4, 0xfa,
    0x0, 0x8, 0xf0, 0x0, 0x7, 0xf7, 0x0, 0x8f,
    0x0, 0x0, 0xa, 0xf4, 0x8, 0xf0, 0x0, 0x0,
    0xd, 0xe2,

    /* U+004C "L" */
    0x8f, 0x0, 0x0, 0x0, 0x8, 0xf0, 0x0, 0x0,
    0x0, 0x8f, 0x0, 0x0, 0x0, 0x8, 0xf0, 0x0,
    0x0, 0x0, 0x8f, 0x0, 0x0, 0x0, 0x8, 0xf0,
    0x0, 0x0, 0x0, 0x8f, 0x0, 0x0, 0x0, 0x8,
    0xf0, 0x0, 0x0, 0x0, 0x8f, 0x0, 0x0, 0x0,
    0x8, 0xf0, 0x0, 0x0, 0x0, 0x8f, 0x55, 0x55,
    0x55, 0x8, 0xff, 0xff, 0xff, 0xf2,

    /* U+004D "M" */
    0x8f, 0x20, 0x0, 0x0, 0x0, 0x5f, 0x38, 0xfc,
    0x0, 0x0, 0x0, 0x1e, 0xf3, 0x8f, 0xf6, 0x0,
    0x0, 0xa, 0xff, 0x38, 0xfa, 0xf1, 0x0, 0x4,
    0xf9, 0xf3, 0x8f, 0x1e, 0xb0, 0x0, 0xda, 0x4f,
    0x38, 0xf0, 0x5f, 0x50, 0x8e, 0x14, 0xf3, 0x8f,
    0x0, 0xae, 0x4f, 0x50, 0x4f, 0x38, 0xf0, 0x1,
    0xef, 0xb0, 0x4, 0xf3, 0x8f, 0x0, 0x5, 0xd1,
    0x0, 0x4f, 0x38, 0xf0, 0x0, 0x0, 0x0, 0x4,
    0xf3, 0x8f, 0x0, 0x0, 0x0, 0x0, 0x4f, 0x38,
    0xf0, 0x0, 0x0, 0x0, 0x4, 0xf3,

    /* U+004E "N" */
    0x8f, 0x20, 0x0, 0x0, 0x5f, 0x18, 0xfd, 0x0,
    0x0, 0x5, 0xf1, 0x8f, 0xf9, 0x0, 0x0, 0x5f,
    0x18, 0xe6, 0xf5, 0x0, 0x5, 0xf1, 0x8e, 0xb,
    0xf2, 0x0, 0x5f, 0x18, 0xe0, 0x1e, 0xc0, 0x5,
    0xf1, 0x8e, 0x0, 0x3f, 0x80, 0x5f, 0x18, 0xe0,
    0x0, 0x7f, 0x45, 0xf1, 0x8e, 0x0, 0x0, 0xbe,
    0x6f, 0x18, 0xe0, 0x0, 0x1, 0xef, 0xf1, 0x8e,
    0x0, 0x0, 0x4, 0xff, 0x18, 0xe0, 0x0, 0x0,
    0x8, 0xf1,

    /* U+004F "O" */
    0x0, 0x2, 0xae, 0xfd, 0x92, 0x0, 0x0, 0x5,
    0xfd, 0x86, 0x8e, 0xf5, 0x0, 0x3, 0xfb, 0x0,
    0x0, 0xb, 0xf2, 0x0, 0xaf, 0x10, 0x0, 0x0,
    0x1f, 0x90, 0xf, 0xa0, 0x0, 0x0, 0x0, 0xbe,
    0x1, 0xf7, 0x0, 0x0, 0x0, 0x8, 0xf0, 0x1f,
    0x80, 0x0, 0x0, 0x0, 0x8f, 0x0, 0xfa, 0x0,
    0x0, 0x0, 0xb, 0xe0, 0xa, 0xf1, 0x0, 0x0,
    0x1, 0xf9, 0x0, 0x3f, 0xb0, 0x0, 0x0, 0xcf,
    0x20, 0x0, 0x6f, 0xe8, 0x68, 0xef, 0x50, 0x0,
    0x0, 0x3a, 0xef, 0xe9, 0x20, 0x0,

    /* U+0050 "P" */
    0x8f, 0xff, 0xfd, 0x80, 0x8, 0xf5, 0x56, 0x9f,
    0xd0, 0x8f, 0x0, 0x0, 0x4f, 0x78, 0xf0, 0x0,
    0x0, 0xfa, 0x8f, 0x0, 0x0, 0x2f, 0x88, 0xf1,
    0x11, 0x4d, 0xf2, 0x8f, 0xff, 0xff, 0xc3, 0x8,
    0xf4, 0x43, 0x10, 0x0, 0x8f, 0x0, 0x0, 0x0,
    0x8, 0xf0, 0x0, 0x0, 0x0, 0x8f, 0x0, 0x0,
    0x0, 0x8, 0xf0, 0x0, 0x0, 0x0,

    /* U+0051 "Q" */
    0x0, 0x2, 0xae, 0xfe, 0x92, 0x0, 0x0, 0x0,
    0x5f, 0xd8, 0x68, 0xef, 0x50, 0x0, 0x3, 0xfb,
    0x0, 0x0, 0xb, 0xf2, 0x0, 0xa, 0xf1, 0x0,
    0x0, 0x1, 0xfa, 0x0, 0xf, 0xa0, 0x0, 0x0,
    0x0, 0xbe, 0x0, 0x1f, 0x70, 0x0, 0x0, 0x0,
    0x8f, 0x0, 0x1f, 0x80, 0x0, 0x0, 0x0, 0x8f,
    0x0, 0xf, 0xa0, 0x0, 0x0, 0x0, 0xbe, 0x0,
    0xa, 0xf1, 0x0, 0x0, 0x1, 0xf9, 0x0, 0x3,
    0xfb, 0x0, 0x0, 0xc, 0xf2, 0x0, 0x0, 0x6f,
    0xe8, 0x68, 0xef, 0x40, 0x0, 0x0, 0x3, 0xae,
    0xff, 0xf8, 0x0, 0x0, 0x0, 0x0, 0x0, 0x0,
    0xaf, 0x90, 0x0, 0x0, 0x0, 0x0, 0x0, 0x7,
    0xfc, 0x10, 0x0, 0x0, 0x0, 0x0, 0x0, 0x48,
    0x60,

    /* U+0052 "R" */
    0x8f, 0xff, 0xfd, 0x80, 0x0, 0x8f, 0x55, 0x69,
    0xfd, 0x0, 0x8f, 0x0, 0x0, 0x4f, 0x70, 0x8f,
    0x0, 0x0, 0xf, 0xa0, 0x8f, 0x0, 0x0, 0x2f,
    0x80, 0x8f, 0x11, 0x14, 0xdf, 0x20, 0x8f, 0xff,
    0xff, 0xc3, 0x0, 0x8f, 0x44, 0x7f, 0x70, 0x0,
    0x8f, 0x0, 0x9, 0xf3, 0x0, 0x8f, 0x0, 0x0,
    0xce, 0x10, 0x8f, 0x0, 0x0, 0x2f, 0xb0, 0x8f,
    0x0, 0x0, 0x5, 0xf8,

    /* U+0053 "S" */
    0x0, 0x6c, 0xff, 0xc5, 0x0, 0x9, 0xfb, 0x66,
    0xbf, 0x70, 0x1f, 0x90, 0x0, 0x9, 0xc0, 0x2f,
    0x70, 0x0, 0x0, 0x0, 0xc, 0xf7, 0x0, 0x0,
    0x0, 0x1, 0x9f, 0xfb, 0x61, 0x0, 0x0, 0x0,
    0x49, 0xef, 0x50, 0x0, 0x0, 0x0, 0x1c, 0xf1,
    0x15, 0x0, 0x0, 0x5, 0xf4, 0x7f, 0x50, 0x0,
    0x8, 0xf2, 0xb, 0xfb, 0x76, 0xaf, 0xa0, 0x0,
    0x6c, 0xef, 0xd7, 0x0,

    /* U+0054 "T" */
    0xcf, 0xff, 0xff, 0xff, 0xf7, 0x45, 0x55, 0xfb,
    0x55, 0x52, 0x0, 0x0, 0xf9, 0x0, 0x0, 0x0,
    0x0, 0xf9, 0x0, 0x0, 0x0, 0x0, 0xf9, 0x0,
    0x0, 0x0, 0x0, 0xf9, 0x0, 0x0, 0x0, 0x0,
    0xf9, 0x0, 0x0, 0x0, 0x0, 0xf9, 0x0, 0x0,
    0x0, 0x0, 0xf9, 0x0, 0x0, 0x0, 0x0, 0xf9,
    0x0, 0x0, 0x0, 0x0, 0xf9, 0x0, 0x0, 0x0,
    0x0, 0xf9, 0x0, 0x0,

    /* U+0055 "U" */
    0xae, 0x0, 0x0, 0x0, 0x7f, 0x1a, 0xe0, 0x0,
    0x0, 0x7, 0xf1, 0xae, 0x0, 0x0, 0x0, 0x7f,
    0x1a, 0xe0, 0x0, 0x0, 0x7, 0xf1, 0xae, 0x0,
    0x0, 0x0, 0x7f, 0x1a, 0xe0, 0x0, 0x0, 0x7,
    0xf1, 0xae, 0x0, 0x0, 0x0, 0x7f, 0x19, 0xf0,
    0x0, 0x0, 0x8, 0xf0, 0x7f, 0x20, 0x0, 0x0,
    0xbe, 0x2, 0xfb, 0x0, 0x0, 0x4f, 0x80, 0x7,
    0xfd, 0x87, 0xaf, 0xd0, 0x0, 0x5, 0xcf, 0xfd,
    0x80, 0x0,

    /* U+0056 "V" */
    0xaf, 0x0, 0x0, 0x0, 0xa, 0xd0, 0x4f, 0x60,
    0x0, 0x0, 0x1f, 0x70, 0xd, 0xc0, 0x0, 0x0,
    0x6f, 0x10, 0x7, 0xf2, 0x0, 0x0, 0xca, 0x0,
    0x1, 0xf9, 0x0, 0x2, 0xf4, 0x0, 0x0, 0x9e,
    0x0, 0x8, 0xe0, 0x0, 0x0, 0x3f, 0x50, 0xe,
    0x80, 0x0, 0x0, 0xc, 0xc0, 0x4f, 0x10, 0x0,
    0x0, 0x6, 0xf2, 0xab, 0x0, 0x0, 0x0, 0x0,
    0xe9, 0xf5, 0x0, 0x0, 0x0, 0x0, 0x8f, 0xe0,
    0x0, 0x0, 0x0, 0x0, 0x2f, 0x80, 0x0, 0x0,

    /* U+0057 "W" */
    0xae, 0x0, 0x0, 0x7, 0xf1, 0x0, 0x0, 0x5f,
    0x15, 0xf3, 0x0, 0x0, 0xcf, 0x60, 0x0, 0xa,
    0xc0, 0xf, 0x80, 0x0, 0x1f, 0xfb, 0x0, 0x0,
    0xe7, 0x0, 0xbd, 0x0, 0x6, 0xf8, 0xf0, 0x0,
    0x3f, 0x20, 0x5, 0xf2, 0x0, 0xaa, 0x2f, 0x50,
    0x8, 0xd0, 0x0, 0xf, 0x80, 0xf, 0x50, 0xda,
    0x0, 0xc8, 0x0, 0x0, 0xbd, 0x4, 0xf1, 0x8,
    0xf0, 0x1f, 0x30, 0x0, 0x5, 0xf2, 0x9b, 0x0,
    0x2f, 0x56, 0xe0, 0x0, 0x0, 0xf, 0x7d, 0x60,
    0x0, 0xda, 0xb9, 0x0, 0x0, 0x0, 0xbe, 0xf1,
    0x0, 0x8, 0xef, 0x40, 0x0, 0x0, 0x5, 0xfc,
    0x0, 0x0, 0x2f, 0xf0, 0x0, 0x0, 0x0, 0x1f,
    0x70, 0x0, 0x0, 0xda, 0x0, 0x0,

    /* U+0058 "X" */
    0x4f, 0x80, 0x0, 0x0, 0x4f, 0x70, 0x9f, 0x40,
    0x0, 0x1e, 0xb0, 0x0, 0xce, 0x10, 0xb, 0xe1,
    0x0, 0x2, 0xfb, 0x6, 0xf4, 0x0, 0x0, 0x5,
    0xf9, 0xf8, 0x0, 0x0, 0x0, 0x9, 0xfc, 0x0,
    0x0, 0x0, 0x0, 0xbf, 0xd0, 0x0, 0x0, 0x0,
    0x7f, 0x7f, 0xa0, 0x0, 0x0, 0x3f, 0x80, 0x7f,
    0x50, 0x0, 0x1d, 0xc0, 0x0, 0xbf, 0x20, 0xa,
    0xe1, 0x0, 0x1, 0xed, 0x6, 0xf5, 0x0, 0x0,
    0x4, 0xf9,

    /* U+0059 "Y" */
    0x8f, 0x30, 0x0, 0x0, 0x9f, 0x10, 0xdd, 0x0,
    0x0, 0x2f, 0x60, 0x4, 0xf7, 0x0, 0xb, 0xc0,
    0x0, 0x9, 0xf2, 0x5, 0xf3, 0x0, 0x0, 0x1e,
    0xb0, 0xe9, 0x0, 0x0, 0x0, 0x5f, 0xce, 0x10,
    0x0, 0x0, 0x0, 0xaf, 0x50, 0x0, 0x0, 0x0,
    0x6, 0xf1, 0x0, 0x0, 0x0, 0x0, 0x6f, 0x10,
    0x0, 0x0, 0x0, 0x6, 0xf1, 0x0, 0x0, 0x0,
    0x0, 0x6f, 0x10, 0x0, 0x0, 0x0, 0x6, 0xf1,
    0x0, 0x0,

    /* U+005A "Z" */
    0x1f, 0xff, 0xff, 0xff, 0xf2, 0x5, 0x55, 0x55,
    0x6f, 0xa0, 0x0, 0x0, 0x0, 0xae, 0x10, 0x0,
    0x0, 0x5, 0xf5, 0x0, 0x0, 0x0, 0x1e, 0xa0,
    0x0, 0x0, 0x0, 0xbe, 0x10, 0x0, 0x0, 0x6,
    0xf4, 0x0, 0x0, 0x0, 0x1f, 0xa0, 0x0, 0x0,
    0x0, 0xbe, 0x10, 0x0, 0x0, 0x6, 0xf4, 0x0,
    0x0, 0x0, 0x1f, 0xd5, 0x55, 0x55, 0x52, 0x8f,
    0xff, 0xff, 0xff, 0xf6,

    /* U+005B "[" */
    0x1, 0x11, 0x8, 0xff, 0xf8, 0x8f, 0x44, 0x28,
    0xe0, 0x0, 0x8e, 0x0, 0x8, 0xe0, 0x0, 0x8e,
    0x0, 0x8, 0xe0, 0x0, 0x8e, 0x0, 0x8, 0xe0,
    0x0, 0x8e, 0x0, 0x8, 0xe0, 0x0, 0x8e, 0x0,
    0x8, 0xe0, 0x0, 0x8e, 0x11, 0x8, 0xff, 0xf8,
    0x24, 0x44, 0x20,

    /* U+005C "\\" */
    0x8e, 0x0, 0x0, 0x2, 0xf4, 0x0, 0x0, 0xc,
    0xa0, 0x0, 0x0, 0x6f, 0x10, 0x0, 0x0, 0xf7,
    0x0, 0x0, 0x9, 0xd0, 0x0, 0x0, 0x3f, 0x30,
    0x0, 0x0, 0xda, 0x0, 0x0, 0x7, 0xf0, 0x0,
    0x0, 0x1f, 0x60, 0x0, 0x0, 0xac, 0x0, 0x0,
    0x4, 0xf2,

    /* U+005D "]" */
    0x1, 0x11, 0xa, 0xff, 0xf5, 0x24, 0x4f, 0x50,
    0x1, 0xf5, 0x0, 0x1f, 0x50, 0x1, 0xf5, 0x0,
    0x1f, 0x50, 0x1, 0xf5, 0x0, 0x1f, 0x50, 0x1,
    0xf5, 0x0, 0x1f, 0x50, 0x1, 0xf5, 0x0, 0x1f,
    0x50, 0x1, 0xf5, 0x1, 0x2f, 0x5a, 0xff, 0xf5,
    0x24, 0x44, 0x10,

    /* U+005E "^" */
    0x0, 0x6, 0x60, 0x0, 0x0, 0x1f, 0xf1, 0x0,
    0x0, 0x8e, 0xe8, 0x0, 0x0, 0xe8, 0x7e, 0x0,
    0x6, 0xf1, 0x1f, 0x60, 0xd, 0xa0, 0x9, 0xd0,
    0x4f, 0x30, 0x2, 0xf4,

    /* U+005F "_" */
    0x0, 0x0, 0x0, 0x0, 0xff, 0xff, 0xff, 0xf0,
    0x33, 0x33, 0x33, 0x30,

    /* U+0060 "`" */
    0x56, 0x0, 0x3f, 0x30, 0x8, 0xc0,

    /* U+0061 "a" */
    0x0, 0x4c, 0xfd, 0x80, 0x0, 0x5f, 0x95, 0x8f,
    0x80, 0x4, 0x70, 0x0, 0xaf, 0x0, 0x0, 0x0,
    0x6, 0xf1, 0x1, 0x8d, 0xfe, 0xdf, 0x10, 0xce,
    0x63, 0x49, 0xf1, 0x1f, 0x70, 0x0, 0x7f, 0x10,
    0xdc, 0x21, 0x5e, 0xf1, 0x2, 0xbf, 0xfc, 0x6f,
    0x10,

    /* U+0062 "b" */
    0xbc, 0x0, 0x0, 0x0, 0xb, 0xc0, 0x0, 0x0,
    0x0, 0xbc, 0x0, 0x0, 0x0, 0xb, 0xc0, 0x0,
    0x0, 0x0, 0xbc, 0x3c, 0xfd, 0x60, 0xb, 0xef,
    0x96, 0xaf, 0x80, 0xbf, 0x50, 0x0, 0x8f, 0x1b,
    0xe0, 0x0, 0x2, 0xf6, 0xbc, 0x0, 0x0, 0xf,
    0x7b, 0xe0, 0x0, 0x2, 0xf6, 0xbf, 0x40, 0x0,
    0x8f, 0x2b, 0xdf, 0x86, 0xaf, 0x80, 0xb9, 0x4c,
    0xfd, 0x70, 0x0,

    /* U+0063 "c" */
    0x0, 0x2a, 0xef, 0xb2, 0x0, 0x3f, 0xd7, 0x6d,
    0xd0, 0xc, 0xe0, 0x0, 0x13, 0x1, 0xf7, 0x0,
    0x0, 0x0, 0x2f, 0x50, 0x0, 0x0, 0x1, 0xf7,
    0x0, 0x0, 0x0, 0xc, 0xd0, 0x0, 0x13, 0x0,
    0x3f, 0xd7, 0x6d, 0xe0, 0x0, 0x2b, 0xef, 0xb2,
    0x0,

    /* U+0064 "d" */
    0x0, 0x0, 0x0, 0x7, 0xf0, 0x0, 0x0, 0x0,
    0x7, 0xf0, 0x0, 0x0, 0x0, 0x7, 0xf0, 0x0,
    0x0, 0x0, 0x7, 0xf0, 0x0, 0x3c, 0xfd, 0x77,
    0xf0, 0x3, 0xfd, 0x77, 0xed, 0xf0, 0xc, 0xd0,
    0x0, 0x1f, 0xf0, 0x1f, 0x70, 0x0, 0x9, 0xf0,
    0x2f, 0x50, 0x0, 0x7, 0xf0, 0x1f, 0x60, 0x0,
    0x9, 0xf0, 0xc, 0xc0, 0x0, 0xd, 0xf0, 0x4,
    0xfa, 0x34, 0xce, 0xf0, 0x0, 0x3c, 0xfe, 0x85,
    0xf0,

    /* U+0065 "e" */
    0x0, 0x2b, 0xfe, 0xa1, 0x0, 0x3f, 0xd6, 0x7e,
    0xd0, 0xc, 0xe0, 0x0, 0x3f, 0x61, 0xf8, 0x0,
    0x0, 0xea, 0x2f, 0xff, 0xff, 0xff, 0xb1, 0xf8,
    0x22, 0x22, 0x21, 0xc, 0xc0, 0x0, 0x2, 0x0,
    0x3f, 0xc6, 0x6b, 0xf2, 0x0, 0x3b, 0xef, 0xc4,
    0x0,

    /* U+0066 "f" */
    0x0, 0x0, 0x0, 0x0, 0x2, 0xcf, 0xf3, 0x0,
    0xcd, 0x56, 0x0, 0xf, 0x60, 0x0, 0x1, 0xf5,
    0x0, 0xa, 0xff, 0xff, 0x90, 0x25, 0xf7, 0x32,
    0x0, 0x2f, 0x50, 0x0, 0x2, 0xf5, 0x0, 0x0,
    0x2f, 0x50, 0x0, 0x2, 0xf5, 0x0, 0x0, 0x2f,
    0x50, 0x0, 0x2, 0xf5, 0x0, 0x0, 0x2f, 0x50,
    0x0,

    /* U+0067 "g" */
    0x0, 0x3c, 0xfd, 0x74, 0xf0, 0x3, 0xfc, 0x77,
    0xec, 0xf0, 0xc, 0xd0, 0x0, 0x1e, 0xf0, 0x1f,
    0x70, 0x0, 0x9, 0xf0, 0x2f, 0x50, 0x0, 0x7,
    0xf0, 0x1f, 0x70, 0x0, 0x9, 0xf0, 0xc, 0xd0,
    0x0, 0x1e, 0xf0, 0x3, 0xfc, 0x67, 0xee, 0xf0,
    0x0, 0x3c, 0xfe, 0x77, 0xf0, 0x0, 0x0, 0x0,
    0x8, 0xe0, 0x5, 0x70, 0x0, 0xe, 0xa0, 0x6,
    0xfa, 0x67, 0xdf, 0x20, 0x0, 0x5c, 0xff, 0xb2,
    0x0,

    /* U+0068 "h" */
    0xbc, 0x0, 0x0, 0x0, 0xbc, 0x0, 0x0, 0x0,
    0xbc, 0x0, 0x0, 0x0, 0xbc, 0x0, 0x0, 0x0,
    0xbc, 0x4c, 0xfd, 0x40, 0xbe, 0xe8, 0x6d, 0xf2,
    0xbf, 0x30, 0x1, 0xf8, 0xbd, 0x0, 0x0, 0xda,
    0xbc, 0x0, 0x0, 0xcb, 0xbc, 0x0, 0x0, 0xcb,
    0xbc, 0x0, 0x0, 0xcb, 0xbc, 0x0, 0x0, 0xcb,
    0xbc, 0x0, 0x0, 0xcb,

    /* U+0069 "i" */
    0xac, 0xa, 0xb0, 0x0, 0xb, 0xc0, 0xbc, 0xb,
    0xc0, 0xbc, 0xb, 0xc0, 0xbc, 0xb, 0xc0, 0xbc,
    0xb, 0xc0,

    /* U+006A "j" */
    0x0, 0x0, 0xbc, 0x0, 0x0, 0xab, 0x0, 0x0,
    0x0, 0x0, 0x0, 0xbc, 0x0, 0x0, 0xbc, 0x0,
    0x0, 0xbc, 0x0, 0x0, 0xbc, 0x0, 0x0, 0xbc,
    0x0, 0x0, 0xbc, 0x0, 0x0, 0xbc, 0x0, 0x0,
    0xbc, 0x0, 0x0, 0xbc, 0x0, 0x0, 0xbb, 0x0,
    0x0, 0xda, 0x6, 0x79, 0xf4, 0x9, 0xee, 0x70,

    /* U+006B "k" */
    0xbc, 0x0, 0x0, 0x0, 0xbc, 0x0, 0x0, 0x0,
    0xbc, 0x0, 0x0, 0x0, 0xbc, 0x0, 0x0, 0x0,
    0xbc, 0x0, 0xa, 0xf2, 0xbc, 0x0, 0x7f, 0x40,
    0xbc, 0x5, 0xf5, 0x0, 0xbc, 0x3f, 0x80, 0x0,
    0xbd, 0xef, 0xc0, 0x0, 0xbf, 0xb4, 0xf8, 0x0,
    0xbd, 0x0, 0x9f, 0x30, 0xbc, 0x0, 0xd, 0xd0,
    0xbc, 0x0, 0x3, 0xf9,

    /* U+006C "l" */
    0xbc, 0xbc, 0xbc, 0xbc, 0xbc, 0xbc, 0xbc, 0xbc,
    0xbc, 0xbc, 0xbc, 0xbc, 0xbc,

    /* U+006D "m" */
    0xb9, 0x7e, 0xfb, 0x13, 0xcf, 0xc2, 0xb, 0xfc,
    0x45, 0xfc, 0xd5, 0x4d, 0xd0, 0xbf, 0x10, 0x9,
    0xf5, 0x0, 0x4f, 0x3b, 0xc0, 0x0, 0x6f, 0x10,
    0x1, 0xf5, 0xbc, 0x0, 0x6, 0xf0, 0x0, 0x1f,
    0x5b, 0xc0, 0x0, 0x6f, 0x0, 0x1, 0xf5, 0xbc,
    0x0, 0x6, 0xf0, 0x0, 0x1f, 0x5b, 0xc0, 0x0,
    0x6f, 0x0, 0x1, 0xf5, 0xbc, 0x0, 0x6, 0xf0,
    0x0, 0x1f, 0x50,

    /* U+006E "n" */
    0xb9, 0x5d, 0xfd, 0x40, 0xbe, 0xd5, 0x3a, 0xf2,
    0xbf, 0x10, 0x0, 0xf8, 0xbc, 0x0, 0x0, 0xca,
    0xbc, 0x0, 0x0, 0xcb, 0xbc, 0x0, 0x0, 0xcb,
    0xbc, 0x0, 0x0, 0xcb, 0xbc, 0x0, 0x0, 0xcb,
    0xbc, 0x0, 0x0, 0xcb,

    /* U+006F "o" */
    0x0, 0x2a, 0xee, 0xb2, 0x0, 0x2, 0xfd, 0x76,
    0xdf, 0x30, 0xb, 0xd0, 0x0, 0xd, 0xc0, 0x1f,
    0x70, 0x0, 0x6, 0xf1, 0x2f, 0x50, 0x0, 0x4,
    0xf3, 0x1f, 0x70, 0x0, 0x6, 0xf1, 0xc, 0xd0,
    0x0, 0xd, 0xc0, 0x2, 0xfd, 0x76, 0xdf, 0x30,
    0x0, 0x2a, 0xef, 0xb2, 0x0,

    /* U+0070 "p" */
    0xb9, 0x5c, 0xfd, 0x60, 0xb, 0xee, 0x53, 0x7f,
    0x80, 0xbf, 0x30, 0x0, 0x7f, 0x1b, 0xd0, 0x0,
    0x1, 0xf6, 0xbc, 0x0, 0x0, 0xf, 0x7b, 0xe0,
    0x0, 0x2, 0xf6, 0xbf, 0x50, 0x0, 0x9f, 0x2b,
    0xee, 0x86, 0xaf, 0x80, 0xbc, 0x3c, 0xfd, 0x70,
    0xb, 0xc0, 0x0, 0x0, 0x0, 0xbc, 0x0, 0x0,
    0x0, 0xb, 0xc0, 0x0, 0x0, 0x0, 0xbc, 0x0,
    0x0, 0x0, 0x0,

    /* U+0071 "q" */
    0x0, 0x3c, 0xfd, 0x74, 0xf0, 0x3, 0xfc, 0x67,
    0xdc, 0xf0, 0xc, 0xd0, 0x0, 0x1e, 0xf0, 0x1f,
    0x70, 0x0, 0x9, 0xf0, 0x2f, 0x50, 0x0, 0x7,
    0xf0, 0x1f, 0x70, 0x0, 0x9, 0xf0, 0xc, 0xd0,
    0x0, 0x1e, 0xf0, 0x4, 0xfc, 0x67, 0xed, 0xf0,
    0x0, 0x3c, 0xfd, 0x77, 0xf0, 0x0, 0x0, 0x0,
    0x7, 0xf0, 0x0, 0x0, 0x0, 0x7, 0xf0, 0x0,
    0x0, 0x0, 0x7, 0xf0, 0x0, 0x0, 0x0, 0x7,
    0xf0,

    /* U+0072 "r" */
    0xb9, 0x7e, 0xf2, 0xbe, 0xd4, 0x30, 0xbf, 0x20,
    0x0, 0xbd, 0x0, 0x0, 0xbc, 0x0, 0x0, 0xbc,
    0x0, 0x0, 0xbc, 0x0, 0x0, 0xbc, 0x0, 0x0,
    0xbc, 0x0, 0x0,

    /* U+0073 "s" */
    0x2, 0xbf, 0xfb, 0x20, 0xe, 0xd6, 0x6d, 0xe0,
    0x2f, 0x50, 0x1, 0x30, 0xe, 0xe6, 0x10, 0x0,
    0x1, 0x9e, 0xfc, 0x40, 0x0, 0x0, 0x3c, 0xf1,
    0x28, 0x0, 0x4, 0xf3, 0x2f, 0xb5, 0x6d, 0xe0,
    0x3, 0xbf, 0xfb, 0x20,

    /* U+0074 "t" */
    0x2, 0x80, 0x0, 0x0, 0x5f, 0x10, 0x0, 0x5,
    0xf1, 0x0, 0xd, 0xff, 0xff, 0xa0, 0x38, 0xf5,
    0x42, 0x0, 0x5f, 0x10, 0x0, 0x5, 0xf1, 0x0,
    0x0, 0x5f, 0x10, 0x0, 0x5, 0xf1, 0x0, 0x0,
    0x4f, 0x30, 0x0, 0x1, 0xfc, 0x66, 0x0, 0x5,
    0xdf, 0xc0,

    /* U+0075 "u" */
    0xda, 0x0, 0x0, 0xe8, 0xda, 0x0, 0x0, 0xe8,
    0xda, 0x0, 0x0, 0xe8, 0xda, 0x0, 0x0, 0xe8,
    0xda, 0x0, 0x0, 0xe8, 0xca, 0x0, 0x0, 0xe8,
    0xad, 0x0, 0x3, 0xf8, 0x4f, 0x93, 0x5e, 0xe8,
    0x6, 0xdf, 0xc4, 0xc8,

    /* U+0076 "v" */
    0xaf, 0x0, 0x0, 0x1f, 0x63, 0xf6, 0x0, 0x7,
    0xf0, 0xc, 0xc0, 0x0, 0xd9, 0x0, 0x6f, 0x20,
    0x2f, 0x30, 0x0, 0xf8, 0x8, 0xc0, 0x0, 0x9,
    0xe0, 0xe6, 0x0, 0x0, 0x2f, 0x9f, 0x0, 0x0,
    0x0, 0xcf, 0x90, 0x0, 0x0, 0x5, 0xf3, 0x0,
    0x0,

    /* U+0077 "w" */
    0xad, 0x0, 0x0, 0xf6, 0x0, 0x7, 0xe0, 0x4f,
    0x30, 0x5, 0xfb, 0x0, 0xc, 0x80, 0xe, 0x80,
    0xa, 0xef, 0x10, 0x1f, 0x30, 0x9, 0xe0, 0xf,
    0x4f, 0x60, 0x6d, 0x0, 0x3, 0xf3, 0x4e, 0x9,
    0xc0, 0xb8, 0x0, 0x0, 0xd9, 0x99, 0x4, 0xf2,
    0xf2, 0x0, 0x0, 0x7e, 0xe4, 0x0, 0xec, 0xc0,
    0x0, 0x0, 0x2f, 0xe0, 0x0, 0x8f, 0x70, 0x0,
    0x0, 0xc, 0x90, 0x0, 0x2f, 0x10, 0x0,

    /* U+0078 "x" */
    0x7f, 0x50, 0x0, 0xbd, 0x0, 0xbe, 0x10, 0x7f,
    0x30, 0x1, 0xeb, 0x3f, 0x70, 0x0, 0x5, 0xff,
    0xb0, 0x0, 0x0, 0xc, 0xf3, 0x0, 0x0, 0x4,
    0xfe, 0xc0, 0x0, 0x1, 0xea, 0x3f, 0x70, 0x0,
    0xbd, 0x0, 0x8f, 0x30, 0x7f, 0x30, 0x0, 0xdd,
    0x0,

    /* U+0079 "y" */
    0xbe, 0x0, 0x0, 0xf, 0x74, 0xf5, 0x0, 0x6,
    0xf1, 0xd, 0xb0, 0x0, 0xca, 0x0, 0x7f, 0x20,
    0x2f, 0x40, 0x1, 0xf8, 0x8, 0xe0, 0x0, 0xa,
    0xe0, 0xd7, 0x0, 0x0, 0x3f, 0x8f, 0x10, 0x0,
    0x0, 0xdf, 0xb0, 0x0, 0x0, 0x6, 0xf4, 0x0,
    0x0, 0x0, 0x7e, 0x0, 0x0, 0x0, 0xe, 0x70,
    0x0, 0x5, 0x6b, 0xf1, 0x0, 0x0, 0xaf, 0xd4,
    0x0, 0x0, 0x0,

    /* U+007A "z" */
    0x2f, 0xff, 0xff, 0xf4, 0x3, 0x33, 0x3e, 0xc0,
    0x0, 0x0, 0x8f, 0x20, 0x0, 0x3, 0xf7, 0x0,
    0x0, 0xd, 0xc0, 0x0, 0x0, 0x9f, 0x20, 0x0,
    0x4, 0xf6, 0x0, 0x0, 0xe, 0xd3, 0x33, 0x31,
    0x6f, 0xff, 0xff, 0xf7,

    /* U+007B "{" */
    0x0, 0x0, 0x0, 0x0, 0x9, 0xfe, 0x0, 0x5f,
    0x93, 0x0, 0x7f, 0x0, 0x0, 0x8f, 0x0, 0x0,
    0x8f, 0x0, 0x0, 0xae, 0x0, 0x2a, 0xf7, 0x0,
    0x5f, 0xd2, 0x0, 0x2, 0xdb, 0x0, 0x0, 0x9f,
    0x0, 0x0, 0x8f, 0x0, 0x0, 0x8f, 0x0, 0x0,
    0x7f, 0x0, 0x0, 0x5f, 0x61, 0x0, 0xb, 0xfe,
    0x0, 0x0, 0x13,

    /* U+007C "|" */
    0x18, 0x22, 0xf4, 0x2f, 0x42, 0xf4, 0x2f, 0x42,
    0xf4, 0x2f, 0x42, 0xf4, 0x2f, 0x42, 0xf4, 0x2f,
    0x42, 0xf4, 0x2f, 0x42, 0xf4, 0x2f, 0x42, 0xf4,

    /* U+007D "}" */
    0x0, 0x0, 0x0, 0xaf, 0xb1, 0x0, 0x26, 0xf9,
    0x0, 0x0, 0xcc, 0x0, 0x0, 0xbc, 0x0, 0x0,
    0xbc, 0x0, 0x0, 0xae, 0x0, 0x0, 0x3f, 0xc5,
    0x0, 0xa, 0xf9, 0x0, 0x7f, 0x40, 0x0, 0xad,
    0x0, 0x0, 0xbc, 0x0, 0x0, 0xbc, 0x0, 0x0,
    0xcc, 0x0, 0x3, 0xfa, 0x0, 0xaf, 0xd2, 0x0,
    0x22, 0x0, 0x0,

    /* U+007E "~" */
    0x0, 0x0, 0x0, 0x0, 0x0, 0x1c, 0xf9, 0x0,
    0xaa, 0xa, 0xc5, 0xe9, 0x2e, 0x60, 0xe6, 0x2,
    0xef, 0xc0, 0x4, 0x10, 0x1, 0x30, 0x0,

    /* U+4E2D "中" */
    0x0, 0x0, 0x0, 0x29, 0x10, 0x0, 0x0, 0x0,
    0x0, 0x0, 0x3, 0xf3, 0x0, 0x0, 0x0, 0x0,
    0x0, 0x0, 0x3f, 0x30, 0x0, 0x0, 0x0, 0x55,
    0x55, 0x58, 0xf7, 0x55, 0x55, 0x50, 0x1f, 0xff,
    0xff, 0xff, 0xff, 0xff, 0xff, 0x1, 0xf4, 0x0,
    0x3, 0xf3, 0x0, 0x5, 0xf0, 0x1f, 0x40, 0x0,
    0x3f, 0x30, 0x0, 0x5f, 0x1, 0xf4, 0x0, 0x3,
    0xf3, 0x0, 0x5, 0xf0, 0x1f, 0x40, 0x0, 0x3f,
    0x30, 0x0, 0x5f, 0x1, 0xf8, 0x55, 0x57, 0xf7,
    0x55, 0x59, 0xf0, 0x1f, 0xff, 0xff, 0xff, 0xff,
    0xff, 0xff, 0x0, 0x0, 0x0, 0x3, 0xf3, 0x0,
    0x0, 0x0, 0x0, 0x0, 0x0, 0x3f, 0x30, 0x0,
    0x0, 0x0, 0x0, 0x0, 0x3, 0xf3, 0x0, 0x0,
    0x0, 0x0, 0x0, 0x0, 0x3f, 0x30, 0x0, 0x0,
    0x0, 0x0, 0x0, 0x3, 0xf3, 0x0, 0x0, 0x0,

    /* U+52A0 "加" */
    0x0, 0x2, 0x30, 0x0, 0x0, 0x0, 0x0, 0x0,
    0x0, 0x8, 0xc0, 0x0, 0x0, 0x0, 0x0, 0x0,
    0x0, 0x9, 0xc0, 0x0, 0x0, 0x44, 0x44, 0x41,
    0x5, 0x5b, 0xd5, 0x55, 0x12, 0xff, 0xff, 0xf6,
    0xf, 0xff, 0xff, 0xff, 0x52, 0xf4, 0x11, 0xe6,
    0x0, 0xa, 0xb0, 0x1f, 0x52, 0xf3, 0x0, 0xe6,
    0x0, 0xa, 0xa0, 0xf, 0x42, 0xf3, 0x0, 0xe6,
    0x0, 0xb, 0x90, 0x1f, 0x42, 0xf3, 0x0, 0xe6,
    0x0, 0xd, 0x70, 0x1f, 0x32, 0xf3, 0x0, 0xe6,
    0x0, 0xf, 0x60, 0x2f, 0x32, 0xf3, 0x0, 0xe6,
    0x0, 0x2f, 0x30, 0x3f, 0x22, 0xf3, 0x0, 0xe6,
    0x0, 0x5f, 0x0, 0x4f, 0x22, 0xf3, 0x0, 0xe6,
    0x0, 0xac, 0x0, 0x5f, 0x12, 0xf3, 0x0, 0xe6,
    0x1, 0xf6, 0x0, 0x6f, 0x2, 0xf8, 0x66, 0xf6,
    0x8, 0xf1, 0x65, 0xdd, 0x2, 0xff, 0xff, 0xf6,
    0x1f, 0x80, 0xcf, 0xe5, 0x2, 0xf3, 0x0, 0xe6,
    0x3, 0x0, 0x0, 0x0, 0x0, 0x20, 0x0, 0x10,

    /* U+5F00 "开" */
    0x0, 0x22, 0x22, 0x22, 0x22, 0x22, 0x22, 0x20,
    0x0, 0x5f, 0xff, 0xff, 0xff, 0xff, 0xff, 0xff,
    0x40, 0x0, 0x22, 0x5f, 0x52, 0x22, 0x2f, 0x72,
    0x20, 0x0, 0x0, 0x3, 0xf3, 0x0, 0x0, 0xf6,
    0x0, 0x0, 0x0, 0x0, 0x3f, 0x30, 0x0, 0xf,
    0x60, 0x0, 0x0, 0x0, 0x3, 0xf3, 0x0, 0x0,
    0xf6, 0x0, 0x0, 0x1, 0x11, 0x4f, 0x41, 0x11,
    0x1f, 0x71, 0x11, 0x1, 0xff, 0xff, 0xff, 0xff,
    0xff, 0xff, 0xff, 0xf0, 0x4, 0x44, 0x7f, 0x54,
    0x44, 0x4f, 0x84, 0x44, 0x0, 0x0, 0x7, 0xf0,
    0x0, 0x0, 0xf6, 0x0, 0x0, 0x0, 0x0, 0xbb,
    0x0, 0x0, 0xf, 0x60, 0x0, 0x0, 0x0, 0x3f,
    0x50, 0x0, 0x0, 0xf6, 0x0, 0x0, 0x0, 0x1e,
    0xc0, 0x0, 0x0, 0xf, 0x60, 0x0, 0x0, 0x2d,
    0xe2, 0x0, 0x0, 0x0, 0xf6, 0x0, 0x0, 0x5,
    0xe2, 0x0, 0x0, 0x0, 0xf, 0x60, 0x0, 0x0,
    0x0, 0x0, 0x0, 0x0, 0x0, 0x0, 0x0, 0x0,

    /* U+673A "机" */
    0x0, 0x6, 0x50, 0x0, 0x0, 0x0, 0x0, 0x0,
    0x0, 0x0, 0xaa, 0x0, 0x5, 0x55, 0x55, 0x20,
    0x0, 0x0, 0xa, 0xa0, 0x2, 0xff, 0xff, 0xf6,
    0x0, 0x0, 0x0, 0xaa, 0x0, 0x2f, 0x53, 0x3f,
    0x60, 0x0, 0x1f, 0xff, 0xff, 0xe2, 0xf2, 0x0,
    0xe6, 0x0, 0x0, 0x44, 0xdb, 0x43, 0x2f, 0x20,
    0xe, 0x60, 0x0, 0x0, 0x1f, 0xa0, 0x2, 0xf2,
    0x0, 0xe6, 0x0, 0x0, 0x8, 0xff, 0x60, 0x2f,
    0x20, 0xe, 0x60, 0x0, 0x0, 0xef, 0xdf, 0x53,
    0xf2, 0x0, 0xe6, 0x0, 0x0, 0x7d, 0xaa, 0x6f,
    0x4f, 0x10, 0xe, 0x60, 0x0, 0x1f, 0x6a, 0xa0,
    0x24, 0xf0, 0x0, 0xe6, 0x2, 0x5, 0xc0, 0xaa,
    0x0, 0x6e, 0x0, 0xe, 0x60, 0xf3, 0x2, 0xa,
    0xa0, 0x9, 0xb0, 0x0, 0xe6, 0x1f, 0x30, 0x0,
    0xaa, 0x0, 0xe5, 0x0, 0xe, 0x61, 0xf2, 0x0,
    0xa, 0xa0, 0x7d, 0x0, 0x0, 0xea, 0x7f, 0x20,
    0x0, 0xaa, 0x1e, 0x40, 0x0, 0x8, 0xff, 0xb0,
    0x0, 0x0, 0x0, 0x0, 0x0, 0x0, 0x0, 0x0,
    0x0,

    /* U+8F7D "载" */
    0x0, 0x0, 0x5, 0x0, 0x1, 0x71, 0x0, 0x0,
    0x0, 0x0, 0x2, 0xf2, 0x0, 0x1f, 0x3a, 0x70,
    0x0, 0x4, 0xee, 0xef, 0xee, 0xe4, 0xf3, 0x3f,
    0x60, 0x0, 0x13, 0x35, 0xf5, 0x33, 0x1f, 0x40,
    0x5d, 0x0, 0x1, 0x11, 0x3f, 0x31, 0x11, 0xf6,
    0x11, 0x11, 0x3, 0xff, 0xff, 0xff, 0xff, 0xff,
    0xff, 0xff, 0xf1, 0x1, 0x11, 0x94, 0x11, 0x11,
    0xd8, 0x11, 0x21, 0x0, 0x34, 0x6f, 0x74, 0x44,
    0x2b, 0x90, 0x2e, 0x20, 0xb, 0xdf, 0xed, 0xdd,
    0xd6, 0x9b, 0x9, 0xd0, 0x0, 0x8, 0xe1, 0xb7,
    0x0, 0x7, 0xe1, 0xf6, 0x0, 0x1, 0xfe, 0xcf,
    0xec, 0xc3, 0x3f, 0xbd, 0x0, 0x0, 0x5, 0x55,
    0xda, 0x55, 0x10, 0xff, 0x42, 0x70, 0x0, 0x12,
    0x4d, 0xb7, 0x93, 0x2f, 0xc0, 0x5e, 0x0, 0xdf,
    0xff, 0xfe, 0xb9, 0x4d, 0xef, 0x18, 0xb0, 0x3,
    0x21, 0xc, 0x80, 0x1d, 0xd2, 0xed, 0xe8, 0x0,
    0x0, 0x0, 0xc8, 0x1, 0xb2, 0x3, 0xed, 0x10,

    /* U+F001 "" */
    0x0, 0x0, 0x0, 0x0, 0x0, 0x0, 0x0, 0x38,
    0xc8, 0x0, 0x0, 0x0, 0x0, 0x0, 0x15, 0xae,
    0xff, 0xfe, 0x0, 0x0, 0x0, 0x2, 0x7c, 0xff,
    0xff, 0xff, 0xfe, 0x0, 0x0, 0x6, 0xef, 0xff,
    0xff, 0xff, 0xff, 0xfe, 0x0, 0x0, 0xe, 0xff,
    0xff, 0xff, 0xff, 0xfe, 0xfe, 0x0, 0x0, 0xe,
    0xff, 0xff, 0xff, 0xb6, 0x13, 0xfe, 0x0, 0x0,
    0xe, 0xff, 0xd9, 0x40, 0x0, 0x3, 0xfe, 0x0,
    0x0, 0xe, 0xf4, 0x0, 0x0, 0x0, 0x3, 0xfe,
    0x0, 0x0, 0xe, 0xf3, 0x0, 0x0, 0x0, 0x3,
    0xfe, 0x0, 0x0, 0xe, 0xf3, 0x0, 0x0, 0x0,
    0x3, 0xfe, 0x0, 0x0, 0xe, 0xf3, 0x0, 0x0,
    0x1, 0x35, 0xfe, 0x0, 0x0, 0xe, 0xf3, 0x0,
    0x0, 0x9f, 0xff, 0xfe, 0x0, 0x0, 0x1e, 0xf3,
    0x0, 0x5, 0xff, 0xff, 0xfe, 0x4, 0xdf, 0xff,
    0xf3, 0x0, 0x4, 0xff, 0xff, 0xfb, 0xf, 0xff,
    0xff, 0xf3, 0x0, 0x0, 0x5c, 0xfe, 0x91, 0xf,
    0xff, 0xff, 0xf1, 0x0, 0x0, 0x0, 0x0, 0x0,
    0x4, 0xdf, 0xfd, 0x40, 0x0, 0x0, 0x0, 0x0,
    0x0, 0x0, 0x0, 0x10, 0x0, 0x0, 0x0, 0x0,
    0x0, 0x0,

    /* U+F008 "" */
    0x90, 0x9, 0xcc, 0xcc, 0xcc, 0xcc, 0xc9, 0x0,
    0x9f, 0xbb, 0xff, 0xdd, 0xdd, 0xdd, 0xdf, 0xfb,
    0xbf, 0xf7, 0x6e, 0xc0, 0x0, 0x0, 0x0, 0xce,
    0x67, 0xff, 0x10, 0xdc, 0x0, 0x0, 0x0, 0xc,
    0xd0, 0x1f, 0xf9, 0x8f, 0xc0, 0x0, 0x0, 0x0,
    0xcf, 0x89, 0xff, 0xa9, 0xfd, 0x22, 0x22, 0x22,
    0x2d, 0xf9, 0xaf, 0xf1, 0xd, 0xff, 0xff, 0xff,
    0xff, 0xfd, 0x1, 0xff, 0x65, 0xee, 0x66, 0x66,
    0x66, 0x6e, 0xe5, 0x6f, 0xfc, 0xcf, 0xc0, 0x0,
    0x0, 0x0, 0xcf, 0xcc, 0xff, 0x10, 0xdc, 0x0,
    0x0, 0x0, 0xc, 0xd0, 0x1f, 0xf3, 0x2d, 0xc0,
    0x0, 0x0, 0x0, 0xcd, 0x23, 0xff, 0xff, 0xff,
    0x99, 0x99, 0x99, 0x9f, 0xff, 0xff, 0xd1, 0xd,
    0xff, 0xff, 0xff, 0xff, 0xfd, 0x1, 0xd0,

    /* U+F00B "" */
    0xcf, 0xff, 0xb0, 0xcf, 0xff, 0xff, 0xff, 0xff,
    0xcf, 0xff, 0xff, 0xf, 0xff, 0xff, 0xff, 0xff,
    0xff, 0xff, 0xff, 0xf0, 0xff, 0xff, 0xff, 0xff,
    0xff, 0xff, 0xff, 0xfe, 0xe, 0xff, 0xff, 0xff,
    0xff, 0xff, 0x24, 0x44, 0x20, 0x24, 0x44, 0x44,
    0x44, 0x44, 0x22, 0x44, 0x42, 0x2, 0x44, 0x44,
    0x44, 0x44, 0x42, 0xff, 0xff, 0xe0, 0xef, 0xff,
    0xff, 0xff, 0xff, 0xff, 0xff, 0xff, 0xf, 0xff,
    0xff, 0xff, 0xff, 0xff, 0xff, 0xff, 0xf0, 0xff,
    0xff, 0xff, 0xff, 0xff, 0xfc, 0xff, 0xfb, 0xc,
    0xff, 0xff, 0xff, 0xff, 0xfc, 0x13, 0x33, 0x10,
    0x13, 0x33, 0x33, 0x33, 0x33, 0x1e, 0xff, 0xfd,
    0xe, 0xff, 0xff, 0xff, 0xff, 0xfe, 0xff, 0xff,
    0xf0, 0xff, 0xff, 0xff, 0xff, 0xff, 0xff, 0xff,
    0xff, 0xf, 0xff, 0xff, 0xff, 0xff, 0xff, 0xdf,
    0xff, 0xc0, 0xdf, 0xff, 0xff, 0xff, 0xff, 0xd0,
    0x11, 0x10, 0x0, 0x11, 0x11, 0x11, 0x11, 0x10,

    /* U+F00C "" */
    0x0, 0x0, 0x0, 0x0, 0x0, 0x0, 0x0, 0x87,
    0x0, 0x0, 0x0, 0x0, 0x0, 0x0, 0x0, 0x9f,
    0xf7, 0x0, 0x0, 0x0, 0x0, 0x0, 0x0, 0x9f,
    0xff, 0xe0, 0x0, 0x0, 0x0, 0x0, 0x0, 0x9f,
    0xff, 0xf3, 0x3, 0x40, 0x0, 0x0, 0x0, 0x9f,
    0xff, 0xf3, 0x4, 0xff, 0x50, 0x0, 0x0, 0x9f,
    0xff, 0xf3, 0x0, 0xef, 0xff, 0x50, 0x0, 0x9f,
    0xff, 0xf3, 0x0, 0x7, 0xff, 0xff, 0x50, 0x9f,
    0xff, 0xf3, 0x0, 0x0, 0x7, 0xff, 0xff, 0xbf,
    0xff, 0xf3, 0x0, 0x0, 0x0, 0x7, 0xff, 0xff,
    0xff, 0xf3, 0x0, 0x0, 0x0, 0x0, 0x7, 0xff,
    0xff, 0xf3, 0x0, 0x0, 0x0, 0x0, 0x0, 0x6,
    0xff, 0xf3, 0x0, 0x0, 0x0, 0x0, 0x0, 0x0,
    0x6, 0xe3, 0x0, 0x0, 0x0, 0x0, 0x0,

    /* U+F00D "" */
    0x1, 0x0, 0x0, 0x0, 0x0, 0x0, 0x5f, 0xc1,
    0x0, 0x0, 0x3f, 0xd1, 0xef, 0xfc, 0x10, 0x3,
    0xff, 0xf9, 0x8f, 0xff, 0xc1, 0x3f, 0xff, 0xf4,
    0x9, 0xff, 0xfd, 0xff, 0xff, 0x40, 0x0, 0x9f,
    0xff, 0xff, 0xf4, 0x0, 0x0, 0xa, 0xff, 0xff,
    0x50, 0x0, 0x0, 0x3f, 0xff, 0xff, 0xc1, 0x0,
    0x3, 0xff, 0xff, 0xff, 0xfc, 0x10, 0x3f, 0xff,
    0xf4, 0x9f, 0xff, 0xc1, 0xef, 0xff, 0x40, 0x9,
    0xff, 0xf9, 0xaf, 0xf4, 0x0, 0x0, 0x9f, 0xf5,
    0x7, 0x30, 0x0, 0x0, 0x6, 0x40,

    /* U+F011 "" */
    0x0, 0x0, 0x0, 0x9, 0xd7, 0x0, 0x0, 0x0,
    0x0, 0x0, 0x1, 0x0, 0xef, 0xb0, 0x2, 0x0,
    0x0, 0x0, 0x1d, 0xf1, 0xe, 0xfb, 0x3, 0xfb,
    0x0, 0x0, 0x1d, 0xff, 0x60, 0xef, 0xb0, 0x9f,
    0xfb, 0x0, 0x9, 0xff, 0xb0, 0xe, 0xfb, 0x1,
    0xdf, 0xf6, 0x1, 0xff, 0xd0, 0x0, 0xef, 0xb0,
    0x2, 0xff, 0xd0, 0x7f, 0xf5, 0x0, 0xe, 0xfb,
    0x0, 0x9, 0xff, 0x3a, 0xff, 0x10, 0x0, 0xef,
    0xb0, 0x0, 0x4f, 0xf6, 0xbf, 0xf0, 0x0, 0xe,
    0xfb, 0x0, 0x2, 0xff, 0x8a, 0xff, 0x0, 0x0,
    0x7a, 0x50, 0x0, 0x3f, 0xf7, 0x8f, 0xf3, 0x0,
    0x0, 0x0, 0x0, 0x7, 0xff, 0x53, 0xff, 0xb0,
    0x0, 0x0, 0x0, 0x0, 0xdf, 0xf0, 0xc, 0xff,
    0x70, 0x0, 0x0, 0x0, 0xaf, 0xf9, 0x0, 0x2f,
    0xff, 0xa2, 0x0, 0x3, 0xcf, 0xfd, 0x10, 0x0,
    0x4f, 0xff, 0xfe, 0xde, 0xff, 0xfe, 0x20, 0x0,
    0x0, 0x2d, 0xff, 0xff, 0xff, 0xfb, 0x10, 0x0,
    0x0, 0x0, 0x4, 0x9c, 0xdc, 0x93, 0x0, 0x0,
    0x0,

    /* U+F013 "" */
    0x0, 0x0, 0x0, 0x37, 0x97, 0x30, 0x0, 0x0,
    0x0, 0x0, 0x0, 0xa, 0xff, 0xfa, 0x0, 0x0,
    0x0, 0x0, 0x0, 0x0, 0xbf, 0xff, 0xb0, 0x0,
    0x0, 0x0, 0xd, 0xb6, 0xef, 0xff, 0xff, 0xe6,
    0xbd, 0x0, 0x9, 0xff, 0xff, 0xff, 0xff, 0xff,
    0xff, 0xf9, 0x1, 0xff, 0xff, 0xff, 0xff, 0xff,
    0xff, 0xff, 0xf1, 0x3f, 0xff, 0xff, 0xd3, 0x3,
    0xdf, 0xff, 0xff, 0x30, 0x1e, 0xff, 0xf2, 0x0,
    0x2, 0xff, 0xfe, 0x10, 0x0, 0xdf, 0xfe, 0x0,
    0x0, 0xe, 0xff, 0xd0, 0x0, 0xd, 0xff, 0xf0,
    0x0, 0x0, 0xff, 0xfd, 0x0, 0x2c, 0xff, 0xff,
    0xa0, 0x0, 0xaf, 0xff, 0xfc, 0x22, 0xff, 0xff,
    0xff, 0xec, 0xef, 0xff, 0xff, 0xf3, 0xb, 0xff,
    0xff, 0xff, 0xff, 0xff, 0xff, 0xfb, 0x0, 0x2f,
    0xea, 0xff, 0xff, 0xff, 0xfa, 0xef, 0x20, 0x0,
    0x20, 0x3, 0xdf, 0xff, 0xd3, 0x0, 0x20, 0x0,
    0x0, 0x0, 0xa, 0xff, 0xfa, 0x0, 0x0, 0x0,
    0x0, 0x0, 0x0, 0x6b, 0xdc, 0x60, 0x0, 0x0,
    0x0, 0x0, 0x0, 0x0, 0x0, 0x0, 0x0, 0x0,
    0x0,

    /* U+F015 "" */
    0x0, 0x0, 0x0, 0x0, 0x6c, 0x70, 0x5, 0xdd,
    0x20, 0x0, 0x0, 0x0, 0x0, 0x9, 0xff, 0xfb,
    0x7, 0xff, 0x30, 0x0, 0x0, 0x0, 0x1, 0xcf,
    0xfb, 0xff, 0xd9, 0xff, 0x30, 0x0, 0x0, 0x0,
    0x3e, 0xff, 0x50, 0x3e, 0xff, 0xff, 0x30, 0x0,
    0x0, 0x5, 0xff, 0xe3, 0x5f, 0x62, 0xdf, 0xff,
    0x30, 0x0, 0x0, 0x8f, 0xfc, 0x17, 0xff, 0xf9,
    0x1b, 0xff, 0x90, 0x0, 0xa, 0xff, 0xa1, 0xaf,
    0xff, 0xff, 0xc1, 0x8f, 0xfb, 0x10, 0xcf, 0xf7,
    0x1c, 0xff, 0xff, 0xff, 0xfd, 0x25, 0xff, 0xe0,
    0x8f, 0x43, 0xef, 0xff, 0xff, 0xff, 0xff, 0xf4,
    0x3e, 0xa0, 0x1, 0xc, 0xff, 0xff, 0xff, 0xff,
    0xff, 0xfe, 0x1, 0x0, 0x0, 0xd, 0xff, 0xff,
    0xdc, 0xdf, 0xff, 0xff, 0x0, 0x0, 0x0, 0xd,
    0xff, 0xff, 0x0, 0xd, 0xff, 0xff, 0x0, 0x0,
    0x0, 0xd, 0xff, 0xff, 0x0, 0xd, 0xff, 0xff,
    0x0, 0x0, 0x0, 0xd, 0xff, 0xff, 0x0, 0xd,
    0xff, 0xff, 0x0, 0x0, 0x0, 0xc, 0xff, 0xfe,
    0x0, 0xc, 0xff, 0xfe, 0x0, 0x0, 0x0, 0x0,
    0x0, 0x0, 0x0, 0x0, 0x0, 0x0, 0x0, 0x0,

    /* U+F019 "" */
    0x0, 0x0, 0x0, 0x4c, 0xcc, 0x40, 0x0, 0x0,
    0x0, 0x0, 0x0, 0x9, 0xff, 0xf9, 0x0, 0x0,
    0x0, 0x0, 0x0, 0x0, 0xaf, 0xff, 0xa0, 0x0,
    0x0, 0x0, 0x0, 0x0, 0xa, 0xff, 0xfa, 0x0,
    0x0, 0x0, 0x0, 0x0, 0x0, 0xaf, 0xff, 0xa0,
    0x0, 0x0, 0x0, 0x0, 0x0, 0xa, 0xff, 0xfa,
    0x0, 0x0, 0x0, 0x0, 0x5, 0x66, 0xcf, 0xff,
    0xc6, 0x65, 0x0, 0x0, 0x1, 0xff, 0xff, 0xff,
    0xff, 0xff, 0xf1, 0x0, 0x0, 0x4, 0xff, 0xff,
    0xff, 0xff, 0xf3, 0x0, 0x0, 0x0, 0x3, 0xff,
    0xff, 0xff, 0xf3, 0x0, 0x0, 0x0, 0x0, 0x3,
    0xff, 0xff, 0xf3, 0x0, 0x0, 0x0, 0x11, 0x11,
    0x13, 0xef, 0xe3, 0x11, 0x11, 0x10, 0xef, 0xff,
    0xff, 0x53, 0xc3, 0x5f, 0xff, 0xff, 0xef, 0xff,
    0xff, 0xff, 0x83, 0x8f, 0xff, 0xff, 0xff, 0xff,
    0xff, 0xff, 0xff, 0xff, 0xff, 0xff, 0xff, 0xff,
    0xff, 0xff, 0xff, 0xff, 0xff, 0xb4, 0xd2, 0xff,
    0xdf, 0xff, 0xff, 0xff, 0xff, 0xff, 0xff, 0xff,
    0xd0,

    /* U+F01C "" */
    0x0, 0x1, 0xcf, 0xff, 0xff, 0xff, 0xff, 0xc2,
    0x0, 0x0, 0x0, 0xb, 0xff, 0xff, 0xff, 0xff,
    0xff, 0xfc, 0x0, 0x0, 0x0, 0x5f, 0xf4, 0x22,
    0x22, 0x22, 0x23, 0xff, 0x70, 0x0, 0x1, 0xef,
    0x80, 0x0, 0x0, 0x0, 0x0, 0x6f, 0xf2, 0x0,
    0xa, 0xfd, 0x0, 0x0, 0x0, 0x0, 0x0, 0xc,
    0xfc, 0x0, 0x5f, 0xf4, 0x0, 0x0, 0x0, 0x0,
    0x0, 0x2, 0xff, 0x70, 0xef, 0xd6, 0x66, 0x40,
    0x0, 0x0, 0x36, 0x66, 0xcf, 0xf0, 0xff, 0xff,
    0xff, 0xf1, 0x0, 0x0, 0xef, 0xff, 0xff, 0xf1,
    0xff, 0xff, 0xff, 0xfa, 0x44, 0x48, 0xff, 0xff,
    0xff, 0xf2, 0xff, 0xff, 0xff, 0xff, 0xff, 0xff,
    0xff, 0xff, 0xff, 0xf2, 0xff, 0xff, 0xff, 0xff,
    0xff, 0xff, 0xff, 0xff, 0xff, 0xf2, 0xff, 0xff,
    0xff, 0xff, 0xff, 0xff, 0xff, 0xff, 0xff, 0xf1,
    0x7f, 0xff, 0xff, 0xff, 0xff, 0xff, 0xff, 0xff,
    0xff, 0x90,

    /* U+F021 "" */
    0x0, 0x0, 0x0, 0x0, 0x0, 0x0, 0x0, 0x1,
    0x10, 0x0, 0x0, 0x4, 0x78, 0x63, 0x0, 0x5,
    0xff, 0x0, 0x0, 0x8f, 0xff, 0xff, 0xfd, 0x60,
    0x4f, 0xf0, 0x1, 0xdf, 0xff, 0xfe, 0xff, 0xff,
    0xc5, 0xff, 0x1, 0xef, 0xfb, 0x30, 0x0, 0x4b,
    0xff, 0xff, 0xf0, 0xaf, 0xf7, 0x0, 0x0, 0x0,
    0x5, 0xff, 0xff, 0x2f, 0xf8, 0x0, 0x0, 0x6,
    0xfe, 0xef, 0xff, 0xf7, 0xff, 0x0, 0x0, 0x0,
    0x6f, 0xff, 0xff, 0xff, 0x25, 0x40, 0x0, 0x0,
    0x1, 0x55, 0x55, 0x55, 0x40, 0x0, 0x0, 0x0,
    0x0, 0x0, 0x0, 0x0, 0x0, 0x45, 0x55, 0x55,
    0x51, 0x0, 0x0, 0x0, 0x35, 0x2f, 0xff, 0xff,
    0xff, 0x60, 0x0, 0x0, 0xf, 0xf7, 0xff, 0xff,
    0xef, 0xf6, 0x0, 0x0, 0x7, 0xff, 0x2f, 0xff,
    0xf3, 0x0, 0x0, 0x0, 0x4, 0xff, 0xb0, 0xff,
    0xff, 0xf7, 0x0, 0x0, 0x7, 0xff, 0xf2, 0xf,
    0xf7, 0xff, 0xff, 0xa8, 0xae, 0xff, 0xf4, 0x0,
    0xff, 0x42, 0xaf, 0xff, 0xff, 0xff, 0xc2, 0x0,
    0xf, 0xf5, 0x0, 0x28, 0xbd, 0xc9, 0x40, 0x0,
    0x0, 0x11, 0x0, 0x0, 0x0, 0x0, 0x0, 0x0,
    0x0, 0x0,

    /* U+F026 "" */
    0x0, 0x0, 0x0, 0x8, 0x20, 0x0, 0x0, 0xb,
    0xf7, 0x0, 0x0, 0xb, 0xff, 0x84, 0x66, 0x6b,
    0xff, 0xf8, 0xff, 0xff, 0xff, 0xff, 0x8f, 0xff,
    0xff, 0xff, 0xf8, 0xff, 0xff, 0xff, 0xff, 0x8f,
    0xff, 0xff, 0xff, 0xf8, 0xff, 0xff, 0xff, 0xff,
    0x8c, 0xff, 0xff, 0xff, 0xf8, 0x0, 0x0, 0x4f,
    0xff, 0x80, 0x0, 0x0, 0x4f, 0xf8, 0x0, 0x0,
    0x0, 0x4f, 0x60, 0x0, 0x0, 0x0, 0x10,

    /* U+F027 "" */
    0x0, 0x0, 0x0, 0x7, 0x20, 0x0, 0x0, 0x0,
    0x0, 0xb, 0xf7, 0x0, 0x0, 0x0, 0x0, 0xb,
    0xff, 0x80, 0x0, 0x4, 0x66, 0x6b, 0xff, 0xf8,
    0x0, 0x0, 0xff, 0xff, 0xff, 0xff, 0x80, 0xca,
    0xf, 0xff, 0xff, 0xff, 0xf8, 0x8, 0xf7, 0xff,
    0xff, 0xff, 0xff, 0x80, 0xe, 0xbf, 0xff, 0xff,
    0xff, 0xf8, 0x4, 0xf9, 0xff, 0xff, 0xff, 0xff,
    0x80, 0xde, 0x1c, 0xff, 0xff, 0xff, 0xf8, 0x2,
    0x10, 0x0, 0x0, 0x4f, 0xff, 0x80, 0x0, 0x0,
    0x0, 0x0, 0x4f, 0xf8, 0x0, 0x0, 0x0, 0x0,
    0x0, 0x4f, 0x60, 0x0, 0x0, 0x0, 0x0, 0x0,
    0x10, 0x0, 0x0,

    /* U+F028 "" */
    0x0, 0x0, 0x0, 0x0, 0x0, 0x0, 0x0, 0x40,
    0x0, 0x0, 0x0, 0x0, 0x0, 0x0, 0x0, 0x0,
    0x4, 0xfa, 0x0, 0x0, 0x0, 0x0, 0x0, 0x8,
    0x20, 0x0, 0x0, 0x8f, 0xc0, 0x0, 0x0, 0x0,
    0x0, 0xbf, 0x70, 0x0, 0x93, 0x7, 0xf8, 0x0,
    0x0, 0x0, 0xb, 0xff, 0x80, 0x0, 0xef, 0x50,
    0xbf, 0x20, 0x46, 0x66, 0xbf, 0xff, 0x80, 0x0,
    0x2d, 0xf1, 0x3f, 0x90, 0xff, 0xff, 0xff, 0xff,
    0x80, 0xcb, 0x4, 0xf8, 0xc, 0xd0, 0xff, 0xff,
    0xff, 0xff, 0x80, 0x7f, 0x70, 0xdc, 0x9, 0xf0,
    0xff, 0xff, 0xff, 0xff, 0x80, 0xe, 0xb0, 0xbe,
    0x8, 0xf1, 0xff, 0xff, 0xff, 0xff, 0x80, 0x4f,
    0x90, 0xcd, 0x8, 0xf1, 0xff, 0xff, 0xff, 0xff,
    0x80, 0xde, 0x12, 0xf9, 0xb, 0xe0, 0xcf, 0xff,
    0xff, 0xff, 0x80, 0x21, 0xb, 0xf3, 0x1f, 0xa0,
    0x0, 0x0, 0x4f, 0xff, 0x80, 0x0, 0xbf, 0x80,
    0x8f, 0x40, 0x0, 0x0, 0x4, 0xff, 0x80, 0x0,
    0xd7, 0x3, 0xfb, 0x0, 0x0, 0x0, 0x0, 0x4f,
    0x60, 0x0, 0x0, 0x4f, 0xe1, 0x0, 0x0, 0x0,
    0x0, 0x1, 0x0, 0x0, 0x3, 0xfd, 0x20, 0x0,
    0x0, 0x0, 0x0, 0x0, 0x0, 0x0, 0x1, 0x81,
    0x0, 0x0,

    /* U+F03E "" */
    0x5c, 0xdd, 0xdd, 0xdd, 0xdd, 0xdd, 0xdd, 0xdc,
    0x5e, 0xff, 0xff, 0xff, 0xff, 0xff, 0xff, 0xff,
    0xfe, 0xff, 0x91, 0x4e, 0xff, 0xff, 0xff, 0xff,
    0xff, 0xff, 0xf0, 0x0, 0x8f, 0xff, 0xff, 0xff,
    0xff, 0xff, 0xff, 0x0, 0x8, 0xff, 0xff, 0xf4,
    0xbf, 0xff, 0xff, 0xfa, 0x36, 0xff, 0xff, 0xf3,
    0x0, 0xbf, 0xff, 0xff, 0xff, 0xef, 0xff, 0xf3,
    0x0, 0x0, 0xbf, 0xff, 0xff, 0xd1, 0x5f, 0xf3,
    0x0, 0x0, 0x2, 0xff, 0xff, 0xd1, 0x0, 0x53,
    0x0, 0x0, 0x0, 0x2f, 0xff, 0xf2, 0x0, 0x0,
    0x0, 0x0, 0x0, 0x2, 0xff, 0xff, 0x32, 0x22,
    0x22, 0x22, 0x22, 0x22, 0x3f, 0xff, 0xff, 0xff,
    0xff, 0xff, 0xff, 0xff, 0xff, 0xff, 0x7f, 0xff,
    0xff, 0xff, 0xff, 0xff, 0xff, 0xff, 0x70,

    /* U+F043 "" */
    0x0, 0x0, 0xb, 0x80, 0x0, 0x0, 0x0, 0x0,
    0x5f, 0xf1, 0x0, 0x0, 0x0, 0x0, 0xbf, 0xf6,
    0x0, 0x0, 0x0, 0x3, 0xff, 0xfe, 0x0, 0x0,
    0x0, 0xb, 0xff, 0xff, 0x70, 0x0, 0x0, 0x5f,
    0xff, 0xff, 0xf1, 0x0, 0x1, 0xef, 0xff, 0xff,
    0xfb, 0x0, 0xb, 0xff, 0xff, 0xff, 0xff, 0x70,
    0x4f, 0xff, 0xff, 0xff, 0xff, 0xf1, 0xbf, 0xff,
    0xff, 0xff, 0xff, 0xf6, 0xef, 0xdf, 0xff, 0xff,
    0xff, 0xf9, 0xff, 0x2c, 0xff, 0xff, 0xff, 0xfa,
    0xdf, 0x57, 0xff, 0xff, 0xff, 0xf8, 0x8f, 0xd1,
    0x8e, 0xff, 0xff, 0xf3, 0x1e, 0xfd, 0x40, 0xcf,
    0xff, 0xa0, 0x3, 0xef, 0xff, 0xff, 0xfc, 0x0,
    0x0, 0x19, 0xff, 0xfd, 0x70, 0x0, 0x0, 0x0,
    0x1, 0x10, 0x0, 0x0,

    /* U+F048 "" */
    0x0, 0x0, 0x0, 0x0, 0x0, 0xb, 0xd5, 0x0,
    0x0, 0x3, 0xc5, 0xef, 0x70, 0x0, 0x4, 0xff,
    0xbe, 0xf7, 0x0, 0x5, 0xff, 0xfb, 0xef, 0x70,
    0x6, 0xff, 0xff, 0xbe, 0xf7, 0x7, 0xff, 0xff,
    0xfb, 0xef, 0x78, 0xff, 0xff, 0xff, 0xbe, 0xfe,
    0xff, 0xff, 0xff, 0xfb, 0xef, 0xff, 0xff, 0xff,
    0xff, 0xbe, 0xff, 0xff, 0xff, 0xff, 0xfb, 0xef,
    0x8c, 0xff, 0xff, 0xff, 0xbe, 0xf7, 0xb, 0xff,
    0xff, 0xfb, 0xef, 0x70, 0x9, 0xff, 0xff, 0xbe,
    0xf7, 0x0, 0x8, 0xff, 0xfb, 0xef, 0x70, 0x0,
    0x7, 0xff, 0xbe, 0xf7, 0x0, 0x0, 0x5, 0xf7,
    0x0, 0x0, 0x0, 0x0, 0x0, 0x0,

    /* U+F04B "" */
    0x0, 0x0, 0x0, 0x0, 0x0, 0x0, 0x0, 0x5,
    0xd8, 0x10, 0x0, 0x0, 0x0, 0x0, 0x0, 0xef,
    0xfe, 0x60, 0x0, 0x0, 0x0, 0x0, 0xf, 0xff,
    0xff, 0xc3, 0x0, 0x0, 0x0, 0x0, 0xff, 0xff,
    0xff, 0xf9, 0x10, 0x0, 0x0, 0xf, 0xff, 0xff,
    0xff, 0xff, 0x70, 0x0, 0x0, 0xff, 0xff, 0xff,
    0xff, 0xff, 0xd4, 0x0, 0xf, 0xff, 0xff, 0xff,
    0xff, 0xff, 0xfa, 0x10, 0xff, 0xff, 0xff, 0xff,
    0xff, 0xff, 0xff, 0x5f, 0xff, 0xff, 0xff, 0xff,
    0xff, 0xff, 0xfc, 0xff, 0xff, 0xff, 0xff, 0xff,
    0xff, 0xff, 0x8f, 0xff, 0xff, 0xff, 0xff, 0xff,
    0xfe, 0x50, 0xff, 0xff, 0xff, 0xff, 0xff, 0xf8,
    0x0, 0xf, 0xff, 0xff, 0xff, 0xff, 0xb2, 0x0,
    0x0, 0xff, 0xff, 0xff, 0xfd, 0x40, 0x0, 0x0,
    0xf, 0xff, 0xff, 0xf7, 0x0, 0x0, 0x0, 0x0,
    0xff, 0xff, 0xa1, 0x0, 0x0, 0x0, 0x0, 0x9,
    0xfc, 0x30, 0x0, 0x0, 0x0, 0x0, 0x0, 0x0,
    0x0, 0x0, 0x0, 0x0, 0x0, 0x0, 0x0,

    /* U+F04C "" */
    0x5c, 0xdd, 0xd9, 0x0, 0xa, 0xdd, 0xdc, 0x4f,
    0xff, 0xff, 0xf5, 0x6, 0xff, 0xff, 0xfd, 0xff,
    0xff, 0xff, 0x60, 0x7f, 0xff, 0xff, 0xef, 0xff,
    0xff, 0xf6, 0x7, 0xff, 0xff, 0xfe, 0xff, 0xff,
    0xff, 0x60, 0x7f, 0xff, 0xff, 0xef, 0xff, 0xff,
    0xf6, 0x7, 0xff, 0xff, 0xfe, 0xff, 0xff, 0xff,
    0x60, 0x7f, 0xff, 0xff, 0xef, 0xff, 0xff, 0xf6,
    0x7, 0xff, 0xff, 0xfe, 0xff, 0xff, 0xff, 0x60,
    0x7f, 0xff, 0xff, 0xef, 0xff, 0xff, 0xf6, 0x7,
    0xff, 0xff, 0xfe, 0xff, 0xff, 0xff, 0x60, 0x7f,
    0xff, 0xff, 0xef, 0xff, 0xff, 0xf6, 0x7, 0xff,
    0xff, 0xfe, 0xff, 0xff, 0xff, 0x60, 0x7f, 0xff,
    0xff, 0xef, 0xff, 0xff, 0xf5, 0x6, 0xff, 0xff,
    0xfe, 0x8f, 0xff, 0xfc, 0x0, 0x1d, 0xff, 0xff,
    0x60, 0x0, 0x0, 0x0, 0x0, 0x0, 0x0, 0x0,

    /* U+F04D "" */
    0x5c, 0xdd, 0xdd, 0xdd, 0xdd, 0xdd, 0xdc, 0x3f,
    0xff, 0xff, 0xff, 0xff, 0xff, 0xff, 0xfd, 0xff,
    0xff, 0xff, 0xff, 0xff, 0xff, 0xff, 0xef, 0xff,
    0xff, 0xff, 0xff, 0xff, 0xff, 0xfe, 0xff, 0xff,
    0xff, 0xff, 0xff, 0xff, 0xff, 0xef, 0xff, 0xff,
    0xff, 0xff, 0xff, 0xff, 0xfe, 0xff, 0xff, 0xff,
    0xff, 0xff, 0xff, 0xff, 0xef, 0xff, 0xff, 0xff,
    0xff, 0xff, 0xff, 0xfe, 0xff, 0xff, 0xff, 0xff,
    0xff, 0xff, 0xff, 0xef, 0xff, 0xff, 0xff, 0xff,
    0xff, 0xff, 0xfe, 0xff, 0xff, 0xff, 0xff, 0xff,
    0xff, 0xff, 0xef, 0xff, 0xff, 0xff, 0xff, 0xff,
    0xff, 0xfe, 0xff, 0xff, 0xff, 0xff, 0xff, 0xff,
    0xff, 0xef, 0xff, 0xff, 0xff, 0xff, 0xff, 0xff,
    0xfd, 0x8f, 0xff, 0xff, 0xff, 0xff, 0xff, 0xff,
    0x60, 0x0, 0x0, 0x0, 0x0, 0x0, 0x0, 0x0,

    /* U+F051 "" */
    0x0, 0x0, 0x0, 0x0, 0x0, 0x5, 0xc3, 0x0,
    0x0, 0x5, 0xdb, 0xbf, 0xf4, 0x0, 0x0, 0x7f,
    0xeb, 0xff, 0xf5, 0x0, 0x7, 0xfe, 0xbf, 0xff,
    0xf6, 0x0, 0x7f, 0xeb, 0xff, 0xff, 0xf7, 0x7,
    0xfe, 0xbf, 0xff, 0xff, 0xf9, 0x7f, 0xeb, 0xff,
    0xff, 0xff, 0xfe, 0xfe, 0xbf, 0xff, 0xff, 0xff,
    0xff, 0xeb, 0xff, 0xff, 0xff, 0xff, 0xfe, 0xbf,
    0xff, 0xff, 0xfb, 0x8f, 0xeb, 0xff, 0xff, 0xfa,
    0x7, 0xfe, 0xbf, 0xff, 0xf9, 0x0, 0x7f, 0xeb,
    0xff, 0xf8, 0x0, 0x7, 0xfe, 0xbf, 0xf7, 0x0,
    0x0, 0x7f, 0xe7, 0xf6, 0x0, 0x0, 0x7, 0xfe,
    0x0, 0x0, 0x0, 0x0, 0x0, 0x0,

    /* U+F052 "" */
    0x0, 0x0, 0x0, 0x9, 0xe7, 0x0, 0x0, 0x0,
    0x0, 0x0, 0x0, 0x9, 0xff, 0xf6, 0x0, 0x0,
    0x0, 0x0, 0x0, 0x7, 0xff, 0xff, 0xf5, 0x0,
    0x0, 0x0, 0x0, 0x6, 0xff, 0xff, 0xff, 0xf4,
    0x0, 0x0, 0x0, 0x5, 0xff, 0xff, 0xff, 0xff,
    0xf3, 0x0, 0x0, 0x4, 0xff, 0xff, 0xff, 0xff,
    0xff, 0xe2, 0x0, 0x3, 0xff, 0xff, 0xff, 0xff,
    0xff, 0xff, 0xe2, 0x0, 0xdf, 0xff, 0xff, 0xff,
    0xff, 0xff, 0xff, 0xb0, 0xe, 0xff, 0xff, 0xff,
    0xff, 0xff, 0xff, 0xfb, 0x0, 0x29, 0x99, 0x99,
    0x99, 0x99, 0x99, 0x98, 0x10, 0x0, 0x23, 0x33,
    0x33, 0x33, 0x33, 0x33, 0x20, 0x0, 0xdf, 0xff,
    0xff, 0xff, 0xff, 0xff, 0xff, 0xb0, 0xf, 0xff,
    0xff, 0xff, 0xff, 0xff, 0xff, 0xfe, 0x0, 0xff,
    0xff, 0xff, 0xff, 0xff, 0xff, 0xff, 0xe0, 0xc,
    0xff, 0xff, 0xff, 0xff, 0xff, 0xff, 0xfa, 0x0,
    0x0, 0x11, 0x11, 0x11, 0x11, 0x11, 0x10, 0x0,

    /* U+F053 "" */
    0x0, 0x0, 0x0, 0x3, 0x70, 0x0, 0x0, 0x0,
    0x4f, 0xf7, 0x0, 0x0, 0x4, 0xff, 0xf6, 0x0,
    0x0, 0x4f, 0xff, 0x70, 0x0, 0x4, 0xff, 0xf7,
    0x0, 0x0, 0x4f, 0xff, 0x70, 0x0, 0x4, 0xff,
    0xf7, 0x0, 0x0, 0xf, 0xff, 0x90, 0x0, 0x0,
    0x8, 0xff, 0xf4, 0x0, 0x0, 0x0, 0x8f, 0xff,
    0x40, 0x0, 0x0, 0x8, 0xff, 0xf4, 0x0, 0x0,
    0x0, 0x8f, 0xff, 0x40, 0x0, 0x0, 0x8, 0xff,
    0xf4, 0x0, 0x0, 0x0, 0x8f, 0xf9, 0x0, 0x0,
    0x0, 0x7, 0xb1,

    /* U+F054 "" */
    0x1, 0x81, 0x0, 0x0, 0x0, 0xd, 0xfd, 0x10,
    0x0, 0x0, 0xc, 0xff, 0xd1, 0x0, 0x0, 0x1,
    0xcf, 0xfd, 0x10, 0x0, 0x0, 0x1c, 0xff, 0xd1,
    0x0, 0x0, 0x0, 0xcf, 0xfd, 0x10, 0x0, 0x0,
    0xc, 0xff, 0xd1, 0x0, 0x0, 0x1, 0xef, 0xfa,
    0x0, 0x0, 0x9, 0xff, 0xf3, 0x0, 0x0, 0x9f,
    0xff, 0x30, 0x0, 0x9, 0xff, 0xf3, 0x0, 0x0,
    0x9f, 0xff, 0x30, 0x0, 0x9, 0xff, 0xf3, 0x0,
    0x0, 0xf, 0xfe, 0x30, 0x0, 0x0, 0x4, 0xc3,
    0x0, 0x0, 0x0,

    /* U+F067 "" */
    0x0, 0x0, 0x0, 0xac, 0x90, 0x0, 0x0, 0x0,
    0x0, 0x0, 0x2f, 0xff, 0x0, 0x0, 0x0, 0x0,
    0x0, 0x2, 0xff, 0xf0, 0x0, 0x0, 0x0, 0x0,
    0x0, 0x2f, 0xff, 0x0, 0x0, 0x0, 0x0, 0x0,
    0x2, 0xff, 0xf0, 0x0, 0x0, 0x0, 0x0, 0x0,
    0x2f, 0xff, 0x0, 0x0, 0x0, 0xbf, 0xff, 0xff,
    0xff, 0xff, 0xff, 0xff, 0x9f, 0xff, 0xff, 0xff,
    0xff, 0xff, 0xff, 0xfd, 0xef, 0xff, 0xff, 0xff,
    0xff, 0xff, 0xff, 0xc1, 0x33, 0x33, 0x5f, 0xff,
    0x33, 0x33, 0x30, 0x0, 0x0, 0x2, 0xff, 0xf0,
    0x0, 0x0, 0x0, 0x0, 0x0, 0x2f, 0xff, 0x0,
    0x0, 0x0, 0x0, 0x0, 0x2, 0xff, 0xf0, 0x0,
    0x0, 0x0, 0x0, 0x0, 0x2f, 0xff, 0x0, 0x0,
    0x0, 0x0, 0x0, 0x0, 0xef, 0xd0, 0x0, 0x0,
    0x0, 0x0, 0x0, 0x0, 0x0, 0x0, 0x0, 0x0,

    /* U+F068 "" */
    0xbf, 0xff, 0xff, 0xff, 0xff, 0xff, 0xff, 0x9f,
    0xff, 0xff, 0xff, 0xff, 0xff, 0xff, 0xfd, 0xef,
    0xff, 0xff, 0xff, 0xff, 0xff, 0xff, 0xc1, 0x33,
    0x33, 0x33, 0x33, 0x33, 0x33, 0x30,

    /* U+F06E "" */
    0x0, 0x0, 0x0, 0x48, 0xab, 0xa8, 0x40, 0x0,
    0x0, 0x0, 0x0, 0x0, 0x6e, 0xff, 0xfe, 0xff,
    0xfe, 0x70, 0x0, 0x0, 0x0, 0x1b, 0xff, 0xe5,
    0x0, 0x4, 0xdf, 0xfc, 0x20, 0x0, 0x1, 0xdf,
    0xfe, 0x10, 0x17, 0x50, 0xc, 0xff, 0xe2, 0x0,
    0xc, 0xff, 0xf4, 0x0, 0xf, 0xfc, 0x2, 0xff,
    0xfd, 0x10, 0x8f, 0xff, 0xe0, 0x0, 0x6f, 0xff,
    0x70, 0xcf, 0xff, 0xa0, 0xff, 0xff, 0xc0, 0x8f,
    0xff, 0xff, 0xb0, 0xaf, 0xff, 0xf1, 0xaf, 0xff,
    0xe0, 0x7f, 0xff, 0xff, 0x90, 0xcf, 0xff, 0xc0,
    0x1e, 0xff, 0xf2, 0xe, 0xff, 0xff, 0x21, 0xff,
    0xff, 0x30, 0x3, 0xff, 0xfb, 0x1, 0x9c, 0xa2,
    0xa, 0xff, 0xf5, 0x0, 0x0, 0x3e, 0xff, 0xb1,
    0x0, 0x0, 0x9f, 0xff, 0x50, 0x0, 0x0, 0x1,
    0x9f, 0xff, 0xb9, 0xbf, 0xff, 0xb2, 0x0, 0x0,
    0x0, 0x0, 0x2, 0x7c, 0xef, 0xfc, 0x93, 0x0,
    0x0, 0x0,

    /* U+F070 "" */
    0x5b, 0x10, 0x0, 0x0, 0x0, 0x0, 0x0, 0x0,
    0x0, 0x0, 0x0, 0xef, 0xe3, 0x0, 0x0, 0x0,
    0x0, 0x0, 0x0, 0x0, 0x0, 0x0, 0x3d, 0xff,
    0x60, 0x3, 0x69, 0xba, 0x85, 0x0, 0x0, 0x0,
    0x0, 0x1, 0xbf, 0xfb, 0xdf, 0xff, 0xef, 0xff,
    0xe7, 0x0, 0x0, 0x0, 0x0, 0x7, 0xff, 0xfe,
    0x60, 0x0, 0x4c, 0xff, 0xd2, 0x0, 0x0, 0x0,
    0x0, 0x4e, 0xff, 0x50, 0x86, 0x0, 0xcf, 0xfe,
    0x30, 0x0, 0x0, 0x70, 0x1, 0xcf, 0xf9, 0xff,
    0xd1, 0x2f, 0xff, 0xe1, 0x0, 0x7, 0xfc, 0x20,
    0x9, 0xff, 0xff, 0xf8, 0xb, 0xff, 0xfb, 0x0,
    0xe, 0xff, 0xe4, 0x0, 0x5f, 0xff, 0xfc, 0x9,
    0xff, 0xff, 0x20, 0x9, 0xff, 0xff, 0x0, 0x2,
    0xdf, 0xfc, 0xb, 0xff, 0xfd, 0x0, 0x1, 0xef,
    0xff, 0x40, 0x0, 0xa, 0xff, 0xbf, 0xff, 0xf3,
    0x0, 0x0, 0x3f, 0xff, 0xd0, 0x0, 0x0, 0x6f,
    0xff, 0xff, 0x50, 0x0, 0x0, 0x3, 0xef, 0xfc,
    0x20, 0x0, 0x3, 0xef, 0xfa, 0x0, 0x0, 0x0,
    0x0, 0x19, 0xff, 0xfc, 0x99, 0x0, 0x1b, 0xff,
    0x90, 0x0, 0x0, 0x0, 0x0, 0x28, 0xce, 0xff,
    0xa0, 0x0, 0x8f, 0xfd, 0x20, 0x0, 0x0, 0x0,
    0x0, 0x0, 0x0, 0x0, 0x0, 0x4, 0xef, 0xf1,
    0x0, 0x0, 0x0, 0x0, 0x0, 0x0, 0x0, 0x0,
    0x0, 0x2c, 0xc0, 0x0, 0x0, 0x0, 0x0, 0x0,
    0x0, 0x0, 0x0, 0x0, 0x0, 0x0,

    /* U+F071 "" */
    0x0, 0x0, 0x0, 0x0, 0x6, 0xc7, 0x0, 0x0,
    0x0, 0x0, 0x0, 0x0, 0x0, 0x0, 0x2, 0xff,
    0xf4, 0x0, 0x0, 0x0, 0x0, 0x0, 0x0, 0x0,
    0x0, 0xbf, 0xff, 0xd0, 0x0, 0x0, 0x0, 0x0,
    0x0, 0x0, 0x0, 0x5f, 0xff, 0xff, 0x70, 0x0,
    0x0, 0x0, 0x0, 0x0, 0x0, 0xd, 0xff, 0xff,
    0xfe, 0x10, 0x0, 0x0, 0x0, 0x0, 0x0, 0x7,
    0xff, 0xff, 0xff, 0xf9, 0x0, 0x0, 0x0, 0x0,
    0x0, 0x1, 0xff, 0xf2, 0x0, 0xff, 0xf2, 0x0,
    0x0, 0x0, 0x0, 0x0, 0xaf, 0xff, 0x20, 0xf,
    0xff, 0xb0, 0x0, 0x0, 0x0, 0x0, 0x3f, 0xff,
    0xf3, 0x1, 0xff, 0xff, 0x50, 0x0, 0x0, 0x0,
    0xc, 0xff, 0xff, 0x40, 0x2f, 0xff, 0xfd, 0x0,
    0x0, 0x0, 0x5, 0xff, 0xff, 0xf5, 0x3, 0xff,
    0xff, 0xf7, 0x0, 0x0, 0x0, 0xef, 0xff, 0xff,
    0xda, 0xdf, 0xff, 0xff, 0xf1, 0x0, 0x0, 0x8f,
    0xff, 0xff, 0xf6, 0x4, 0xff, 0xff, 0xff, 0xa0,
    0x0, 0x1f, 0xff, 0xff, 0xff, 0x10, 0xf, 0xff,
    0xff, 0xff, 0x30, 0xa, 0xff, 0xff, 0xff, 0xf9,
    0x17, 0xff, 0xff, 0xff, 0xfc, 0x0, 0xff, 0xff,
    0xff, 0xff, 0xff, 0xff, 0xff, 0xff, 0xff, 0xf1,
    0x9, 0xff, 0xff, 0xff, 0xff, 0xff, 0xff, 0xff,
    0xff, 0xfb, 0x0, 0x1, 0x22, 0x22, 0x22, 0x22,
    0x22, 0x22, 0x22, 0x21, 0x0,

    /* U+F074 "" */
    0x0, 0x0, 0x0, 0x0, 0x0, 0x0, 0x1b, 0x30,
    0x0, 0x0, 0x0, 0x0, 0x0, 0x0, 0x4, 0xff,
    0x30, 0xab, 0xbb, 0x60, 0x0, 0x0, 0x7b, 0xcf,
    0xff, 0x3f, 0xff, 0xff, 0x60, 0x0, 0x7f, 0xff,
    0xff, 0xfe, 0xef, 0xff, 0xff, 0x40, 0x6f, 0xff,
    0xff, 0xff, 0x70, 0x0, 0x5f, 0xf3, 0x5f, 0xff,
    0x34, 0xff, 0x70, 0x0, 0x0, 0x64, 0x4f, 0xff,
    0x40, 0x2f, 0x70, 0x0, 0x0, 0x0, 0x3f, 0xff,
    0x50, 0x0, 0x0, 0x0, 0x0, 0x0, 0x3f, 0xff,
    0x63, 0x10, 0x1b, 0x30, 0x0, 0x0, 0x2e, 0xff,
    0x72, 0xed, 0x14, 0xff, 0x30, 0xab, 0xbe, 0xff,
    0x80, 0x9f, 0xfd, 0xcf, 0xff, 0x3f, 0xff, 0xff,
    0x90, 0x0, 0xbf, 0xff, 0xff, 0xfe, 0xef, 0xff,
    0xa0, 0x0, 0x0, 0xbf, 0xff, 0xff, 0x70, 0x0,
    0x0, 0x0, 0x0, 0x0, 0x4, 0xff, 0x70, 0x0,
    0x0, 0x0, 0x0, 0x0, 0x0, 0x2f, 0x70, 0x0,
    0x0, 0x0, 0x0, 0x0, 0x0, 0x0, 0x0, 0x0,

    /* U+F077 "" */
    0x0, 0x0, 0x0, 0x3b, 0x20, 0x0, 0x0, 0x0,
    0x0, 0x0, 0x3f, 0xfe, 0x20, 0x0, 0x0, 0x0,
    0x0, 0x3f, 0xff, 0xfe, 0x20, 0x0, 0x0, 0x0,
    0x3f, 0xff, 0xef, 0xfe, 0x20, 0x0, 0x0, 0x3f,
    0xff, 0x90, 0xbf, 0xfe, 0x20, 0x0, 0x3e, 0xff,
    0x90, 0x0, 0xbf, 0xfe, 0x20, 0x3e, 0xff, 0x90,
    0x0, 0x0, 0xbf, 0xfe, 0x2b, 0xff, 0x90, 0x0,
    0x0, 0x0, 0xbf, 0xf9, 0x3e, 0x90, 0x0, 0x0,
    0x0, 0x0, 0xad, 0x10, 0x0, 0x0, 0x0, 0x0,
    0x0, 0x0, 0x0,

    /* U+F078 "" */
    0x1a, 0x50, 0x0, 0x0, 0x0, 0x0, 0x69, 0xa,
    0xff, 0x50, 0x0, 0x0, 0x0, 0x7f, 0xf8, 0x5f,
    0xff, 0x50, 0x0, 0x0, 0x7f, 0xff, 0x40, 0x6f,
    0xff, 0x50, 0x0, 0x7f, 0xff, 0x40, 0x0, 0x6f,
    0xff, 0x50, 0x7f, 0xff, 0x40, 0x0, 0x0, 0x6f,
    0xff, 0xaf, 0xff, 0x40, 0x0, 0x0, 0x0, 0x6f,
    0xff, 0xff, 0x40, 0x0, 0x0, 0x0, 0x0, 0x6f,
    0xff, 0x40, 0x0, 0x0, 0x0, 0x0, 0x0, 0x6f,
    0x40, 0x0, 0x0, 0x0, 0x0, 0x0, 0x0, 0x0,
    0x0, 0x0, 0x0,

    /* U+F079 "" */
    0x0, 0x0, 0x7a, 0x0, 0x0, 0x0, 0x0, 0x0,
    0x0, 0x0, 0x0, 0x0, 0x0, 0x9f, 0xfc, 0x10,
    0x8e, 0xee, 0xee, 0xee, 0xea, 0x0, 0x0, 0x0,
    0x9f, 0xff, 0xfd, 0x16, 0xff, 0xff, 0xff, 0xff,
    0xf0, 0x0, 0x0, 0x9f, 0xff, 0xfe, 0xfd, 0x2,
    0x33, 0x33, 0x35, 0xff, 0x0, 0x0, 0xd, 0xf4,
    0xef, 0x4d, 0xf2, 0x0, 0x0, 0x0, 0x2f, 0xf0,
    0x0, 0x0, 0x2, 0xe, 0xf3, 0x12, 0x0, 0x0,
    0x0, 0x2, 0xff, 0x0, 0x0, 0x0, 0x0, 0xef,
    0x30, 0x0, 0x0, 0x0, 0x0, 0x2f, 0xf0, 0x0,
    0x0, 0x0, 0xe, 0xf3, 0x0, 0x0, 0x0, 0x1,
    0x2, 0xff, 0x1, 0x0, 0x0, 0x0, 0xef, 0x30,
    0x0, 0x0, 0x1, 0xfd, 0x4f, 0xf3, 0xfd, 0x0,
    0x0, 0xe, 0xf5, 0x22, 0x22, 0x21, 0xd, 0xfe,
    0xff, 0xef, 0xb0, 0x0, 0x0, 0xef, 0xff, 0xff,
    0xff, 0xf6, 0x1d, 0xff, 0xff, 0xa0, 0x0, 0x0,
    0xb, 0xff, 0xff, 0xff, 0xff, 0x90, 0x1c, 0xff,
    0xa0, 0x0, 0x0, 0x0, 0x0, 0x0, 0x0, 0x0,
    0x0, 0x0, 0xa, 0x80, 0x0, 0x0,

    /* U+F07B "" */
    0x4b, 0xcc, 0xcc, 0xb3, 0x0, 0x0, 0x0, 0x0,
    0xe, 0xff, 0xff, 0xff, 0xf3, 0x0, 0x0, 0x0,
    0x0, 0xff, 0xff, 0xff, 0xff, 0xfa, 0xaa, 0xaa,
    0xa9, 0x3f, 0xff, 0xff, 0xff, 0xff, 0xff, 0xff,
    0xff, 0xfe, 0xff, 0xff, 0xff, 0xff, 0xff, 0xff,
    0xff, 0xff, 0xff, 0xff, 0xff, 0xff, 0xff, 0xff,
    0xff, 0xff, 0xff, 0xff, 0xff, 0xff, 0xff, 0xff,
    0xff, 0xff, 0xff, 0xff, 0xff, 0xff, 0xff, 0xff,
    0xff, 0xff, 0xff, 0xff, 0xff, 0xff, 0xff, 0xff,
    0xff, 0xff, 0xff, 0xff, 0xff, 0xff, 0xff, 0xff,
    0xff, 0xff, 0xff, 0xff, 0xff, 0xff, 0xff, 0xff,
    0xff, 0xff, 0xff, 0xff, 0xff, 0xff, 0xff, 0xff,
    0xff, 0xff, 0xff, 0xff, 0xff, 0xff, 0x7f, 0xff,
    0xff, 0xff, 0xff, 0xff, 0xff, 0xff, 0x70,

    /* U+F093 "" */
    0x0, 0x0, 0x0, 0x4, 0xa0, 0x0, 0x0, 0x0,
    0x0, 0x0, 0x0, 0x4, 0xff, 0xc0, 0x0, 0x0,
    0x0, 0x0, 0x0, 0x4, 0xff, 0xff, 0xc0, 0x0,
    0x0, 0x0, 0x0, 0x4, 0xff, 0xff, 0xff, 0xc0,
    0x0, 0x0, 0x0, 0x4, 0xff, 0xff, 0xff, 0xff,
    0xc0, 0x0, 0x0, 0x3, 0xff, 0xff, 0xff, 0xff,
    0xff, 0xb0, 0x0, 0x0, 0x29, 0x99, 0xef, 0xff,
    0xc9, 0x97, 0x0, 0x0, 0x0, 0x0, 0xd, 0xff,
    0xf6, 0x0, 0x0, 0x0, 0x0, 0x0, 0x0, 0xdf,
    0xff, 0x60, 0x0, 0x0, 0x0, 0x0, 0x0, 0xd,
    0xff, 0xf6, 0x0, 0x0, 0x0, 0x0, 0x0, 0x0,
    0xdf, 0xff, 0x60, 0x0, 0x0, 0x0, 0x11, 0x11,
    0xd, 0xff, 0xf6, 0x1, 0x11, 0x10, 0xef, 0xff,
    0xf6, 0x8d, 0xdd, 0x36, 0xff, 0xff, 0xef, 0xff,
    0xff, 0xe5, 0x33, 0x35, 0xef, 0xff, 0xff, 0xff,
    0xff, 0xff, 0xff, 0xff, 0xff, 0xff, 0xff, 0xff,
    0xff, 0xff, 0xff, 0xff, 0xff, 0xb4, 0xd2, 0xff,
    0xdf, 0xff, 0xff, 0xff, 0xff, 0xff, 0xff, 0xff,
    0xd0,

    /* U+F095 "" */
    0x0, 0x0, 0x0, 0x0, 0x0, 0x0, 0x0, 0x0,
    0x0, 0x0, 0x0, 0x0, 0x0, 0x0, 0x0, 0xb,
    0xb7, 0x30, 0x0, 0x0, 0x0, 0x0, 0x0, 0x0,
    0x6f, 0xff, 0xfe, 0x0, 0x0, 0x0, 0x0, 0x0,
    0x0, 0xcf, 0xff, 0xff, 0x0, 0x0, 0x0, 0x0,
    0x0, 0x3, 0xff, 0xff, 0xfe, 0x0, 0x0, 0x0,
    0x0, 0x0, 0x9, 0xff, 0xff, 0xfc, 0x0, 0x0,
    0x0, 0x0, 0x0, 0x2, 0xdf, 0xff, 0xf8, 0x0,
    0x0, 0x0, 0x0, 0x0, 0x0, 0x1c, 0xff, 0xf4,
    0x0, 0x0, 0x0, 0x0, 0x0, 0x0, 0xb, 0xff,
    0xe0, 0x0, 0x0, 0x0, 0x0, 0x0, 0x0, 0x4f,
    0xff, 0x70, 0x0, 0x0, 0x0, 0x0, 0x0, 0x2,
    0xef, 0xfd, 0x0, 0x0, 0x0, 0x27, 0x0, 0x0,
    0x1d, 0xff, 0xf4, 0x0, 0x0, 0x4b, 0xff, 0xb0,
    0x3, 0xef, 0xff, 0x70, 0x0, 0xc, 0xff, 0xff,
    0xf9, 0xaf, 0xff, 0xf9, 0x0, 0x0, 0xd, 0xff,
    0xff, 0xff, 0xff, 0xff, 0x80, 0x0, 0x0, 0xa,
    0xff, 0xff, 0xff, 0xff, 0xe4, 0x0, 0x0, 0x0,
    0x6, 0xff, 0xff, 0xff, 0xf8, 0x0, 0x0, 0x0,
    0x0, 0x2, 0xff, 0xfd, 0xa5, 0x0, 0x0, 0x0,
    0x0, 0x0, 0x0, 0x11, 0x0, 0x0, 0x0, 0x0,
    0x0, 0x0, 0x0,

    /* U+F0C4 "" */
    0x4, 0xbc, 0x70, 0x0, 0x0, 0x0, 0x42, 0x0,
    0x5f, 0xff, 0xfa, 0x0, 0x0, 0x3e, 0xff, 0x90,
    0xdf, 0xa6, 0xff, 0x20, 0x2, 0xef, 0xff, 0x50,
    0xff, 0x20, 0xcf, 0x50, 0x2e, 0xff, 0xf5, 0x0,
    0xcf, 0xa7, 0xff, 0x32, 0xef, 0xff, 0x50, 0x0,
    0x4f, 0xff, 0xff, 0xcd, 0xff, 0xf5, 0x0, 0x0,
    0x3, 0xad, 0xff, 0xff, 0xff, 0x50, 0x0, 0x0,
    0x0, 0x0, 0xaf, 0xff, 0xf7, 0x0, 0x0, 0x0,
    0x0, 0x25, 0xef, 0xff, 0xfe, 0x20, 0x0, 0x0,
    0x1b, 0xff, 0xff, 0xff, 0xff, 0xe2, 0x0, 0x0,
    0x9f, 0xfe, 0xff, 0x67, 0xff, 0xfe, 0x20, 0x0,
    0xef, 0x40, 0xef, 0x40, 0x7f, 0xff, 0xe2, 0x0,
    0xef, 0x62, 0xef, 0x30, 0x6, 0xff, 0xfe, 0x20,
    0x8f, 0xff, 0xfd, 0x0, 0x0, 0x6f, 0xff, 0xb0,
    0x8, 0xef, 0xb2, 0x0, 0x0, 0x2, 0x76, 0x0,
    0x0, 0x0, 0x0, 0x0, 0x0, 0x0, 0x0, 0x0,

    /* U+F0C5 "" */
    0x0, 0x0, 0xbf, 0xff, 0xff, 0x64, 0xa0, 0x0,
    0x0, 0xe, 0xff, 0xff, 0xf7, 0x4f, 0xb0, 0x0,
    0x0, 0xef, 0xff, 0xff, 0x74, 0xff, 0xa8, 0xbb,
    0x2e, 0xff, 0xff, 0xf7, 0x3, 0x33, 0xff, 0xf3,
    0xef, 0xff, 0xff, 0xea, 0x99, 0x8f, 0xff, 0x3e,
    0xff, 0xff, 0xff, 0xff, 0xfe, 0xff, 0xf3, 0xef,
    0xff, 0xff, 0xff, 0xff, 0xef, 0xff, 0x3e, 0xff,
    0xff, 0xff, 0xff, 0xfe, 0xff, 0xf3, 0xef, 0xff,
    0xff, 0xff, 0xff, 0xef, 0xff, 0x3e, 0xff, 0xff,
    0xff, 0xff, 0xfe, 0xff, 0xf3, 0xef, 0xff, 0xff,
    0xff, 0xff, 0xef, 0xff, 0x3e, 0xff, 0xff, 0xff,
    0xff, 0xfe, 0xff, 0xf3, 0xef, 0xff, 0xff, 0xff,
    0xff, 0xef, 0xff, 0x4b, 0xff, 0xff, 0xff, 0xff,
    0xfa, 0xff, 0xfc, 0x10, 0x0, 0x0, 0x0, 0x0,
    0xf, 0xff, 0xff, 0xff, 0xff, 0xf7, 0x0, 0x0,
    0xef, 0xff, 0xff, 0xff, 0xff, 0x50, 0x0, 0x0,
    0x22, 0x22, 0x22, 0x22, 0x10, 0x0, 0x0,

    /* U+F0C7 "" */
    0x6e, 0xff, 0xff, 0xff, 0xff, 0xe9, 0x0, 0xf,
    0xff, 0xff, 0xff, 0xff, 0xff, 0xfa, 0x0, 0xff,
    0x52, 0x22, 0x22, 0x22, 0x8f, 0xf9, 0xf, 0xf2,
    0x0, 0x0, 0x0, 0x5, 0xff, 0xf8, 0xff, 0x20,
    0x0, 0x0, 0x0, 0x5f, 0xff, 0xef, 0xf2, 0x0,
    0x0, 0x0, 0x5, 0xff, 0xfe, 0xff, 0x53, 0x33,
    0x33, 0x33, 0x8f, 0xff, 0xef, 0xff, 0xff, 0xff,
    0xff, 0xff, 0xff, 0xfe, 0xff, 0xff, 0xff, 0xff,
    0xff, 0xff, 0xff, 0xef, 0xff, 0xff, 0xe2, 0x3,
    0xef, 0xff, 0xfe, 0xff, 0xff, 0xf6, 0x0, 0x7,
    0xff, 0xff, 0xef, 0xff, 0xff, 0x70, 0x0, 0x8f,
    0xff, 0xfe, 0xff, 0xff, 0xfe, 0x51, 0x5f, 0xff,
    0xff, 0xef, 0xff, 0xff, 0xff, 0xff, 0xff, 0xff,
    0xfe, 0x8f, 0xff, 0xff, 0xff, 0xff, 0xff, 0xff,
    0x70, 0x1, 0x11, 0x11, 0x11, 0x11, 0x11, 0x0,

    /* U+F0C9 "" */
    0xdf, 0xff, 0xff, 0xff, 0xff, 0xff, 0xff, 0xcf,
    0xff, 0xff, 0xff, 0xff, 0xff, 0xff, 0xfd, 0x57,
    0x77, 0x77, 0x77, 0x77, 0x77, 0x77, 0x40, 0x0,
    0x0, 0x0, 0x0, 0x0, 0x0, 0x0, 0x0, 0x0,
    0x0, 0x0, 0x0, 0x0, 0x0, 0x5, 0x77, 0x77,
    0x77, 0x77, 0x77, 0x77, 0x74, 0xff, 0xff, 0xff,
    0xff, 0xff, 0xff, 0xff, 0xde, 0xff, 0xff, 0xff,
    0xff, 0xff, 0xff, 0xfc, 0x0, 0x0, 0x0, 0x0,
    0x0, 0x0, 0x0, 0x0, 0x0, 0x0, 0x0, 0x0,
    0x0, 0x0, 0x0, 0x34, 0x44, 0x44, 0x44, 0x44,
    0x44, 0x44, 0x2f, 0xff, 0xff, 0xff, 0xff, 0xff,
    0xff, 0xfd, 0xff, 0xff, 0xff, 0xff, 0xff, 0xff,
    0xff, 0xd1, 0x22, 0x22, 0x22, 0x22, 0x22, 0x22,
    0x21,

    /* U+F0E0 "" */
    0x28, 0x88, 0x88, 0x88, 0x88, 0x88, 0x88, 0x88,
    0x2d, 0xff, 0xff, 0xff, 0xff, 0xff, 0xff, 0xff,
    0xfd, 0xff, 0xff, 0xff, 0xff, 0xff, 0xff, 0xff,
    0xff, 0xf7, 0xff, 0xff, 0xff, 0xff, 0xff, 0xff,
    0xff, 0xf7, 0x23, 0xef, 0xff, 0xff, 0xff, 0xff,
    0xff, 0xe3, 0x5f, 0x71, 0xbf, 0xff, 0xff, 0xff,
    0xff, 0xb2, 0xaf, 0xff, 0xc2, 0x7f, 0xff, 0xff,
    0xff, 0x73, 0xdf, 0xff, 0xff, 0xf6, 0x3d, 0xff,
    0xfd, 0x37, 0xff, 0xff, 0xff, 0xff, 0xfa, 0x19,
    0xe9, 0x1b, 0xff, 0xff, 0xff, 0xff, 0xff, 0xfe,
    0x63, 0x6e, 0xff, 0xff, 0xff, 0xff, 0xff, 0xff,
    0xff, 0xff, 0xff, 0xff, 0xff, 0xff, 0xff, 0xff,
    0xff, 0xff, 0xff, 0xff, 0xff, 0xff, 0x7f, 0xff,
    0xff, 0xff, 0xff, 0xff, 0xff, 0xff, 0x70,

    /* U+F0E7 "" */
    0x0, 0xbf, 0xff, 0xff, 0x40, 0x0, 0x0, 0xff,
    0xff, 0xff, 0x40, 0x0, 0x2, 0xff, 0xff, 0xfe,
    0x0, 0x0, 0x4, 0xff, 0xff, 0xf9, 0x0, 0x0,
    0x7, 0xff, 0xff, 0xf4, 0x0, 0x0, 0x9, 0xff,
    0xff, 0xfa, 0xaa, 0xa4, 0xb, 0xff, 0xff, 0xff,
    0xff, 0xf8, 0xd, 0xff, 0xff, 0xff, 0xff, 0xe0,
    0xf, 0xff, 0xff, 0xff, 0xff, 0x60, 0x7, 0x99,
    0x9b, 0xff, 0xfd, 0x0, 0x0, 0x0, 0x7, 0xff,
    0xf3, 0x0, 0x0, 0x0, 0xb, 0xff, 0xa0, 0x0,
    0x0, 0x0, 0xe, 0xff, 0x10, 0x0, 0x0, 0x0,
    0x2f, 0xf8, 0x0, 0x0, 0x0, 0x0, 0x6f, 0xe0,
    0x0, 0x0, 0x0, 0x0, 0xaf, 0x50, 0x0, 0x0,
    0x0, 0x0, 0xbb, 0x0, 0x0, 0x0, 0x0, 0x0,
    0x0, 0x0, 0x0, 0x0,

    /* U+F0EA "" */
    0x0, 0x1, 0xbd, 0x50, 0x0, 0x0, 0x0, 0xa,
    0xdd, 0xee, 0xaf, 0xdd, 0xc2, 0x0, 0x0, 0xff,
    0xff, 0xa4, 0xff, 0xff, 0x60, 0x0, 0xf, 0xff,
    0xff, 0xff, 0xff, 0xf6, 0x0, 0x0, 0xff, 0xff,
    0xf8, 0x66, 0x66, 0x20, 0x0, 0xf, 0xff, 0xf7,
    0x25, 0x55, 0x52, 0x11, 0x0, 0xff, 0xff, 0x4d,
    0xff, 0xff, 0x64, 0xe2, 0xf, 0xff, 0xf4, 0xef,
    0xff, 0xf6, 0x4f, 0xe2, 0xff, 0xff, 0x4e, 0xff,
    0xff, 0x63, 0xdd, 0xbf, 0xff, 0xf4, 0xef, 0xff,
    0xfc, 0x55, 0x54, 0xff, 0xff, 0x4e, 0xff, 0xff,
    0xff, 0xff, 0xef, 0xff, 0xf4, 0xef, 0xff, 0xff,
    0xff, 0xfe, 0xff, 0xff, 0x4e, 0xff, 0xff, 0xff,
    0xff, 0xec, 0xff, 0xf3, 0xef, 0xff, 0xff, 0xff,
    0xfe, 0x0, 0x0, 0xe, 0xff, 0xff, 0xff, 0xff,
    0xe0, 0x0, 0x0, 0xef, 0xff, 0xff, 0xff, 0xfe,
    0x0, 0x0, 0xc, 0xff, 0xff, 0xff, 0xff, 0xc0,
    0x0, 0x0, 0x2, 0x22, 0x22, 0x22, 0x20,

    /* U+F0F3 "" */
    0x0, 0x0, 0x0, 0x4c, 0x30, 0x0, 0x0, 0x0,
    0x0, 0x0, 0xa, 0xf8, 0x0, 0x0, 0x0, 0x0,
    0x0, 0x5d, 0xff, 0xfc, 0x30, 0x0, 0x0, 0x0,
    0x7f, 0xff, 0xff, 0xff, 0x50, 0x0, 0x0, 0x3f,
    0xff, 0xff, 0xff, 0xff, 0x10, 0x0, 0xa, 0xff,
    0xff, 0xff, 0xff, 0xf7, 0x0, 0x0, 0xdf, 0xff,
    0xff, 0xff, 0xff, 0xb0, 0x0, 0xe, 0xff, 0xff,
    0xff, 0xff, 0xfc, 0x0, 0x0, 0xff, 0xff, 0xff,
    0xff, 0xff, 0xd0, 0x0, 0x3f, 0xff, 0xff, 0xff,
    0xff, 0xff, 0x10, 0x8, 0xff, 0xff, 0xff, 0xff,
    0xff, 0xf6, 0x2, 0xff, 0xff, 0xff, 0xff, 0xff,
    0xff, 0xe1, 0xdf, 0xff, 0xff, 0xff, 0xff, 0xff,
    0xff, 0xba, 0xff, 0xff, 0xff, 0xff, 0xff, 0xff,
    0xf9, 0x0, 0x0, 0x0, 0x0, 0x0, 0x0, 0x0,
    0x0, 0x0, 0x0, 0x9f, 0xff, 0x70, 0x0, 0x0,
    0x0, 0x0, 0x1, 0xdf, 0xc0, 0x0, 0x0, 0x0,
    0x0, 0x0, 0x0, 0x10, 0x0, 0x0, 0x0,

    /* U+F11C "" */
    0x6e, 0xff, 0xff, 0xff, 0xff, 0xff, 0xff, 0xff,
    0xfe, 0x80, 0xff, 0xff, 0xff, 0xff, 0xff, 0xff,
    0xff, 0xff, 0xff, 0xf1, 0xff, 0x53, 0xf5, 0x2d,
    0x72, 0x5f, 0x35, 0xf3, 0x3f, 0xf2, 0xff, 0x20,
    0xe2, 0xc, 0x40, 0x2e, 0x2, 0xe0, 0xf, 0xf2,
    0xff, 0x64, 0xf6, 0x4e, 0x84, 0x7f, 0x46, 0xf4,
    0x5f, 0xf2, 0xff, 0xff, 0xce, 0xfc, 0xdf, 0xdc,
    0xfe, 0xcf, 0xff, 0xf2, 0xff, 0xfb, 0x5, 0xb0,
    0x1f, 0x30, 0x96, 0x9, 0xff, 0xf2, 0xff, 0xfc,
    0x17, 0xc1, 0x3f, 0x51, 0xb7, 0x1a, 0xff, 0xf2,
    0xff, 0xff, 0xff, 0xff, 0xff, 0xff, 0xff, 0xff,
    0xff, 0xf2, 0xff, 0x20, 0xe2, 0x0, 0x0, 0x0,
    0x2, 0xf0, 0xf, 0xf2, 0xff, 0x42, 0xf4, 0x22,
    0x22, 0x22, 0x24, 0xf2, 0x2f, 0xf2, 0xff, 0xff,
    0xff, 0xff, 0xff, 0xff, 0xff, 0xff, 0xff, 0xf1,
    0x7f, 0xff, 0xff, 0xff, 0xff, 0xff, 0xff, 0xff,
    0xff, 0x90,

    /* U+F124 "" */
    0x0, 0x0, 0x0, 0x0, 0x0, 0x0, 0x0, 0x0,
    0x0, 0x0, 0x0, 0x0, 0x0, 0x0, 0x0, 0x0,
    0x2, 0x9d, 0x50, 0x0, 0x0, 0x0, 0x0, 0x0,
    0x0, 0x3b, 0xff, 0xfe, 0x0, 0x0, 0x0, 0x0,
    0x0, 0x5, 0xcf, 0xff, 0xff, 0xc0, 0x0, 0x0,
    0x0, 0x0, 0x6d, 0xff, 0xff, 0xff, 0xf5, 0x0,
    0x0, 0x0, 0x17, 0xef, 0xff, 0xff, 0xff, 0xfd,
    0x0, 0x0, 0x1, 0x9f, 0xff, 0xff, 0xff, 0xff,
    0xff, 0x60, 0x0, 0x1a, 0xff, 0xff, 0xff, 0xff,
    0xff, 0xff, 0xe0, 0x0, 0xd, 0xff, 0xff, 0xff,
    0xff, 0xff, 0xff, 0xf8, 0x0, 0x0, 0xef, 0xff,
    0xff, 0xff, 0xff, 0xff, 0xff, 0x10, 0x0, 0x3,
    0xab, 0xbb, 0xbb, 0xdf, 0xff, 0xff, 0x90, 0x0,
    0x0, 0x0, 0x0, 0x0, 0x9, 0xff, 0xff, 0xf2,
    0x0, 0x0, 0x0, 0x0, 0x0, 0x0, 0x9f, 0xff,
    0xfa, 0x0, 0x0, 0x0, 0x0, 0x0, 0x0, 0x9,
    0xff, 0xff, 0x30, 0x0, 0x0, 0x0, 0x0, 0x0,
    0x0, 0x9f, 0xff, 0xc0, 0x0, 0x0, 0x0, 0x0,
    0x0, 0x0, 0x9, 0xff, 0xf4, 0x0, 0x0, 0x0,
    0x0, 0x0, 0x0, 0x0, 0x8f, 0xfd, 0x0, 0x0,
    0x0, 0x0, 0x0, 0x0, 0x0, 0x3, 0xff, 0x40,
    0x0, 0x0, 0x0, 0x0, 0x0, 0x0, 0x0, 0x0,
    0x0, 0x0, 0x0, 0x0, 0x0,

    /* U+F15B "" */
    0xcf, 0xff, 0xff, 0xf6, 0x49, 0x0, 0xf, 0xff,
    0xff, 0xff, 0x75, 0xfa, 0x0, 0xff, 0xff, 0xff,
    0xf7, 0x5f, 0xfa, 0xf, 0xff, 0xff, 0xff, 0x75,
    0xff, 0xf9, 0xff, 0xff, 0xff, 0xf7, 0x14, 0x44,
    0x4f, 0xff, 0xff, 0xff, 0xea, 0xaa, 0xa9, 0xff,
    0xff, 0xff, 0xff, 0xff, 0xff, 0xef, 0xff, 0xff,
    0xff, 0xff, 0xff, 0xfe, 0xff, 0xff, 0xff, 0xff,
    0xff, 0xff, 0xef, 0xff, 0xff, 0xff, 0xff, 0xff,
    0xfe, 0xff, 0xff, 0xff, 0xff, 0xff, 0xff, 0xef,
    0xff, 0xff, 0xff, 0xff, 0xff, 0xfe, 0xff, 0xff,
    0xff, 0xff, 0xff, 0xff, 0xef, 0xff, 0xff, 0xff,
    0xff, 0xff, 0xfe, 0xff, 0xff, 0xff, 0xff, 0xff,
    0xff, 0xef, 0xff, 0xff, 0xff, 0xff, 0xff, 0xfe,
    0xdf, 0xff, 0xff, 0xff, 0xff, 0xff, 0xc0, 0x0,
    0x0, 0x0, 0x0, 0x0, 0x0,

    /* U+F1EB "" */
    0x0, 0x0, 0x0, 0x0, 0x0, 0x0, 0x0, 0x0,
    0x0, 0x0, 0x0, 0x0, 0x0, 0x0, 0x47, 0xac,
    0xdc, 0xb8, 0x50, 0x0, 0x0, 0x0, 0x0, 0x1,
    0x8e, 0xff, 0xff, 0xff, 0xff, 0xff, 0xa3, 0x0,
    0x0, 0x0, 0x8f, 0xff, 0xff, 0xfe, 0xde, 0xff,
    0xff, 0xff, 0xa1, 0x0, 0x1c, 0xff, 0xfe, 0x83,
    0x0, 0x0, 0x2, 0x7c, 0xff, 0xfe, 0x30, 0xdf,
    0xfe, 0x60, 0x0, 0x0, 0x0, 0x0, 0x0, 0x4d,
    0xff, 0xf2, 0x5f, 0xc1, 0x0, 0x0, 0x46, 0x77,
    0x51, 0x0, 0x0, 0x9f, 0x90, 0x2, 0x0, 0x2,
    0xaf, 0xff, 0xff, 0xff, 0xc4, 0x0, 0x3, 0x0,
    0x0, 0x0, 0x7f, 0xff, 0xff, 0xff, 0xff, 0xff,
    0xa0, 0x0, 0x0, 0x0, 0x2, 0xff, 0xfd, 0x73,
    0x23, 0x6b, 0xff, 0xf6, 0x0, 0x0, 0x0, 0x0,
    0x6f, 0x60, 0x0, 0x0, 0x0, 0x3d, 0xa0, 0x0,
    0x0, 0x0, 0x0, 0x0, 0x0, 0x0, 0x20, 0x0,
    0x0, 0x0, 0x0, 0x0, 0x0, 0x0, 0x0, 0x0,
    0xc, 0xfe, 0x20, 0x0, 0x0, 0x0, 0x0, 0x0,
    0x0, 0x0, 0x0, 0x6f, 0xff, 0xa0, 0x0, 0x0,
    0x0, 0x0, 0x0, 0x0, 0x0, 0x0, 0x6f, 0xff,
    0xa0, 0x0, 0x0, 0x0, 0x0, 0x0, 0x0, 0x0,
    0x0, 0xb, 0xfd, 0x20, 0x0, 0x0, 0x0, 0x0,
    0x0, 0x0, 0x0, 0x0, 0x0, 0x0, 0x0, 0x0,
    0x0, 0x0, 0x0,

    /* U+F240 "" */
    0x6d, 0xee, 0xee, 0xee, 0xee, 0xee, 0xee, 0xee,
    0xee, 0xe8, 0x0, 0xff, 0xff, 0xff, 0xff, 0xff,
    0xff, 0xff, 0xff, 0xff, 0xff, 0x20, 0xff, 0x53,
    0x33, 0x33, 0x33, 0x33, 0x33, 0x33, 0x33, 0xff,
    0xb0, 0xff, 0x23, 0x44, 0x44, 0x44, 0x44, 0x44,
    0x44, 0x40, 0xff, 0xf3, 0xff, 0x2d, 0xff, 0xff,
    0xff, 0xff, 0xff, 0xff, 0xf0, 0x5f, 0xf3, 0xff,
    0x2d, 0xff, 0xff, 0xff, 0xff, 0xff, 0xff, 0xf0,
    0xe, 0xf3, 0xff, 0x2d, 0xff, 0xff, 0xff, 0xff,
    0xff, 0xff, 0xf0, 0x4f, 0xf3, 0xff, 0x2c, 0xff,
    0xff, 0xff, 0xff, 0xff, 0xff, 0xf0, 0xff, 0xf3,
    0xff, 0x42, 0x22, 0x22, 0x22, 0x22, 0x22, 0x22,
    0x22, 0xff, 0xc0, 0xff, 0xff, 0xff, 0xff, 0xff,
    0xff, 0xff, 0xff, 0xff, 0xff, 0x20, 0x6e, 0xff,
    0xff, 0xff, 0xff, 0xff, 0xff, 0xff, 0xff, 0xf9,
    0x0,

    /* U+F241 "" */
    0x6d, 0xee, 0xee, 0xee, 0xee, 0xee, 0xee, 0xee,
    0xee, 0xe8, 0x0, 0xff, 0xff, 0xff, 0xff, 0xff,
    0xff, 0xff, 0xff, 0xff, 0xff, 0x20, 0xff, 0x53,
    0x33, 0x33, 0x33, 0x33, 0x33, 0x33, 0x33, 0xff,
    0xb0, 0xff, 0x24, 0x44, 0x44, 0x44, 0x44, 0x43,
    0x0, 0x0, 0xff, 0xf3, 0xff, 0x2e, 0xff, 0xff,
    0xff, 0xff, 0xfb, 0x0, 0x0, 0x5f, 0xf3, 0xff,
    0x2e, 0xff, 0xff, 0xff, 0xff, 0xfb, 0x0, 0x0,
    0xe, 0xf3, 0xff, 0x2e, 0xff, 0xff, 0xff, 0xff,
    0xfb, 0x0, 0x0, 0x4f, 0xf3, 0xff, 0x2e, 0xff,
    0xff, 0xff, 0xff, 0xfa, 0x0, 0x0, 0xff, 0xf3,
    0xff, 0x42, 0x22, 0x22, 0x22, 0x22, 0x22, 0x22,
    0x22, 0xff, 0xc0, 0xff, 0xff, 0xff, 0xff, 0xff,
    0xff, 0xff, 0xff, 0xff, 0xff, 0x20, 0x6e, 0xff,
    0xff, 0xff, 0xff, 0xff, 0xff, 0xff, 0xff, 0xf9,
    0x0,

    /* U+F242 "" */
    0x6d, 0xee, 0xee, 0xee, 0xee, 0xee, 0xee, 0xee,
    0xee, 0xe8, 0x0, 0xff, 0xff, 0xff, 0xff, 0xff,
    0xff, 0xff, 0xff, 0xff, 0xff, 0x20, 0xff, 0x53,
    0x33, 0x33, 0x33, 0x33, 0x33, 0x33, 0x33, 0xff,
    0xb0, 0xff, 0x24, 0x44, 0x44, 0x44, 0x20, 0x0,
    0x0, 0x0, 0xff, 0xf3, 0xff, 0x2e, 0xff, 0xff,
    0xff, 0x80, 0x0, 0x0, 0x0, 0x5f, 0xf3, 0xff,
    0x2e, 0xff, 0xff, 0xff, 0x80, 0x0, 0x0, 0x0,
    0xe, 0xf3, 0xff, 0x2e, 0xff, 0xff, 0xff, 0x80,
    0x0, 0x0, 0x0, 0x4f, 0xf3, 0xff, 0x2e, 0xff,
    0xff, 0xff, 0x70, 0x0, 0x0, 0x0, 0xff, 0xf3,
    0xff, 0x42, 0x22, 0x22, 0x22, 0x22, 0x22, 0x22,
    0x22, 0xff, 0xc0, 0xff, 0xff, 0xff, 0xff, 0xff,
    0xff, 0xff, 0xff, 0xff, 0xff, 0x20, 0x6e, 0xff,
    0xff, 0xff, 0xff, 0xff, 0xff, 0xff, 0xff, 0xf9,
    0x0,

    /* U+F243 "" */
    0x6d, 0xee, 0xee, 0xee, 0xee, 0xee, 0xee, 0xee,
    0xee, 0xe8, 0x0, 0xff, 0xff, 0xff, 0xff, 0xff,
    0xff, 0xff, 0xff, 0xff, 0xff, 0x20, 0xff, 0x53,
    0x33, 0x33, 0x33, 0x33, 0x33, 0x33, 0x33, 0xff,
    0xb0, 0xff, 0x24, 0x44, 0x41, 0x0, 0x0, 0x0,
    0x0, 0x0, 0xff, 0xf3, 0xff, 0x2e, 0xff, 0xf5,
    0x0, 0x0, 0x0, 0x0, 0x0, 0x5f, 0xf3, 0xff,
    0x2e, 0xff, 0xf5, 0x0, 0x0, 0x0, 0x0, 0x0,
    0xe, 0xf3, 0xff, 0x2e, 0xff, 0xf5, 0x0, 0x0,
    0x0, 0x0, 0x0, 0x4f, 0xf3, 0xff, 0x2e, 0xff,
    0xf5, 0x0, 0x0, 0x0, 0x0, 0x0, 0xff, 0xf3,
    0xff, 0x42, 0x22, 0x22, 0x22, 0x22, 0x22, 0x22,
    0x22, 0xff, 0xc0, 0xff, 0xff, 0xff, 0xff, 0xff,
    0xff, 0xff, 0xff, 0xff, 0xff, 0x20, 0x6e, 0xff,
    0xff, 0xff, 0xff, 0xff, 0xff, 0xff, 0xff, 0xf9,
    0x0,

    /* U+F244 "" */
    0x6d, 0xee, 0xee, 0xee, 0xee, 0xee, 0xee, 0xee,
    0xee, 0xe8, 0x0, 0xff, 0xff, 0xff, 0xff, 0xff,
    0xff, 0xff, 0xff, 0xff, 0xff, 0x20, 0xff, 0x53,
    0x33, 0x33, 0x33, 0x33, 0x33, 0x33, 0x33, 0xff,
    0xb0, 0xff, 0x20, 0x0, 0x0, 0x0, 0x0, 0x0,
    0x0, 0x0, 0xff, 0xf3, 0xff, 0x20, 0x0, 0x0,
    0x0, 0x0, 0x0, 0x0, 0x0, 0x5f, 0xf3, 0xff,
    0x20, 0x0, 0x0, 0x0, 0x0, 0x0, 0x0, 0x0,
    0xe, 0xf3, 0xff, 0x20, 0x0, 0x0, 0x0, 0x0,
    0x0, 0x0, 0x0, 0x4f, 0xf3, 0xff, 0x20, 0x0,
    0x0, 0x0, 0x0, 0x0, 0x0, 0x0, 0xff, 0xf3,
    0xff, 0x42, 0x22, 0x22, 0x22, 0x22, 0x22, 0x22,
    0x22, 0xff, 0xc0, 0xff, 0xff, 0xff, 0xff, 0xff,
    0xff, 0xff, 0xff, 0xff, 0xff, 0x20, 0x6e, 0xff,
    0xff, 0xff, 0xff, 0xff, 0xff, 0xff, 0xff, 0xf9,
    0x0,

    /* U+F287 "" */
    0x0, 0x0, 0x0, 0x0, 0x0, 0x9, 0xd6, 0x0,
    0x0, 0x0, 0x0, 0x0, 0x0, 0x0, 0x0, 0x3a,
    0xbf, 0xff, 0x10, 0x0, 0x0, 0x0, 0x0, 0x0,
    0x0, 0x1, 0xfa, 0x8f, 0xff, 0x0, 0x0, 0x0,
    0x0, 0x0, 0x0, 0x0, 0x9, 0xb0, 0x5, 0x93,
    0x0, 0x0, 0x0, 0x0, 0x8, 0xb6, 0x0, 0x1f,
    0x30, 0x0, 0x0, 0x0, 0x1, 0x30, 0x0, 0xaf,
    0xff, 0x60, 0xab, 0x0, 0x0, 0x0, 0x0, 0x4,
    0xfa, 0x10, 0xff, 0xff, 0xff, 0xff, 0xff, 0xff,
    0xff, 0xff, 0xff, 0xff, 0xe2, 0xcf, 0xff, 0x93,
    0x33, 0x8f, 0x43, 0x33, 0x33, 0x36, 0xfd, 0x40,
    0x2c, 0xea, 0x0, 0x0, 0xd, 0x70, 0x0, 0x0,
    0x2, 0x70, 0x0, 0x0, 0x0, 0x0, 0x0, 0x5,
    0xe0, 0x7, 0x88, 0x40, 0x0, 0x0, 0x0, 0x0,
    0x0, 0x0, 0x0, 0xca, 0x5f, 0xff, 0x90, 0x0,
    0x0, 0x0, 0x0, 0x0, 0x0, 0x0, 0x1a, 0xdf,
    0xff, 0x90, 0x0, 0x0, 0x0, 0x0, 0x0, 0x0,
    0x0, 0x0, 0xf, 0xff, 0x80, 0x0, 0x0, 0x0,
    0x0, 0x0, 0x0, 0x0, 0x0, 0x0, 0x0, 0x0,
    0x0, 0x0,

    /* U+F293 "" */
    0x0, 0x3, 0x9c, 0xdc, 0xa5, 0x0, 0x0, 0x9,
    0xff, 0xfc, 0xff, 0xfb, 0x0, 0x7, 0xff, 0xff,
    0x1c, 0xff, 0xf9, 0x1, 0xff, 0xff, 0xf0, 0x1d,
    0xff, 0xf2, 0x6f, 0xff, 0xff, 0x3, 0x1d, 0xff,
    0x7a, 0xfe, 0x1a, 0xf0, 0x97, 0x1e, 0xfa, 0xcf,
    0xf8, 0xa, 0x8, 0x35, 0xff, 0xcd, 0xff, 0xf8,
    0x0, 0x4, 0xff, 0xfd, 0xef, 0xff, 0xf7, 0x1,
    0xff, 0xff, 0xee, 0xff, 0xfe, 0x20, 0x9, 0xff,
    0xfe, 0xdf, 0xfe, 0x23, 0x4, 0xa, 0xff, 0xdb,
    0xfe, 0x23, 0xf0, 0x98, 0xc, 0xfc, 0x8f, 0xf8,
    0xff, 0x17, 0x16, 0xff, 0x93, 0xff, 0xff, 0xf1,
    0x6, 0xff, 0xf4, 0xb, 0xff, 0xff, 0x17, 0xff,
    0xfd, 0x0, 0x1d, 0xff, 0xf8, 0xff, 0xff, 0x30,
    0x0, 0x8, 0xdf, 0xff, 0xfa, 0x30, 0x0, 0x0,
    0x0, 0x1, 0x10, 0x0, 0x0,

    /* U+F2ED "" */
    0x0, 0x0, 0x2d, 0xee, 0xec, 0x10, 0x0, 0xc,
    0xee, 0xee, 0xff, 0xff, 0xfe, 0xee, 0xeb, 0xff,
    0xff, 0xff, 0xff, 0xff, 0xff, 0xff, 0xd1, 0x22,
    0x22, 0x22, 0x22, 0x22, 0x22, 0x21, 0xc, 0xdd,
    0xdd, 0xdd, 0xdd, 0xdd, 0xda, 0x0, 0xff, 0xff,
    0xff, 0xff, 0xff, 0xff, 0xd0, 0xf, 0xfd, 0x8f,
    0xf6, 0xff, 0x7f, 0xfd, 0x0, 0xff, 0xb3, 0xfe,
    0xf, 0xf1, 0xdf, 0xd0, 0xf, 0xfb, 0x3f, 0xe0,
    0xff, 0x1d, 0xfd, 0x0, 0xff, 0xb3, 0xfe, 0xf,
    0xf1, 0xdf, 0xd0, 0xf, 0xfb, 0x3f, 0xe0, 0xff,
    0x1d, 0xfd, 0x0, 0xff, 0xb3, 0xfe, 0xf, 0xf1,
    0xdf, 0xd0, 0xf, 0xfb, 0x3f, 0xe0, 0xff, 0x1d,
    0xfd, 0x0, 0xff, 0xb3, 0xfe, 0xf, 0xf1, 0xdf,
    0xd0, 0xf, 0xfc, 0x4f, 0xf2, 0xff, 0x3e, 0xfd,
    0x0, 0xef, 0xff, 0xff, 0xff, 0xff, 0xff, 0xc0,
    0x8, 0xff, 0xff, 0xff, 0xff, 0xff, 0xf6, 0x0,
    0x1, 0x22, 0x22, 0x22, 0x22, 0x21, 0x0,

    /* U+F304 "" */
    0x0, 0x0, 0x0, 0x0, 0x0, 0x0, 0x8, 0xd6,
    0x0, 0x0, 0x0, 0x0, 0x0, 0x0, 0x0, 0x9f,
    0xff, 0x70, 0x0, 0x0, 0x0, 0x0, 0x0, 0x5,
    0xff, 0xff, 0xf6, 0x0, 0x0, 0x0, 0x0, 0x0,
    0x81, 0x9f, 0xff, 0xff, 0x0, 0x0, 0x0, 0x0,
    0x9, 0xfd, 0x19, 0xff, 0xfb, 0x0, 0x0, 0x0,
    0x0, 0x9f, 0xff, 0xd1, 0x9f, 0xc1, 0x0, 0x0,
    0x0, 0x9, 0xff, 0xff, 0xfd, 0x17, 0x10, 0x0,
    0x0, 0x0, 0x9f, 0xff, 0xff, 0xff, 0xa0, 0x0,
    0x0, 0x0, 0x9, 0xff, 0xff, 0xff, 0xfc, 0x10,
    0x0, 0x0, 0x0, 0x9f, 0xff, 0xff, 0xff, 0xc1,
    0x0, 0x0, 0x0, 0x9, 0xff, 0xff, 0xff, 0xfc,
    0x10, 0x0, 0x0, 0x0, 0x9f, 0xff, 0xff, 0xff,
    0xc1, 0x0, 0x0, 0x0, 0x7, 0xff, 0xff, 0xff,
    0xfc, 0x10, 0x0, 0x0, 0x0, 0xb, 0xff, 0xff,
    0xff, 0xc1, 0x0, 0x0, 0x0, 0x0, 0xc, 0xff,
    0xff, 0xfc, 0x10, 0x0, 0x0, 0x0, 0x0, 0xe,
    0xff, 0xff, 0xc1, 0x0, 0x0, 0x0, 0x0, 0x0,
    0xe, 0xff, 0xda, 0x10, 0x0, 0x0, 0x0, 0x0,
    0x0, 0x0, 0x0, 0x0, 0x0, 0x0, 0x0, 0x0,
    0x0, 0x0,

    /* U+F55A "" */
    0x0, 0x0, 0x4, 0xac, 0xcc, 0xcc, 0xcc, 0xcc,
    0xcc, 0xca, 0x30, 0x0, 0x0, 0x5f, 0xff, 0xff,
    0xff, 0xff, 0xff, 0xff, 0xff, 0xf1, 0x0, 0x5,
    0xff, 0xff, 0xff, 0xff, 0xff, 0xff, 0xff, 0xff,
    0xf3, 0x0, 0x5f, 0xff, 0xff, 0xf8, 0x1d, 0xff,
    0x62, 0xef, 0xff, 0xf4, 0x5, 0xff, 0xff, 0xff,
    0xf3, 0x1, 0xc6, 0x0, 0xbf, 0xff, 0xf4, 0x5f,
    0xff, 0xff, 0xff, 0xfe, 0x30, 0x0, 0xa, 0xff,
    0xff, 0xf4, 0xff, 0xff, 0xff, 0xff, 0xff, 0xe1,
    0x0, 0x7f, 0xff, 0xff, 0xf4, 0x9f, 0xff, 0xff,
    0xff, 0xff, 0x60, 0x0, 0x1c, 0xff, 0xff, 0xf4,
    0x9, 0xff, 0xff, 0xff, 0xf6, 0x0, 0x93, 0x1,
    0xdf, 0xff, 0xf4, 0x0, 0x9f, 0xff, 0xff, 0xf4,
    0xa, 0xfe, 0x30, 0xcf, 0xff, 0xf4, 0x0, 0x9,
    0xff, 0xff, 0xff, 0xcf, 0xff, 0xfd, 0xff, 0xff,
    0xf3, 0x0, 0x0, 0x9f, 0xff, 0xff, 0xff, 0xff,
    0xff, 0xff, 0xff, 0xf1, 0x0, 0x0, 0x7, 0xef,
    0xff, 0xff, 0xff, 0xff, 0xff, 0xfe, 0x60,

    /* U+F7C2 "" */
    0x0, 0x4, 0xff, 0xff, 0xff, 0xfc, 0x20, 0x4,
    0xff, 0xff, 0xff, 0xff, 0xfb, 0x4, 0xfc, 0x2e,
    0x43, 0xf3, 0x5f, 0xe4, 0xff, 0xb0, 0xe2, 0xf,
    0x3, 0xfe, 0xff, 0xfb, 0xe, 0x20, 0xf0, 0x3f,
    0xef, 0xff, 0xea, 0xfb, 0xaf, 0xab, 0xfe, 0xff,
    0xff, 0xff, 0xff, 0xff, 0xff, 0xef, 0xff, 0xff,
    0xff, 0xff, 0xff, 0xfe, 0xff, 0xff, 0xff, 0xff,
    0xff, 0xff, 0xef, 0xff, 0xff, 0xff, 0xff, 0xff,
    0xfe, 0xff, 0xff, 0xff, 0xff, 0xff, 0xff, 0xef,
    0xff, 0xff, 0xff, 0xff, 0xff, 0xfe, 0xff, 0xff,
    0xff, 0xff, 0xff, 0xff, 0xef, 0xff, 0xff, 0xff,
    0xff, 0xff, 0xfe, 0xff, 0xff, 0xff, 0xff, 0xff,
    0xff, 0xed, 0xff, 0xff, 0xff, 0xff, 0xff, 0xfc,
    0x4e, 0xff, 0xff, 0xff, 0xff, 0xfd, 0x30, 0x0,
    0x0, 0x0, 0x0, 0x0, 0x0,

    /* U+F8A2 "" */
    0x0, 0x0, 0x0, 0x0, 0x0, 0x0, 0x0, 0x0,
    0x80, 0x0, 0x0, 0x0, 0x0, 0x0, 0x0, 0x0,
    0xa, 0xf1, 0x0, 0x0, 0x71, 0x0, 0x0, 0x0,
    0x0, 0x7f, 0xf1, 0x0, 0x1c, 0xf5, 0x0, 0x0,
    0x0, 0x0, 0x9f, 0xf1, 0x1, 0xdf, 0xf6, 0x0,
    0x0, 0x0, 0x0, 0x9f, 0xf1, 0x2e, 0xff, 0xfc,
    0xaa, 0xaa, 0xaa, 0xaa, 0xdf, 0xf1, 0xdf, 0xff,
    0xff, 0xff, 0xff, 0xff, 0xff, 0xff, 0xf1, 0x6f,
    0xff, 0xff, 0xff, 0xff, 0xff, 0xff, 0xff, 0xd0,
    0x6, 0xff, 0xf6, 0x0, 0x0, 0x0, 0x0, 0x0,
    0x0, 0x0, 0x5f, 0xf6, 0x0, 0x0, 0x0, 0x0,
    0x0, 0x0, 0x0, 0x4, 0xd3, 0x0, 0x0, 0x0,
    0x0, 0x0, 0x0
};


/*---------------------
 *  GLYPH DESCRIPTION
 *--------------------*/

static const lv_font_fmt_txt_glyph_dsc_t glyph_dsc[] = {
    {.bitmap_index = 0, .adv_w = 0, .box_w = 0, .box_h = 0, .ofs_x = 0, .ofs_y = 0} /* id = 0 reserved */,
    {.bitmap_index = 0, .adv_w = 73, .box_w = 0, .box_h = 0, .ofs_x = 0, .ofs_y = 0},
    {.bitmap_index = 0, .adv_w = 64, .box_w = 2, .box_h = 13, .ofs_x = 1, .ofs_y = 0},
    {.bitmap_index = 13, .adv_w = 93, .box_w = 5, .box_h = 5, .ofs_x = 0, .ofs_y = 9},
    {.bitmap_index = 26, .adv_w = 175, .box_w = 11, .box_h = 12, .ofs_x = 0, .ofs_y = 0},
    {.bitmap_index = 92, .adv_w = 155, .box_w = 10, .box_h = 17, .ofs_x = 0, .ofs_y = -2},
    {.bitmap_index = 177, .adv_w = 210, .box_w = 13, .box_h = 12, .ofs_x = 0, .ofs_y = 0},
    {.bitmap_index = 255, .adv_w = 192, .box_w = 13, .box_h = 14, .ofs_x = 0, .ofs_y = 0},
    {.bitmap_index = 346, .adv_w = 51, .box_w = 3, .box_h = 5, .ofs_x = 0, .ofs_y = 9},
    {.bitmap_index = 354, .adv_w = 94, .box_w = 5, .box_h = 16, .ofs_x = 1, .ofs_y = -2},
    {.bitmap_index = 394, .adv_w = 94, .box_w = 5, .box_h = 16, .ofs_x = 0, .ofs_y = -2},
    {.bitmap_index = 434, .adv_w = 117, .box_w = 7, .box_h = 7, .ofs_x = 0, .ofs_y = 5},
    {.bitmap_index = 459, .adv_w = 155, .box_w = 9, .box_h = 8, .ofs_x = 0, .ofs_y = 2},
    {.bitmap_index = 495, .adv_w = 66, .box_w = 3, .box_h = 5, .ofs_x = 1, .ofs_y = -3},
    {.bitmap_index = 503, .adv_w = 133, .box_w = 7, .box_h = 3, .ofs_x = 1, .ofs_y = 4},
    {.bitmap_index = 514, .adv_w = 63, .box_w = 2, .box_h = 2, .ofs_x = 1, .ofs_y = 0},
    {.bitmap_index = 516, .adv_w = 106, .box_w = 7, .box_h = 12, .ofs_x = 0, .ofs_y = 0},
    {.bitmap_index = 558, .adv_w = 155, .box_w = 9, .box_h = 12, .ofs_x = 0, .ofs_y = 0},
    {.bitmap_index = 612, .adv_w = 155, .box_w = 6, .box_h = 12, .ofs_x = 1, .ofs_y = 0},
    {.bitmap_index = 648, .adv_w = 155, .box_w = 9, .box_h = 12, .ofs_x = 0, .ofs_y = 0},
    {.bitmap_index = 702, .adv_w = 155, .box_w = 9, .box_h = 12, .ofs_x = 0, .ofs_y = 0},
    {.bitmap_index = 756, .adv_w = 155, .box_w = 10, .box_h = 12, .ofs_x = 0, .ofs_y = 0},
    {.bitmap_index = 816, .adv_w = 155, .box_w = 8, .box_h = 12, .ofs_x = 1, .ofs_y = 0},
    {.bitmap_index = 864, .adv_w = 155, .box_w = 9, .box_h = 12, .ofs_x = 0, .ofs_y = 0},
    {.bitmap_index = 918, .adv_w = 155, .box_w = 9, .box_h = 12, .ofs_x = 0, .ofs_y = 0},
    {.bitmap_index = 972, .adv_w = 155, .box_w = 9, .box_h = 12, .ofs_x = 0, .ofs_y = 0},
    {.bitmap_index = 1026, .adv_w = 155, .box_w = 9, .box_h = 12, .ofs_x = 0, .ofs_y = 0},
    {.bitmap_index = 1080, .adv_w = 69, .box_w = 3, .box_h = 9, .ofs_x = 1, .ofs_y = 0},
    {.bitmap_index = 1094, .adv_w = 72, .box_w = 3, .box_h = 12, .ofs_x = 1, .ofs_y = -3},
    {.bitmap_index = 1112, .adv_w = 155, .box_w = 9, .box_h = 9, .ofs_x = 0, .ofs_y = 2},
    {.bitmap_index = 1153, .adv_w = 155, .box_w = 9, .box_h = 6, .ofs_x = 0, .ofs_y = 3},
    {.bitmap_index = 1180, .adv_w = 155, .box_w = 9, .box_h = 9, .ofs_x = 0, .ofs_y = 2},
    {.bitmap_index = 1221, .adv_w = 118, .box_w = 9, .box_h = 14, .ofs_x = -1, .ofs_y = 0},
    {.bitmap_index = 1284, .adv_w = 265, .box_w = 16, .box_h = 17, .ofs_x = 0, .ofs_y = -3},
    {.bitmap_index = 1420, .adv_w = 181, .box_w = 12, .box_h = 12, .ofs_x = 0, .ofs_y = 0},
    {.bitmap_index = 1492, .adv_w = 177, .box_w = 10, .box_h = 12, .ofs_x = 1, .ofs_y = 0},
    {.bitmap_index = 1552, .adv_w = 177, .box_w = 11, .box_h = 12, .ofs_x = 0, .ofs_y = 0},
    {.bitmap_index = 1618, .adv_w = 194, .box_w = 11, .box_h = 12, .ofs_x = 1, .ofs_y = 0},
    {.bitmap_index = 1684, .adv_w = 162, .box_w = 9, .box_h = 12, .ofs_x = 1, .ofs_y = 0},
    {.bitmap_index = 1738, .adv_w = 154, .box_w = 9, .box_h = 12, .ofs_x = 1, .ofs_y = 0},
    {.bitmap_index = 1792, .adv_w = 190, .box_w = 12, .box_h = 12, .ofs_x = 0, .ofs_y = 0},
    {.bitmap_index = 1864, .adv_w = 203, .box_w = 11, .box_h = 12, .ofs_x = 1, .ofs_y = 0},
    {.bitmap_index = 1930, .adv_w = 72, .box_w = 2, .box_h = 12, .ofs_x = 1, .ofs_y = 0},
    {.bitmap_index = 1942, .adv_w = 124, .box_w = 7, .box_h = 12, .ofs_x = 0, .ofs_y = 0},
    {.bitmap_index = 1984, .adv_w = 184, .box_w = 11, .box_h = 12, .ofs_x = 1, .ofs_y = 0},
    {.bitmap_index = 2050, .adv_w = 154, .box_w = 9, .box_h = 12, .ofs_x = 1, .ofs_y = 0},
    {.bitmap_index = 2104, .adv_w = 235, .box_w = 13, .box_h = 12, .ofs_x = 1, .ofs_y = 0},
    {.bitmap_index = 2182, .adv_w = 201, .box_w = 11, .box_h = 12, .ofs_x = 1, .ofs_y = 0},
    {.bitmap_index = 2248, .adv_w = 208, .box_w = 13, .box_h = 12, .ofs_x = 0, .ofs_y = 0},
    {.bitmap_index = 2326, .adv_w = 162, .box_w = 9, .box_h = 12, .ofs_x = 1, .ofs_y = 0},
    {.bitmap_index = 2380, .adv_w = 208, .box_w = 14, .box_h = 15, .ofs_x = 0, .ofs_y = -3},
    {.bitmap_index = 2485, .adv_w = 175, .box_w = 10, .box_h = 12, .ofs_x = 1, .ofs_y = 0},
    {.bitmap_index = 2545, .adv_w = 156, .box_w = 10, .box_h = 12, .ofs_x = 0, .ofs_y = 0},
    {.bitmap_index = 2605, .adv_w = 154, .box_w = 10, .box_h = 12, .ofs_x = 0, .ofs_y = 0},
    {.bitmap_index = 2665, .adv_w = 199, .box_w = 11, .box_h = 12, .ofs_x = 1, .ofs_y = 0},
    {.bitmap_index = 2731, .adv_w = 179, .box_w = 12, .box_h = 12, .ofs_x = 0, .ofs_y = 0},
    {.bitmap_index = 2803, .adv_w = 263, .box_w = 17, .box_h = 12, .ofs_x = 0, .ofs_y = 0},
    {.bitmap_index = 2905, .adv_w = 179, .box_w = 11, .box_h = 12, .ofs_x = 0, .ofs_y = 0},
    {.bitmap_index = 2971, .adv_w = 168, .box_w = 11, .box_h = 12, .ofs_x = 0, .ofs_y = 0},
    {.bitmap_index = 3037, .adv_w = 157, .box_w = 10, .box_h = 12, .ofs_x = 0, .ofs_y = 0},
    {.bitmap_index = 3097, .adv_w = 94, .box_w = 5, .box_h = 17, .ofs_x = 1, .ofs_y = -3},
    {.bitmap_index = 3140, .adv_w = 106, .box_w = 7, .box_h = 12, .ofs_x = 0, .ofs_y = 0},
    {.bitmap_index = 3182, .adv_w = 94, .box_w = 5, .box_h = 17, .ofs_x = 0, .ofs_y = -3},
    {.bitmap_index = 3225, .adv_w = 128, .box_w = 8, .box_h = 7, .ofs_x = 0, .ofs_y = 6},
    {.bitmap_index = 3253, .adv_w = 113, .box_w = 8, .box_h = 3, .ofs_x = 0, .ofs_y = -3},
    {.bitmap_index = 3265, .adv_w = 82, .box_w = 4, .box_h = 3, .ofs_x = 1, .ofs_y = 10},
    {.bitmap_index = 3271, .adv_w = 149, .box_w = 9, .box_h = 9, .ofs_x = 0, .ofs_y = 0},
    {.bitmap_index = 3312, .adv_w = 165, .box_w = 9, .box_h = 13, .ofs_x = 1, .ofs_y = 0},
    {.bitmap_index = 3371, .adv_w = 134, .box_w = 9, .box_h = 9, .ofs_x = 0, .ofs_y = 0},
    {.bitmap_index = 3412, .adv_w = 165, .box_w = 10, .box_h = 13, .ofs_x = 0, .ofs_y = 0},
    {.bitmap_index = 3477, .adv_w = 149, .box_w = 9, .box_h = 9, .ofs_x = 0, .ofs_y = 0},
    {.bitmap_index = 3518, .adv_w = 94, .box_w = 7, .box_h = 14, .ofs_x = 0, .ofs_y = 0},
    {.bitmap_index = 3567, .adv_w = 165, .box_w = 10, .box_h = 13, .ofs_x = 0, .ofs_y = -4},
    {.bitmap_index = 3632, .adv_w = 158, .box_w = 8, .box_h = 13, .ofs_x = 1, .ofs_y = 0},
    {.bitmap_index = 3684, .adv_w = 66, .box_w = 3, .box_h = 12, .ofs_x = 1, .ofs_y = 0},
    {.bitmap_index = 3702, .adv_w = 65, .box_w = 6, .box_h = 16, .ofs_x = -3, .ofs_y = -4},
    {.bitmap_index = 3750, .adv_w = 142, .box_w = 8, .box_h = 13, .ofs_x = 1, .ofs_y = 0},
    {.bitmap_index = 3802, .adv_w = 65, .box_w = 2, .box_h = 13, .ofs_x = 1, .ofs_y = 0},
    {.bitmap_index = 3815, .adv_w = 232, .box_w = 13, .box_h = 9, .ofs_x = 1, .ofs_y = 0},
    {.bitmap_index = 3874, .adv_w = 158, .box_w = 8, .box_h = 9, .ofs_x = 1, .ofs_y = 0},
    {.bitmap_index = 3910, .adv_w = 161, .box_w = 10, .box_h = 9, .ofs_x = 0, .ofs_y = 0},
    {.bitmap_index = 3955, .adv_w = 165, .box_w = 9, .box_h = 13, .ofs_x = 1, .ofs_y = -4},
    {.bitmap_index = 4014, .adv_w = 165, .box_w = 10, .box_h = 13, .ofs_x = 0, .ofs_y = -4},
    {.bitmap_index = 4079, .adv_w = 102, .box_w = 6, .box_h = 9, .ofs_x = 1, .ofs_y = 0},
    {.bitmap_index = 4106, .adv_w = 124, .box_w = 8, .box_h = 9, .ofs_x = 0, .ofs_y = 0},
    {.bitmap_index = 4142, .adv_w = 100, .box_w = 7, .box_h = 12, .ofs_x = 0, .ofs_y = 0},
    {.bitmap_index = 4184, .adv_w = 158, .box_w = 8, .box_h = 9, .ofs_x = 1, .ofs_y = 0},
    {.bitmap_index = 4220, .adv_w = 140, .box_w = 9, .box_h = 9, .ofs_x = 0, .ofs_y = 0},
    {.bitmap_index = 4261, .adv_w = 212, .box_w = 14, .box_h = 9, .ofs_x = 0, .ofs_y = 0},
    {.bitmap_index = 4324, .adv_w = 135, .box_w = 9, .box_h = 9, .ofs_x = 0, .ofs_y = 0},
    {.bitmap_index = 4365, .adv_w = 141, .box_w = 9, .box_h = 13, .ofs_x = 0, .ofs_y = -4},
    {.bitmap_index = 4424, .adv_w = 129, .box_w = 8, .box_h = 9, .ofs_x = 0, .ofs_y = 0},
    {.bitmap_index = 4460, .adv_w = 100, .box_w = 6, .box_h = 17, .ofs_x = 0, .ofs_y = -3},
    {.bitmap_index = 4511, .adv_w = 50, .box_w = 3, .box_h = 16, .ofs_x = 0, .ofs_y = -2},
    {.bitmap_index = 4535, .adv_w = 100, .box_w = 6, .box_h = 17, .ofs_x = 0, .ofs_y = -3},
    {.bitmap_index = 4586, .adv_w = 155, .box_w = 9, .box_h = 5, .ofs_x = 0, .ofs_y = 4},
    {.bitmap_index = 4609, .adv_w = 272, .box_w = 15, .box_h = 16, .ofs_x = 1, .ofs_y = -1},
    {.bitmap_index = 4729, .adv_w = 272, .box_w = 16, .box_h = 17, .ofs_x = 0, .ofs_y = -2},
    {.bitmap_index = 4865, .adv_w = 272, .box_w = 17, .box_h = 16, .ofs_x = 0, .ofs_y = -2},
    {.bitmap_index = 5001, .adv_w = 272, .box_w = 17, .box_h = 17, .ofs_x = 0, .ofs_y = -2},
    {.bitmap_index = 5146, .adv_w = 272, .box_w = 17, .box_h = 16, .ofs_x = 0, .ofs_y = -1},
    {.bitmap_index = 5282, .adv_w = 272, .box_w = 18, .box_h = 18, .ofs_x = -1, .ofs_y = -3},
    {.bitmap_index = 5444, .adv_w = 272, .box_w = 17, .box_h = 13, .ofs_x = 0, .ofs_y = 0},
    {.bitmap_index = 5555, .adv_w = 272, .box_w = 17, .box_h = 16, .ofs_x = 0, .ofs_y = -2},
    {.bitmap_index = 5691, .adv_w = 272, .box_w = 17, .box_h = 13, .ofs_x = 0, .ofs_y = 0},
    {.bitmap_index = 5802, .adv_w = 187, .box_w = 12, .box_h = 13, .ofs_x = 0, .ofs_y = 0},
    {.bitmap_index = 5880, .adv_w = 272, .box_w = 17, .box_h = 17, .ofs_x = 0, .ofs_y = -2},
    {.bitmap_index = 6025, .adv_w = 272, .box_w = 17, .box_h = 18, .ofs_x = 0, .ofs_y = -3},
    {.bitmap_index = 6178, .adv_w = 306, .box_w = 20, .box_h = 16, .ofs_x = 0, .ofs_y = -2},
    {.bitmap_index = 6338, .adv_w = 272, .box_w = 17, .box_h = 17, .ofs_x = 0, .ofs_y = -2},
    {.bitmap_index = 6483, .adv_w = 306, .box_w = 20, .box_h = 13, .ofs_x = 0, .ofs_y = 0},
    {.bitmap_index = 6613, .adv_w = 272, .box_w = 17, .box_h = 19, .ofs_x = 0, .ofs_y = -3},
    {.bitmap_index = 6775, .adv_w = 136, .box_w = 9, .box_h = 14, .ofs_x = 0, .ofs_y = -1},
    {.bitmap_index = 6838, .adv_w = 204, .box_w = 13, .box_h = 14, .ofs_x = 0, .ofs_y = -1},
    {.bitmap_index = 6929, .adv_w = 306, .box_w = 20, .box_h = 17, .ofs_x = 0, .ofs_y = -2},
    {.bitmap_index = 7099, .adv_w = 272, .box_w = 17, .box_h = 13, .ofs_x = 0, .ofs_y = 0},
    {.bitmap_index = 7210, .adv_w = 187, .box_w = 12, .box_h = 18, .ofs_x = 0, .ofs_y = -3},
    {.bitmap_index = 7318, .adv_w = 238, .box_w = 11, .box_h = 17, .ofs_x = 2, .ofs_y = -2},
    {.bitmap_index = 7412, .adv_w = 238, .box_w = 15, .box_h = 19, .ofs_x = 0, .ofs_y = -3},
    {.bitmap_index = 7555, .adv_w = 238, .box_w = 15, .box_h = 16, .ofs_x = 0, .ofs_y = -2},
    {.bitmap_index = 7675, .adv_w = 238, .box_w = 15, .box_h = 16, .ofs_x = 0, .ofs_y = -2},
    {.bitmap_index = 7795, .adv_w = 238, .box_w = 11, .box_h = 17, .ofs_x = 2, .ofs_y = -2},
    {.bitmap_index = 7889, .adv_w = 238, .box_w = 17, .box_h = 16, .ofs_x = -1, .ofs_y = -2},
    {.bitmap_index = 8025, .adv_w = 170, .box_w = 10, .box_h = 15, .ofs_x = 0, .ofs_y = -1},
    {.bitmap_index = 8100, .adv_w = 170, .box_w = 10, .box_h = 15, .ofs_x = 0, .ofs_y = -1},
    {.bitmap_index = 8175, .adv_w = 238, .box_w = 15, .box_h = 16, .ofs_x = 0, .ofs_y = -2},
    {.bitmap_index = 8295, .adv_w = 238, .box_w = 15, .box_h = 4, .ofs_x = 0, .ofs_y = 4},
    {.bitmap_index = 8325, .adv_w = 306, .box_w = 20, .box_h = 13, .ofs_x = 0, .ofs_y = 0},
    {.bitmap_index = 8455, .adv_w = 340, .box_w = 22, .box_h = 18, .ofs_x = 0, .ofs_y = -3},
    {.bitmap_index = 8653, .adv_w = 306, .box_w = 21, .box_h = 18, .ofs_x = -1, .ofs_y = -3},
    {.bitmap_index = 8842, .adv_w = 272, .box_w = 17, .box_h = 16, .ofs_x = 0, .ofs_y = -2},
    {.bitmap_index = 8978, .adv_w = 238, .box_w = 15, .box_h = 10, .ofs_x = 0, .ofs_y = 1},
    {.bitmap_index = 9053, .adv_w = 238, .box_w = 15, .box_h = 10, .ofs_x = 0, .ofs_y = 1},
    {.bitmap_index = 9128, .adv_w = 340, .box_w = 23, .box_h = 13, .ofs_x = -1, .ofs_y = 0},
    {.bitmap_index = 9278, .adv_w = 272, .box_w = 17, .box_h = 13, .ofs_x = 0, .ofs_y = 0},
    {.bitmap_index = 9389, .adv_w = 272, .box_w = 17, .box_h = 17, .ofs_x = 0, .ofs_y = -2},
    {.bitmap_index = 9534, .adv_w = 272, .box_w = 18, .box_h = 19, .ofs_x = -1, .ofs_y = -3},
    {.bitmap_index = 9705, .adv_w = 238, .box_w = 16, .box_h = 16, .ofs_x = 0, .ofs_y = -2},
    {.bitmap_index = 9833, .adv_w = 238, .box_w = 15, .box_h = 18, .ofs_x = 0, .ofs_y = -3},
    {.bitmap_index = 9968, .adv_w = 238, .box_w = 15, .box_h = 16, .ofs_x = 0, .ofs_y = -2},
    {.bitmap_index = 10088, .adv_w = 238, .box_w = 15, .box_h = 14, .ofs_x = 0, .ofs_y = -1},
    {.bitmap_index = 10193, .adv_w = 272, .box_w = 17, .box_h = 13, .ofs_x = 0, .ofs_y = 0},
    {.bitmap_index = 10304, .adv_w = 170, .box_w = 12, .box_h = 18, .ofs_x = -1, .ofs_y = -3},
    {.bitmap_index = 10412, .adv_w = 238, .box_w = 15, .box_h = 18, .ofs_x = 0, .ofs_y = -3},
    {.bitmap_index = 10547, .adv_w = 238, .box_w = 15, .box_h = 18, .ofs_x = 0, .ofs_y = -3},
    {.bitmap_index = 10682, .adv_w = 306, .box_w = 20, .box_h = 13, .ofs_x = 0, .ofs_y = 0},
    {.bitmap_index = 10812, .adv_w = 272, .box_w = 19, .box_h = 19, .ofs_x = -1, .ofs_y = -3},
    {.bitmap_index = 10993, .adv_w = 204, .box_w = 13, .box_h = 18, .ofs_x = 0, .ofs_y = -3},
    {.bitmap_index = 11110, .adv_w = 340, .box_w = 22, .box_h = 17, .ofs_x = 0, .ofs_y = -2},
    {.bitmap_index = 11297, .adv_w = 340, .box_w = 22, .box_h = 11, .ofs_x = 0, .ofs_y = 1},
    {.bitmap_index = 11418, .adv_w = 340, .box_w = 22, .box_h = 11, .ofs_x = 0, .ofs_y = 1},
    {.bitmap_index = 11539, .adv_w = 340, .box_w = 22, .box_h = 11, .ofs_x = 0, .ofs_y = 1},
    {.bitmap_index = 11660, .adv_w = 340, .box_w = 22, .box_h = 11, .ofs_x = 0, .ofs_y = 1},
    {.bitmap_index = 11781, .adv_w = 340, .box_w = 22, .box_h = 11, .ofs_x = 0, .ofs_y = 1},
    {.bitmap_index = 11902, .adv_w = 340, .box_w = 22, .box_h = 14, .ofs_x = 0, .ofs_y = -1},
    {.bitmap_index = 12056, .adv_w = 238, .box_w = 13, .box_h = 18, .ofs_x = 1, .ofs_y = -3},
    {.bitmap_index = 12173, .adv_w = 238, .box_w = 15, .box_h = 18, .ofs_x = 0, .ofs_y = -3},
    {.bitmap_index = 12308, .adv_w = 272, .box_w = 18, .box_h = 18, .ofs_x = -1, .ofs_y = -3},
    {.bitmap_index = 12470, .adv_w = 340, .box_w = 22, .box_h = 13, .ofs_x = 0, .ofs_y = 0},
    {.bitmap_index = 12613, .adv_w = 204, .box_w = 13, .box_h = 18, .ofs_x = 0, .ofs_y = -3},
    {.bitmap_index = 12730, .adv_w = 274, .box_w = 18, .box_h = 11, .ofs_x = 0, .ofs_y = 1}
};

/*---------------------
 *  CHARACTER MAPPING
 *--------------------*/

static const uint16_t unicode_list_1[] = {
    0x0, 0x473, 0x10d3, 0x190d, 0x4150, 0xa1d4, 0xa1db, 0xa1de,
    0xa1df, 0xa1e0, 0xa1e4, 0xa1e6, 0xa1e8, 0xa1ec, 0xa1ef, 0xa1f4,
    0xa1f9, 0xa1fa, 0xa1fb, 0xa211, 0xa216, 0xa21b, 0xa21e, 0xa21f,
    0xa220, 0xa224, 0xa225, 0xa226, 0xa227, 0xa23a, 0xa23b, 0xa241,
    0xa243, 0xa244, 0xa247, 0xa24a, 0xa24b, 0xa24c, 0xa24e, 0xa266,
    0xa268, 0xa297, 0xa298, 0xa29a, 0xa29c, 0xa2b3, 0xa2ba, 0xa2bd,
    0xa2c6, 0xa2ef, 0xa2f7, 0xa32e, 0xa3be, 0xa413, 0xa414, 0xa415,
    0xa416, 0xa417, 0xa45a, 0xa466, 0xa4c0, 0xa4d7, 0xa72d, 0xa995,
    0xaa75
};

/*Collect the unicode lists and glyph_id offsets*/
static const lv_font_fmt_txt_cmap_t cmaps[] =
{
    {
        .range_start = 32, .range_length = 95, .glyph_id_start = 1,
        .unicode_list = NULL, .glyph_id_ofs_list = NULL, .list_length = 0, .type = LV_FONT_FMT_TXT_CMAP_FORMAT0_TINY
    },
    {
        .range_start = 20013, .range_length = 43638, .glyph_id_start = 96,
        .unicode_list = unicode_list_1, .glyph_id_ofs_list = NULL, .list_length = 65, .type = LV_FONT_FMT_TXT_CMAP_SPARSE_TINY
    }
};

/*-----------------
 *    KERNING
 *----------------*/


/*Map glyph_ids to kern left classes*/
static const uint8_t kern_left_class_mapping[] =
{
    0, 0, 0, 1, 0, 0, 0, 0,
    1, 2, 3, 0, 4, 0, 4, 0,
    5, 0, 0, 0, 0, 0, 0, 0,
    0, 0, 0, 0, 0, 0, 0, 4,
    6, 7, 8, 9, 10, 7, 11, 12,
    13, 14, 14, 15, 16, 17, 14, 14,
    7, 18, 0, 19, 20, 21, 15, 5,
    22, 23, 24, 25, 2, 8, 3, 0,
    0, 0, 26, 27, 28, 29, 30, 31,
    32, 26, 0, 33, 34, 29, 26, 26,
    27, 27, 0, 35, 36, 37, 32, 38,
    38, 39, 38, 40, 2, 0, 3, 4,
    0, 0, 0, 0, 0, 0, 0, 0,
    0, 0, 0, 0, 0, 0, 0, 0,
    0, 0, 0, 0, 0, 0, 0, 0,
    0, 0, 0, 0, 0, 0, 0, 0,
    0, 0, 0, 0, 0, 0, 0, 0,
    0, 0, 0, 0, 0, 0, 0, 0,
    0, 0, 0, 0, 0, 0, 0, 0,
    0, 0, 0, 0, 0, 0, 0, 0,
    0
};

/*Map glyph_ids to kern right classes*/
static const uint8_t kern_right_class_mapping[] =
{
    0, 1, 0, 2, 0, 0, 0, 0,
    2, 0, 3, 0, 4, 5, 4, 5,
    6, 0, 0, 0, 0, 0, 0, 0,
    0, 0, 0, 0, 0, 4, 0, 0,
    7, 8, 6, 9, 8, 9, 9, 9,
    8, 9, 9, 10, 9, 9, 9, 9,
    8, 9, 8, 9, 11, 12, 13, 14,
    15, 16, 17, 18, 0, 14, 3, 0,
    5, 0, 19, 20, 21, 21, 21, 22,
    21, 20, 0, 23, 20, 20, 24, 24,
    21, 0, 21, 24, 25, 26, 27, 28,
    28, 29, 28, 30, 0, 0, 3, 4,
    0, 0, 0, 0, 0, 0, 0, 0,
    0, 0, 0, 0, 0, 0, 0, 0,
    0, 0, 0, 0, 0, 0, 0, 0,
    0, 0, 0, 0, 0, 0, 0, 0,
    0, 0, 0, 0, 0, 0, 0, 0,
    0, 0, 0, 0, 0, 0, 0, 0,
    0, 0, 0, 0, 0, 0, 0, 0,
    0, 0, 0, 0, 0, 0, 0, 0,
    0
};

/*Kern values between classes*/
static const int8_t kern_class_values[] =
{
    0, 0, 0, 0, 0, 0, 4, 0,
    0, 0, 0, 0, 0, 0, 0, 0,
    0, 0, 0, 0, 0, 0, 0, 0,
    0, 0, 0, 0, 0, 0, 0, 0,
    0, 0, 0, 0, 0, 0, 0, 0,
    0, 0, 0, 5, 0, 5, 5, 3,
    0, 4, 0, 0, 18, 0, 0, 6,
    0, 0, 0, 0, 0, 0, 0, 0,
    0, 0, 0, 0, 0, 0, 0, 0,
    0, 0, 0, 0, 0, 0, 0, 0,
    0, 0, 8, 0, 0, 0, 0, 0,
    0, 0, 0, 0, 0, 0, 0, 0,
    -14, 0, 0, 0, 0, 0, 0, 0,
    0, 0, 0, 0, 0, 0, 0, 0,
    0, 0, 0, 0, 0, 0, 0, 0,
    -11, 5, 5, -11, -37, -23, 6, -9,
    0, -31, -2, 5, 0, 0, 0, 0,
    0, 0, -19, 0, -18, -5, 0, -11,
    -14, 0, -11, -11, -14, -14, 0, 0,
    0, -8, -26, 0, 0, 0, 0, 0,
    0, 0, 0, 0, 0, 0, 0, 0,
    0, 0, 0, 0, 0, 0, 0, 0,
    0, 0, 0, 0, 0, -7, 0, 0,
    -11, -9, 0, 0, 0, -10, 0, -9,
    0, -9, -5, -8, -14, -7, 0, 0,
    0, 0, 0, 0, 0, 0, 0, 0,
    0, 0, -11, -32, 0, -16, 8, 0,
    -18, -9, 0, 0, 0, -22, -3, -23,
    -17, 0, -29, 5, 0, 0, -3, 0,
    0, 0, 0, 0, 0, -10, 0, 0,
    0, -3, 0, 0, 0, -4, 0, 0,
    0, 4, 0, -10, 0, -11, -3, 0,
    -14, 0, 0, 0, 0, 0, 0, 0,
    0, 0, 0, 0, 0, 0, 0, 3,
    0, -8, 7, 0, 8, -4, 0, 0,
    0, 1, 0, 0, 0, 0, 1, 0,
    0, 0, 0, 0, 0, 0, 0, 0,
    0, -6, 0, 0, 0, 0, 0, 0,
    3, 0, 2, -3, 0, 3, 0, 0,
    0, -3, 0, 0, -4, 0, -3, 0,
    -3, -4, 0, 0, -2, -3, -3, -5,
    -2, 0, -3, 7, 0, 2, -36, -15,
    10, -1, 0, -39, 0, 5, 0, 0,
    0, 0, 0, 0, -11, 0, -8, -3,
    0, -6, 0, -4, 0, -5, -10, -8,
    0, 0, 0, 0, 6, 0, 2, 0,
    0, 0, 0, 0, 0, 0, 0, 0,
    0, 0, 0, 0, 0, 0, 0, 0,
    0, 0, 0, 0, 0, 0, 0, 0,
    0, 0, 0, 0, 1, 0, 0, 0,
    0, 0, 0, 0, 0, 0, 0, 0,
    0, 0, 0, 0, 0, 0, 0, 0,
    0, 0, 0, 0, 0, 0, 0, 0,
    -8, -3, 0, 0, 0, -8, 0, 0,
    0, 0, 0, 0, 0, 0, 0, 0,
    0, 0, 0, 0, 0, 0, 0, 0,
    0, 0, -11, 0, 0, -30, 5, 0,
    0, -15, -4, 0, -3, 0, -6, 0,
    0, 0, 0, 0, -7, 0, -8, -11,
    0, -3, -3, -9, -10, -17, -8, 0,
    -14, -27, 0, -24, 8, 0, -19, -14,
    0, 4, -3, -35, -12, -40, -29, 0,
    -48, 0, -2, 0, -6, -5, 0, -1,
    0, -7, -8, -26, 0, 0, -3, 3,
    0, 3, -39, -21, 4, 0, 0, -43,
    0, 0, 0, 0, -1, -5, 0, -9,
    -9, 0, -9, 0, 0, 0, 0, 0,
    0, 3, 0, 0, 0, -2, 0, -3,
    12, 0, -1, -3, 0, 0, 2, -2,
    -4, -7, -4, 0, -12, 0, 0, 0,
    -4, 0, 0, 0, 0, 0, 0, 0,
    0, 0, 0, 0, 0, 0, 0, 0,
    2, 0, 0, 0, 6, 0, 0, -3,
    0, 0, -5, 1, 0, 0, 0, 0,
    0, 0, 0, 0, 0, 0, 0, 0,
    -8, 8, 0, -22, -30, -22, 9, -9,
    0, -38, 0, 5, 0, 5, 5, 0,
    0, 0, -31, 0, -30, -13, 0, -24,
    -31, -9, -23, -28, -28, -23, -3, 5,
    0, -5, -20, -17, 0, -5, 0, -18,
    0, 5, 0, 0, 0, 0, 0, 0,
    -20, 0, -16, -4, 0, -11, -11, 0,
    -8, -5, -8, -8, 0, 0, 5, -24,
    3, 0, 4, -8, 0, 0, 0, 0,
    0, 0, 0, 0, 0, 0, -6, 0,
    -8, 0, 0, -4, -5, -7, -7, -16,
    0, 0, -8, 4, 5, -19, -36, -29,
    2, -14, 0, -36, -5, 0, 0, 0,
    0, 0, 0, 0, -29, 0, -27, -13,
    0, -21, -24, -8, -19, -18, -16, -20,
    0, 0, 3, -14, 5, 0, 2, -8,
    0, 0, -3, 0, 0, 0, 0, 0,
    0, 0, -2, 0, -4, 0, 0, 0,
    0, 0, 0, -8, 0, 0, 0, -11,
    0, 0, 0, 0, -8, 0, 0, 0,
    0, -23, 0, -19, -17, -2, -26, 0,
    0, 0, 0, 0, 0, 0, 0, 0,
    0, -2, 0, 0, 0, -14, 0, -3,
    -9, 0, -11, 0, 0, 0, 0, -30,
    0, -18, -16, -8, -27, 0, -3, 0,
    0, -2, 0, 0, 0, -1, 0, -5,
    -6, -7, 0, 1, 0, 5, 7, 0,
    -3, 0, 0, 0, 0, -21, 0, -13,
    -8, 5, -19, 0, 1, 0, -1, 3,
    0, 0, 0, 6, 0, 0, 2, 3,
    0, 0, 4, 0, 0, 0, 3, 0,
    0, 0, 0, 0, 0, 0, 0, 0,
    0, 0, 0, 0, 0, 0, 0, 0,
    0, 0, 0, 0, 0, 0, 0, 0,
    0, 5, 0, 0, -6, 0, 0, 0,
    0, -19, 0, -14, -12, -3, -22, 0,
    0, 0, 0, 0, 0, 0, 3, 0,
    0, 1, -1, 0, 0, 11, 0, -3,
    -21, 0, 11, 0, 0, 0, 0, 0,
    0, 0, 0, 0, 0, 0, -7, 0,
    -7, 0, 0, 0, 0, 3, 0, 0,
    0, 0, 0, 0, 0, 0, 0, 0,
    -7, 0, 0, 0, 0, -24, 0, -11,
    -11, 0, -21, 0, 0, 0, 0, 0,
    0, 0, 0, 0, 0, 0, 0, 0,
    0, 0, 3, 0, 0, 0, 0, 0,
    0, 0, 0, 0, 0, 0, 0, 0,
    0, 0, 0, 0, 0, 0, 8, 0,
    0, 0, 0, 0, 0, 0, -5, 0,
    0, -7, 7, 0, -13, 0, 0, 0,
    0, -26, 0, -16, -14, 0, -22, 0,
    -9, 0, -6, 0, 0, 0, -3, 0,
    -2, 0, 0, 0, 0, 5, 0, 2,
    -28, -10, -8, 0, 0, -29, 0, 0,
    0, -9, 0, -11, -18, 0, -12, 0,
    -9, 0, 0, 0, -1, 8, 0, 0,
    0, 0, 0, -8, 0, 0, 0, 0,
    -8, 0, 0, 0, 0, -28, 0, -18,
    -13, 0, -27, 0, 0, 0, 0, 0,
    0, 0, 2, 0, 0, -1, 0, 3,
    0, -2, 2, -1, 7, 0, -6, 0,
    0, 0, 0, -20, 0, -11, 0, 0,
    -17, 0, 0, 0, -2, 0, 0, 0,
    0, 0, 0, 0, 0, 0, 0, 0,
    0, 0, -24, -10, -7, 0, 0, -20,
    0, -28, 0, -11, -5, -16, -18, 0,
    -4, 0, -5, 0, 0, 0, -2, 0,
    0, 0, 0, 0, 0, 0, 0, -5,
    3, 0, -12, 0, 0, 0, 0, -28,
    0, -14, -8, 0, -16, 0, -4, 0,
    -6, 0, 0, 0, 0, 3, 0, 0,
    0, 0, 0, 0, 0, 0, 3, 0,
    -8, 0, 0, 0, 0, -27, 0, -14,
    -7, 0, -19, 0, -4, 0, -6, 0,
    0, 0, 0, 0, 0, 0, 0, 0
};


/*Collect the kern class' data in one place*/
static const lv_font_fmt_txt_kern_classes_t kern_classes =
{
    .class_pair_values   = kern_class_values,
    .left_class_mapping  = kern_left_class_mapping,
    .right_class_mapping = kern_right_class_mapping,
    .left_class_cnt      = 40,
    .right_class_cnt     = 30,
};

/*--------------------
 *  ALL CUSTOM DATA
 *--------------------*/

#if LVGL_VERSION_MAJOR == 8
/*Store all the custom data of the font*/
static  lv_font_fmt_txt_glyph_cache_t cache;
#endif

#if LVGL_VERSION_MAJOR >= 8
static const lv_font_fmt_txt_dsc_t font_dsc = {
#else
static lv_font_fmt_txt_dsc_t font_dsc = {
#endif
    .glyph_bitmap = glyph_bitmap,
    .glyph_dsc = glyph_dsc,
    .cmaps = cmaps,
    .kern_dsc = &kern_classes,
    .kern_scale = 16,
    .cmap_num = 2,
    .bpp = 4,
    .kern_classes = 1,
    .bitmap_format = 0,
#if LVGL_VERSION_MAJOR == 8
    .cache = &cache
#endif
};



/*-----------------
 *  PUBLIC FONT
 *----------------*/

/*Initialize a public general font descriptor*/
#if LVGL_VERSION_MAJOR >= 8
const lv_font_t lv_font_HarmonyOS_Sans_SC_Regular_17 = {
#else
lv_font_t lv_font_HarmonyOS_Sans_SC_Regular_17 = {
#endif
    .get_glyph_dsc = lv_font_get_glyph_dsc_fmt_txt,    /*Function pointer to get glyph's data*/
    .get_glyph_bitmap = lv_font_get_bitmap_fmt_txt,    /*Function pointer to get glyph's bitmap*/
    .line_height = 17,          /*The maximum line height required by the font*/
    .base_line = 2,             /*Baseline measured from the bottom of the line*/
#if !(LVGL_VERSION_MAJOR == 6 && LVGL_VERSION_MINOR == 0)
    .subpx = LV_FONT_SUBPX_NONE,
#endif
#if LV_VERSION_CHECK(7, 4, 0) || LVGL_VERSION_MAJOR >= 8
    .underline_position = -1,
    .underline_thickness = 1,
#endif
    .dsc = &font_dsc,          /*The custom font data. Will be accessed by `get_glyph_bitmap/dsc` */
#if LV_VERSION_CHECK(8, 2, 0) || LVGL_VERSION_MAJOR >= 9
    .fallback = NULL,
#endif
    .user_data = NULL,
};



#endif /*#if LV_FONT_HARMONYOS_SANS_SC_REGULAR_17*/

