/*
* Copyright 2016 The Alatsi Project Authors (https://github.com/sorkintype/alatsi).
* This Font Software is licensed under the SIL Open Font License, Version 1.1.
* And is also available with a FAQ at: http://scripts.sil.org/OFL
*/
/*******************************************************************************
 * Size: 27 px
 * Bpp: 4
 * Opts: undefined
 ******************************************************************************/

#ifdef LV_LVGL_H_INCLUDE_SIMPLE
#include "lvgl.h"
#else
#include "lvgl.h"
#endif

#ifndef LV_FONT_ALATSI_REGULAR_27
#define LV_FONT_ALATSI_REGULAR_27 1
#endif

#if LV_FONT_ALATSI_REGULAR_27

/*-----------------
 *    BITMAPS
 *----------------*/

/*Store the image of the glyphs*/
static LV_ATTRIBUTE_LARGE_CONST const uint8_t glyph_bitmap[] = {
    /* U+0020 " " */

    /* U+0021 "!" */
    0x8f, 0xff, 0x18, 0xff, 0xf1, 0x8f, 0xff, 0x7,
    0xff, 0xf0, 0x7f, 0xff, 0x6, 0xff, 0xf0, 0x6f,
    0xff, 0x6, 0xff, 0xe0, 0x5f, 0xfe, 0x5, 0xff,
    0xd0, 0x4f, 0xfd, 0x4, 0xff, 0xd0, 0x4f, 0xfc,
    0x3, 0xff, 0xc0, 0x2, 0x21, 0x0, 0x0, 0x0,
    0x1, 0x11, 0x4, 0xff, 0xd0, 0x4f, 0xfd, 0x4,
    0xff, 0xd0, 0x4f, 0xfd, 0x0,

    /* U+0022 "\"" */
    0x9f, 0xf5, 0x0, 0xdf, 0xf1, 0x8f, 0xf5, 0x0,
    0xdf, 0xf0, 0x8f, 0xf4, 0x0, 0xcf, 0xf0, 0x7f,
    0xf4, 0x0, 0xcf, 0xf0, 0x7f, 0xf3, 0x0, 0xbf,
    0xf0, 0x6f, 0xf3, 0x0, 0xbf, 0xe0, 0x6f, 0xf2,
    0x0, 0xaf, 0xe0, 0x5f, 0xf2, 0x0, 0xaf, 0xd0,
    0x5f, 0xf1, 0x0, 0x9f, 0xd0, 0x14, 0x40, 0x0,
    0x24, 0x30,

    /* U+0023 "#" */
    0x0, 0x0, 0x7f, 0xe0, 0x0, 0xff, 0x60, 0x0,
    0x0, 0x9, 0xfc, 0x0, 0x1f, 0xf4, 0x0, 0x0,
    0x0, 0xbf, 0xa0, 0x3, 0xff, 0x20, 0x0, 0x0,
    0xd, 0xf9, 0x0, 0x5f, 0xf0, 0x0, 0x0, 0x0,
    0xef, 0x70, 0x7, 0xfe, 0x0, 0x2, 0xff, 0xff,
    0xff, 0xff, 0xff, 0xff, 0xf8, 0x2f, 0xff, 0xff,
    0xff, 0xff, 0xff, 0xff, 0x80, 0x11, 0x5f, 0xf3,
    0x11, 0xcf, 0x91, 0x10, 0x0, 0x6, 0xff, 0x0,
    0xe, 0xf7, 0x0, 0x0, 0x0, 0x7f, 0xe0, 0x0,
    0xff, 0x50, 0x0, 0x0, 0x9, 0xfc, 0x0, 0x2f,
    0xf3, 0x0, 0x0, 0x0, 0xbf, 0xa0, 0x4, 0xff,
    0x10, 0x0, 0xdf, 0xff, 0xff, 0xff, 0xff, 0xff,
    0xfd, 0xd, 0xff, 0xff, 0xff, 0xff, 0xff, 0xff,
    0xd0, 0x12, 0x3f, 0xf6, 0x22, 0xaf, 0xc2, 0x21,
    0x0, 0x3, 0xff, 0x30, 0xb, 0xfa, 0x0, 0x0,
    0x0, 0x4f, 0xf1, 0x0, 0xdf, 0x80, 0x0, 0x0,
    0x6, 0xff, 0x0, 0xe, 0xf7, 0x0, 0x0, 0x0,
    0x8f, 0xd0, 0x0, 0xff, 0x50, 0x0, 0x0,

    /* U+0024 "$" */
    0x0, 0x0, 0x1f, 0xff, 0x20, 0x0, 0x0, 0x0,
    0x1, 0xff, 0xf2, 0x0, 0x0, 0x0, 0x0, 0x3f,
    0xff, 0x50, 0x0, 0x0, 0x4, 0xdf, 0xff, 0xff,
    0xe6, 0x0, 0x5, 0xff, 0xff, 0xff, 0xff, 0xf2,
    0x0, 0xef, 0xfc, 0x20, 0x4, 0xcb, 0x0, 0x2f,
    0xff, 0x30, 0x0, 0x0, 0x10, 0x3, 0xff, 0xf4,
    0x0, 0x0, 0x0, 0x0, 0x1f, 0xff, 0xd3, 0x0,
    0x0, 0x0, 0x0, 0xaf, 0xff, 0xfd, 0x82, 0x0,
    0x0, 0x0, 0xcf, 0xff, 0xff, 0xfb, 0x20, 0x0,
    0x0, 0x6d, 0xff, 0xff, 0xff, 0x30, 0x0, 0x0,
    0x3, 0x8e, 0xff, 0xfd, 0x0, 0x0, 0x0, 0x0,
    0x1b, 0xff, 0xf3, 0x0, 0x0, 0x0, 0x0, 0x4f,
    0xff, 0x40, 0x86, 0x0, 0x0, 0x8, 0xff, 0xf1,
    0x1f, 0xfe, 0x85, 0x59, 0xff, 0xfa, 0x1, 0xcf,
    0xff, 0xff, 0xff, 0xfb, 0x10, 0x0, 0x49, 0xdf,
    0xff, 0xb5, 0x0, 0x0, 0x0, 0x1, 0xff, 0xf2,
    0x0, 0x0, 0x0, 0x0, 0x1f, 0xff, 0x20, 0x0,
    0x0,

    /* U+0025 "%" */
    0x0, 0x8d, 0xfe, 0xb3, 0x0, 0x0, 0x0, 0x4f,
    0xf6, 0x0, 0x0, 0x0, 0xcf, 0xff, 0xff, 0xf3,
    0x0, 0x0, 0xc, 0xfd, 0x0, 0x0, 0x0, 0x6f,
    0xfb, 0x26, 0xff, 0xc0, 0x0, 0x5, 0xff, 0x40,
    0x0, 0x0, 0xa, 0xff, 0x30, 0xe, 0xff, 0x0,
    0x0, 0xdf, 0xc0, 0x0, 0x0, 0x0, 0xcf, 0xf1,
    0x0, 0xdf, 0xf2, 0x0, 0x6f, 0xf3, 0x0, 0x0,
    0x0, 0xc, 0xff, 0x10, 0xd, 0xff, 0x20, 0xe,
    0xfa, 0x0, 0x0, 0x0, 0x0, 0xaf, 0xf3, 0x0,
    0xef, 0xf0, 0x8, 0xff, 0x20, 0x0, 0x0, 0x0,
    0x5, 0xff, 0xa1, 0x6f, 0xfc, 0x1, 0xff, 0x90,
    0x0, 0x0, 0x0, 0x0, 0xc, 0xff, 0xff, 0xff,
    0x30, 0x9f, 0xf1, 0x0, 0x0, 0x0, 0x0, 0x0,
    0x8, 0xdf, 0xfb, 0x30, 0x2f, 0xf7, 0x1, 0x9e,
    0xff, 0xc4, 0x0, 0x0, 0x0, 0x0, 0x0, 0xa,
    0xfe, 0x0, 0xcf, 0xff, 0xff, 0xf4, 0x0, 0x0,
    0x0, 0x0, 0x3, 0xff, 0x60, 0x5f, 0xfa, 0x15,
    0xff, 0xc0, 0x0, 0x0, 0x0, 0x0, 0xcf, 0xd0,
    0xa, 0xff, 0x40, 0xe, 0xff, 0x10, 0x0, 0x0,
    0x0, 0x5f, 0xf5, 0x0, 0xbf, 0xf2, 0x0, 0xdf,
    0xf2, 0x0, 0x0, 0x0, 0xd, 0xfc, 0x0, 0xb,
    0xff, 0x20, 0xc, 0xff, 0x30, 0x0, 0x0, 0x6,
    0xff, 0x30, 0x0, 0x9f, 0xf4, 0x0, 0xef, 0xf1,
    0x0, 0x0, 0x0, 0xef, 0xb0, 0x0, 0x4, 0xff,
    0xb2, 0x7f, 0xfc, 0x0, 0x0, 0x0, 0x7f, 0xf2,
    0x0, 0x0, 0xb, 0xff, 0xff, 0xff, 0x40, 0x0,
    0x0, 0x1f, 0xf9, 0x0, 0x0, 0x0, 0x8, 0xdf,
    0xfb, 0x40, 0x0,

    /* U+0026 "&" */
    0x0, 0x2, 0xae, 0xfe, 0xa2, 0x0, 0x0, 0x0,
    0x0, 0x5f, 0xff, 0xff, 0xff, 0x50, 0x0, 0x0,
    0x2, 0xff, 0xf9, 0x7c, 0xff, 0xe0, 0x0, 0x0,
    0x9, 0xff, 0x90, 0x0, 0xff, 0xf4, 0x0, 0x0,
    0xc, 0xff, 0x40, 0x0, 0xcf, 0xf5, 0x0, 0x0,
    0xb, 0xff, 0x50, 0x0, 0xef, 0xf2, 0x0, 0x0,
    0x8, 0xff, 0xc0, 0x4, 0xff, 0xd0, 0x0, 0x0,
    0x2, 0xff, 0xf8, 0x1d, 0xff, 0x40, 0x0, 0x0,
    0x0, 0x6f, 0xff, 0xef, 0xf7, 0x0, 0x0, 0x0,
    0x0, 0xa, 0xff, 0xff, 0x50, 0x0, 0x0, 0x0,
    0x0, 0x8f, 0xff, 0xff, 0x50, 0x0, 0x86, 0x0,
    0xa, 0xff, 0xcb, 0xff, 0xf4, 0x0, 0xef, 0xc1,
    0x4f, 0xfe, 0x0, 0xbf, 0xff, 0x36, 0xff, 0xe0,
    0x9f, 0xf9, 0x0, 0xc, 0xff, 0xee, 0xff, 0x60,
    0xaf, 0xfa, 0x0, 0x1, 0xdf, 0xff, 0xfc, 0x0,
    0x8f, 0xff, 0x30, 0x0, 0x8f, 0xff, 0xf3, 0x0,
    0x2f, 0xff, 0xfc, 0xce, 0xff, 0xff, 0xfd, 0x10,
    0x5, 0xff, 0xff, 0xff, 0xff, 0xbf, 0xff, 0x50,
    0x0, 0x28, 0xdf, 0xfe, 0xa3, 0x5, 0xf5, 0x0,
    0x0, 0x0, 0x0, 0x0, 0x0, 0x0, 0x10, 0x0,

    /* U+0027 "'" */
    0x9f, 0xf5, 0x8f, 0xf5, 0x8f, 0xf4, 0x7f, 0xf4,
    0x7f, 0xf3, 0x6f, 0xf3, 0x6f, 0xf2, 0x5f, 0xf2,
    0x5f, 0xf1, 0x14, 0x40,

    /* U+0028 "(" */
    0x0, 0x0, 0x0, 0x1, 0x0, 0x0, 0x0, 0x1b,
    0xf6, 0x0, 0x0, 0x2e, 0xfe, 0x40, 0x0, 0x1d,
    0xfe, 0x20, 0x0, 0xa, 0xff, 0x50, 0x0, 0x3,
    0xff, 0xc0, 0x0, 0x0, 0xcf, 0xf5, 0x0, 0x0,
    0x2f, 0xff, 0x0, 0x0, 0x8, 0xff, 0xb0, 0x0,
    0x0, 0xcf, 0xf7, 0x0, 0x0, 0xf, 0xff, 0x50,
    0x0, 0x2, 0xff, 0xf3, 0x0, 0x0, 0x3f, 0xff,
    0x20, 0x0, 0x4, 0xff, 0xf1, 0x0, 0x0, 0x4f,
    0xff, 0x20, 0x0, 0x3, 0xff, 0xf2, 0x0, 0x0,
    0x2f, 0xff, 0x30, 0x0, 0x0, 0xff, 0xf5, 0x0,
    0x0, 0xc, 0xff, 0x70, 0x0, 0x0, 0x7f, 0xfb,
    0x0, 0x0, 0x1, 0xff, 0xf0, 0x0, 0x0, 0xa,
    0xff, 0x60, 0x0, 0x0, 0x2f, 0xfe, 0x10, 0x0,
    0x0, 0x8f, 0xfa, 0x0, 0x0, 0x0, 0xbf, 0xf6,
    0x0, 0x0, 0x0, 0xbf, 0xf6, 0x0, 0x0, 0x0,
    0x7e, 0x40, 0x0, 0x0, 0x0, 0x0,

    /* U+0029 ")" */
    0x0, 0x0, 0x0, 0x0, 0x3, 0xeb, 0x10, 0x0,
    0x0, 0x3e, 0xfe, 0x20, 0x0, 0x0, 0x2e, 0xfe,
    0x10, 0x0, 0x0, 0x4f, 0xfb, 0x0, 0x0, 0x0,
    0xbf, 0xf5, 0x0, 0x0, 0x4, 0xff, 0xd0, 0x0,
    0x0, 0xe, 0xff, 0x40, 0x0, 0x0, 0x9f, 0xfa,
    0x0, 0x0, 0x5, 0xff, 0xe0, 0x0, 0x0, 0x3f,
    0xff, 0x20, 0x0, 0x1, 0xff, 0xf4, 0x0, 0x0,
    0xf, 0xff, 0x60, 0x0, 0x0, 0xff, 0xf6, 0x0,
    0x0, 0xf, 0xff, 0x60, 0x0, 0x0, 0xff, 0xf6,
    0x0, 0x0, 0xf, 0xff, 0x40, 0x0, 0x2, 0xff,
    0xf2, 0x0, 0x0, 0x5f, 0xfe, 0x0, 0x0, 0x8,
    0xff, 0xa0, 0x0, 0x0, 0xdf, 0xf4, 0x0, 0x0,
    0x3f, 0xfd, 0x0, 0x0, 0xc, 0xff, 0x50, 0x0,
    0x6, 0xff, 0xb0, 0x0, 0x3, 0xff, 0xe1, 0x0,
    0x3, 0xef, 0xe2, 0x0, 0x0, 0x4f, 0xb1, 0x0,
    0x0, 0x0, 0x0, 0x0, 0x0, 0x0,

    /* U+002A "*" */
    0x0, 0x0, 0xa, 0xff, 0x0, 0x0, 0x0, 0x0,
    0x0, 0x9f, 0xe0, 0x0, 0x0, 0x2, 0x20, 0x8,
    0xfe, 0x0, 0x3, 0x0, 0x8f, 0xb4, 0x8f, 0xd2,
    0x8e, 0xd0, 0xd, 0xff, 0xff, 0xff, 0xff, 0xff,
    0x30, 0x38, 0xdf, 0xff, 0xff, 0xfa, 0x61, 0x0,
    0x0, 0x7f, 0xff, 0xc0, 0x0, 0x0, 0x0, 0x3f,
    0xfd, 0xff, 0x70, 0x0, 0x0, 0x1e, 0xfe, 0x1a,
    0xff, 0x50, 0x0, 0xa, 0xff, 0x60, 0x1f, 0xfe,
    0x0, 0x0, 0x9, 0xc0, 0x0, 0x6d, 0x20, 0x0,
    0x0, 0x0, 0x0, 0x0, 0x0, 0x0,

    /* U+002B "+" */
    0x0, 0x0, 0x9, 0xbb, 0x10, 0x0, 0x0, 0x0,
    0x0, 0xd, 0xff, 0x10, 0x0, 0x0, 0x0, 0x0,
    0xd, 0xff, 0x10, 0x0, 0x0, 0x0, 0x0, 0xd,
    0xff, 0x10, 0x0, 0x0, 0x0, 0x0, 0xd, 0xff,
    0x10, 0x0, 0x0, 0x0, 0x0, 0xd, 0xff, 0x10,
    0x0, 0x0, 0xdf, 0xff, 0xff, 0xff, 0xff, 0xff,
    0xf5, 0xdf, 0xff, 0xff, 0xff, 0xff, 0xff, 0xf5,
    0x9b, 0xbb, 0xbf, 0xff, 0xbb, 0xbb, 0xb3, 0x0,
    0x0, 0xd, 0xff, 0x10, 0x0, 0x0, 0x0, 0x0,
    0xd, 0xff, 0x10, 0x0, 0x0, 0x0, 0x0, 0xd,
    0xff, 0x10, 0x0, 0x0, 0x0, 0x0, 0xd, 0xff,
    0x10, 0x0, 0x0, 0x0, 0x0, 0xd, 0xff, 0x10,
    0x0, 0x0,

    /* U+002C "," */
    0x5, 0x99, 0x40, 0x9f, 0xf7, 0x9, 0xff, 0x70,
    0x9f, 0xf6, 0xa, 0xff, 0x50, 0xbf, 0xf3, 0xb,
    0xff, 0x0, 0xcf, 0xd0, 0xf, 0xf7, 0x0,

    /* U+002D "-" */
    0x1b, 0xbb, 0xbb, 0xbb, 0xb5, 0x2f, 0xff, 0xff,
    0xff, 0xf7, 0x2f, 0xff, 0xff, 0xff, 0xf7,

    /* U+002E "." */
    0x11, 0x10, 0xbf, 0xf7, 0xbf, 0xf7, 0xbf, 0xf7,
    0xbf, 0xf7,

    /* U+002F "/" */
    0x0, 0x0, 0x0, 0x0, 0x9f, 0xf1, 0x0, 0x0,
    0x0, 0x0, 0xdf, 0xc0, 0x0, 0x0, 0x0, 0x2,
    0xff, 0x80, 0x0, 0x0, 0x0, 0x6, 0xff, 0x30,
    0x0, 0x0, 0x0, 0xb, 0xff, 0x0, 0x0, 0x0,
    0x0, 0xf, 0xfa, 0x0, 0x0, 0x0, 0x0, 0x3f,
    0xf6, 0x0, 0x0, 0x0, 0x0, 0x8f, 0xf1, 0x0,
    0x0, 0x0, 0x0, 0xcf, 0xd0, 0x0, 0x0, 0x0,
    0x1, 0xff, 0x90, 0x0, 0x0, 0x0, 0x5, 0xff,
    0x40, 0x0, 0x0, 0x0, 0xa, 0xff, 0x0, 0x0,
    0x0, 0x0, 0xe, 0xfb, 0x0, 0x0, 0x0, 0x0,
    0x2f, 0xf7, 0x0, 0x0, 0x0, 0x0, 0x7f, 0xf2,
    0x0, 0x0, 0x0, 0x0, 0xbf, 0xe0, 0x0, 0x0,
    0x0, 0x0, 0xff, 0x90, 0x0, 0x0, 0x0, 0x4,
    0xff, 0x50, 0x0, 0x0, 0x0, 0x9, 0xff, 0x10,
    0x0, 0x0, 0x0, 0xd, 0xfc, 0x0, 0x0, 0x0,
    0x0, 0x2f, 0xf8, 0x0, 0x0, 0x0, 0x0, 0x6f,
    0xf3, 0x0, 0x0, 0x0, 0x0, 0xaf, 0xf0, 0x0,
    0x0, 0x0, 0x0, 0xff, 0xa0, 0x0, 0x0, 0x0,
    0x3, 0xff, 0x60, 0x0, 0x0, 0x0, 0x8, 0xff,
    0x20, 0x0, 0x0, 0x0, 0xc, 0xfd, 0x0, 0x0,
    0x0, 0x0, 0x1f, 0xf9, 0x0, 0x0, 0x0, 0x0,
    0x5f, 0xf4, 0x0, 0x0, 0x0, 0x0,

    /* U+0030 "0" */
    0x0, 0x0, 0x29, 0xdf, 0xec, 0x70, 0x0, 0x0,
    0x0, 0x6f, 0xff, 0xff, 0xff, 0xe2, 0x0, 0x0,
    0x5f, 0xff, 0xff, 0xff, 0xff, 0xe1, 0x0, 0xe,
    0xff, 0xf5, 0x0, 0x9f, 0xff, 0x80, 0x4, 0xff,
    0xf9, 0x0, 0x0, 0xef, 0xfe, 0x0, 0x9f, 0xff,
    0x30, 0x0, 0x8, 0xff, 0xf4, 0xc, 0xff, 0xf0,
    0x0, 0x0, 0x5f, 0xff, 0x70, 0xef, 0xfd, 0x0,
    0x0, 0x3, 0xff, 0xf9, 0xf, 0xff, 0xc0, 0x0,
    0x0, 0x2f, 0xff, 0xa0, 0xff, 0xfc, 0x0, 0x0,
    0x1, 0xff, 0xfa, 0xf, 0xff, 0xc0, 0x0, 0x0,
    0x2f, 0xff, 0xa0, 0xef, 0xfd, 0x0, 0x0, 0x3,
    0xff, 0xf9, 0xc, 0xff, 0xf0, 0x0, 0x0, 0x5f,
    0xff, 0x60, 0x9f, 0xff, 0x30, 0x0, 0x8, 0xff,
    0xf3, 0x4, 0xff, 0xf9, 0x0, 0x0, 0xef, 0xfe,
    0x0, 0xd, 0xff, 0xf6, 0x1, 0xaf, 0xff, 0x80,
    0x0, 0x4f, 0xff, 0xff, 0xff, 0xff, 0xe1, 0x0,
    0x0, 0x6f, 0xff, 0xff, 0xff, 0xe2, 0x0, 0x0,
    0x0, 0x39, 0xdf, 0xfc, 0x71, 0x0, 0x0,

    /* U+0031 "1" */
    0x0, 0x6, 0x0, 0x6e, 0xf0, 0x9f, 0xff, 0x9,
    0xff, 0xf0, 0x9f, 0xff, 0x9, 0xff, 0xf0, 0x9f,
    0xff, 0x9, 0xff, 0xf0, 0x9f, 0xff, 0x9, 0xff,
    0xf0, 0x9f, 0xff, 0x9, 0xff, 0xf0, 0x9f, 0xff,
    0x9, 0xff, 0xf0, 0x9f, 0xff, 0x9, 0xff, 0xf0,
    0x9f, 0xff, 0x9, 0xff, 0xf0, 0x9f, 0xff, 0x9,
    0xff, 0xf0,

    /* U+0032 "2" */
    0x0, 0x4, 0xae, 0xfe, 0xc7, 0x0, 0x0, 0xb,
    0xff, 0xff, 0xff, 0xfd, 0x20, 0xb, 0xff, 0xff,
    0xff, 0xff, 0xfd, 0x6, 0xff, 0xfb, 0x31, 0x3c,
    0xff, 0xf6, 0xcf, 0xfb, 0x0, 0x0, 0x1f, 0xff,
    0x95, 0xcf, 0x30, 0x0, 0x0, 0xdf, 0xfa, 0x0,
    0x30, 0x0, 0x0, 0xe, 0xff, 0x90, 0x0, 0x0,
    0x0, 0x4, 0xff, 0xf5, 0x0, 0x0, 0x0, 0x2,
    0xef, 0xfd, 0x0, 0x0, 0x0, 0x5, 0xef, 0xff,
    0x30, 0x0, 0x0, 0x2c, 0xff, 0xff, 0x40, 0x0,
    0x0, 0x7f, 0xff, 0xfc, 0x20, 0x0, 0x0, 0x9f,
    0xff, 0xe6, 0x0, 0x0, 0x0, 0x7f, 0xff, 0xb1,
    0x0, 0x0, 0x0, 0xf, 0xff, 0xb0, 0x0, 0x0,
    0x0, 0x4, 0xff, 0xf5, 0x22, 0x22, 0x22, 0x21,
    0x6f, 0xff, 0xff, 0xff, 0xff, 0xff, 0xd7, 0xff,
    0xff, 0xff, 0xff, 0xff, 0xfd, 0x5f, 0xff, 0xff,
    0xff, 0xff, 0xff, 0xd0,

    /* U+0033 "3" */
    0x0, 0x6b, 0xef, 0xfe, 0xa5, 0x0, 0x6, 0xff,
    0xff, 0xff, 0xff, 0xfc, 0x10, 0xaf, 0xff, 0xff,
    0xff, 0xff, 0xfa, 0x2, 0xfc, 0x73, 0x23, 0x8f,
    0xff, 0xf0, 0x3, 0x0, 0x0, 0x0, 0xbf, 0xff,
    0x10, 0x0, 0x0, 0x0, 0xb, 0xff, 0xf0, 0x0,
    0x0, 0x0, 0x6, 0xff, 0xf9, 0x0, 0x0, 0x4b,
    0xce, 0xff, 0xfd, 0x10, 0x0, 0x5, 0xff, 0xff,
    0xfc, 0x10, 0x0, 0x0, 0x5f, 0xff, 0xff, 0xfe,
    0x30, 0x0, 0x0, 0x0, 0x27, 0xff, 0xfe, 0x0,
    0x0, 0x0, 0x0, 0x6, 0xff, 0xf6, 0x0, 0x0,
    0x0, 0x0, 0x2f, 0xff, 0x90, 0x0, 0x0, 0x0,
    0x4, 0xff, 0xf9, 0x6, 0x0, 0x0, 0x0, 0xaf,
    0xff, 0x72, 0xfd, 0x73, 0x24, 0xbf, 0xff, 0xf1,
    0x8f, 0xff, 0xff, 0xff, 0xff, 0xf7, 0x8, 0xff,
    0xff, 0xff, 0xff, 0xf7, 0x0, 0x2, 0x8c, 0xef,
    0xec, 0x82, 0x0, 0x0,

    /* U+0034 "4" */
    0x0, 0x0, 0x0, 0x6, 0xff, 0xff, 0xf8, 0x0,
    0x0, 0x0, 0x0, 0xd, 0xff, 0xff, 0xf8, 0x0,
    0x0, 0x0, 0x0, 0x4f, 0xff, 0xdf, 0xf8, 0x0,
    0x0, 0x0, 0x0, 0xcf, 0xfa, 0xbf, 0xf8, 0x0,
    0x0, 0x0, 0x3, 0xff, 0xf4, 0xbf, 0xf8, 0x0,
    0x0, 0x0, 0xa, 0xff, 0xd0, 0xcf, 0xf8, 0x0,
    0x0, 0x0, 0x1f, 0xff, 0x70, 0xcf, 0xf8, 0x0,
    0x0, 0x0, 0x9f, 0xff, 0x10, 0xcf, 0xf8, 0x0,
    0x0, 0x0, 0xff, 0xfa, 0x0, 0xcf, 0xf8, 0x0,
    0x0, 0x7, 0xff, 0xf4, 0x0, 0xcf, 0xf8, 0x0,
    0x0, 0xe, 0xff, 0xd0, 0x0, 0xdf, 0xf8, 0x0,
    0x0, 0x5f, 0xff, 0x60, 0x0, 0xdf, 0xf8, 0x0,
    0x0, 0xdf, 0xfe, 0x0, 0x0, 0xdf, 0xf8, 0x0,
    0x4, 0xff, 0xff, 0xff, 0xff, 0xff, 0xff, 0xfc,
    0xb, 0xff, 0xff, 0xff, 0xff, 0xff, 0xff, 0xfc,
    0xa, 0xaa, 0xaa, 0xaa, 0xaa, 0xff, 0xfd, 0xa8,
    0x0, 0x0, 0x0, 0x0, 0x0, 0xff, 0xf8, 0x0,
    0x0, 0x0, 0x0, 0x0, 0x0, 0xff, 0xf8, 0x0,
    0x0, 0x0, 0x0, 0x0, 0x0, 0xff, 0xf8, 0x0,

    /* U+0035 "5" */
    0x9, 0xff, 0xff, 0xff, 0xff, 0xfd, 0x0, 0xaf,
    0xff, 0xff, 0xff, 0xff, 0xd0, 0xa, 0xff, 0xfe,
    0xee, 0xee, 0xec, 0x0, 0xbf, 0xf7, 0x0, 0x0,
    0x0, 0x0, 0xc, 0xff, 0x50, 0x0, 0x0, 0x0,
    0x0, 0xcf, 0xf4, 0x0, 0x0, 0x0, 0x0, 0xd,
    0xff, 0x99, 0xa9, 0x72, 0x0, 0x0, 0xdf, 0xff,
    0xff, 0xff, 0xf9, 0x0, 0xe, 0xff, 0xff, 0xff,
    0xff, 0xf9, 0x0, 0x95, 0x20, 0x3, 0xbf, 0xff,
    0xf2, 0x0, 0x0, 0x0, 0x0, 0xaf, 0xff, 0x70,
    0x0, 0x0, 0x0, 0x2, 0xff, 0xf9, 0x0, 0x0,
    0x0, 0x0, 0xf, 0xff, 0x90, 0x0, 0x0, 0x0,
    0x2, 0xff, 0xf7, 0x1, 0x0, 0x0, 0x0, 0x8f,
    0xff, 0x31, 0xe8, 0x20, 0x13, 0x9f, 0xff, 0xd0,
    0x5f, 0xff, 0xff, 0xff, 0xff, 0xf2, 0xa, 0xff,
    0xff, 0xff, 0xff, 0xd3, 0x0, 0x6, 0xbd, 0xff,
    0xdb, 0x50, 0x0, 0x0,

    /* U+0036 "6" */
    0x0, 0x0, 0x4, 0xae, 0xff, 0xda, 0x30, 0x0,
    0x0, 0x1b, 0xff, 0xff, 0xff, 0xff, 0x30, 0x0,
    0x1d, 0xff, 0xff, 0xff, 0xff, 0xc0, 0x0, 0xb,
    0xff, 0xfb, 0x40, 0x2, 0x73, 0x0, 0x4, 0xff,
    0xf9, 0x0, 0x0, 0x0, 0x0, 0x0, 0xbf, 0xfd,
    0x0, 0x0, 0x0, 0x0, 0x0, 0xf, 0xff, 0x70,
    0x6c, 0xef, 0xc7, 0x0, 0x3, 0xff, 0xf5, 0xcf,
    0xff, 0xff, 0xfc, 0x10, 0x5f, 0xff, 0xdf, 0xfe,
    0xdf, 0xff, 0xfb, 0x6, 0xff, 0xff, 0xe4, 0x0,
    0x2d, 0xff, 0xf3, 0x6f, 0xff, 0xf3, 0x0, 0x0,
    0x4f, 0xff, 0x85, 0xff, 0xfb, 0x0, 0x0, 0x0,
    0xff, 0xfa, 0x3f, 0xff, 0xa0, 0x0, 0x0, 0xf,
    0xff, 0xa0, 0xff, 0xfc, 0x0, 0x0, 0x1, 0xff,
    0xf8, 0xa, 0xff, 0xf3, 0x0, 0x0, 0x7f, 0xff,
    0x40, 0x3f, 0xff, 0xe3, 0x0, 0x5f, 0xff, 0xe0,
    0x0, 0x9f, 0xff, 0xfe, 0xef, 0xff, 0xf4, 0x0,
    0x0, 0x9f, 0xff, 0xff, 0xff, 0xe5, 0x0, 0x0,
    0x0, 0x39, 0xdf, 0xec, 0x71, 0x0, 0x0,

    /* U+0037 "7" */
    0xcf, 0xff, 0xff, 0xff, 0xff, 0xff, 0x6c, 0xff,
    0xff, 0xff, 0xff, 0xff, 0xf1, 0xcf, 0xff, 0xff,
    0xff, 0xff, 0xfb, 0x2, 0x33, 0x33, 0x33, 0x5f,
    0xff, 0x60, 0x0, 0x0, 0x0, 0x6, 0xff, 0xf1,
    0x0, 0x0, 0x0, 0x0, 0xbf, 0xfc, 0x0, 0x0,
    0x0, 0x0, 0x1f, 0xff, 0x70, 0x0, 0x0, 0x0,
    0x6, 0xff, 0xf2, 0x0, 0x0, 0x0, 0x0, 0xcf,
    0xfd, 0x0, 0x0, 0x0, 0x0, 0x1f, 0xff, 0x80,
    0x0, 0x0, 0x0, 0x7, 0xff, 0xf3, 0x0, 0x0,
    0x0, 0x0, 0xcf, 0xfd, 0x0, 0x0, 0x0, 0x0,
    0x2f, 0xff, 0x80, 0x0, 0x0, 0x0, 0x7, 0xff,
    0xf3, 0x0, 0x0, 0x0, 0x0, 0xdf, 0xfe, 0x0,
    0x0, 0x0, 0x0, 0x2f, 0xff, 0x90, 0x0, 0x0,
    0x0, 0x8, 0xff, 0xf4, 0x0, 0x0, 0x0, 0x0,
    0xdf, 0xff, 0x0, 0x0, 0x0, 0x0, 0x3f, 0xff,
    0xa0, 0x0, 0x0, 0x0,

    /* U+0038 "8" */
    0x0, 0x3, 0x9d, 0xef, 0xec, 0x81, 0x0, 0x0,
    0x8, 0xff, 0xff, 0xff, 0xff, 0xf5, 0x0, 0x6,
    0xff, 0xff, 0xa8, 0xbf, 0xff, 0xf2, 0x0, 0xcf,
    0xff, 0x20, 0x0, 0x5f, 0xff, 0x70, 0xe, 0xff,
    0xc0, 0x0, 0x0, 0xff, 0xf9, 0x0, 0xcf, 0xfd,
    0x0, 0x0, 0x1f, 0xff, 0x70, 0x6, 0xff, 0xf6,
    0x0, 0x9, 0xff, 0xf2, 0x0, 0xa, 0xff, 0xfd,
    0xbe, 0xff, 0xf5, 0x0, 0x0, 0x9, 0xff, 0xff,
    0xff, 0xf4, 0x0, 0x0, 0x1b, 0xff, 0xff, 0xff,
    0xff, 0xf8, 0x0, 0xc, 0xff, 0xf8, 0x20, 0x3b,
    0xff, 0xf8, 0x5, 0xff, 0xf9, 0x0, 0x0, 0xd,
    0xff, 0xf1, 0x9f, 0xff, 0x40, 0x0, 0x0, 0x9f,
    0xff, 0x5b, 0xff, 0xf3, 0x0, 0x0, 0x8, 0xff,
    0xf6, 0x9f, 0xff, 0x60, 0x0, 0x0, 0xbf, 0xff,
    0x44, 0xff, 0xfe, 0x30, 0x0, 0x7f, 0xff, 0xf0,
    0xa, 0xff, 0xff, 0xed, 0xff, 0xff, 0xf6, 0x0,
    0x9, 0xff, 0xff, 0xff, 0xff, 0xf6, 0x0, 0x0,
    0x2, 0x8c, 0xef, 0xeb, 0x71, 0x0, 0x0,

    /* U+0039 "9" */
    0x0, 0x0, 0x6b, 0xef, 0xeb, 0x40, 0x0, 0x0,
    0x4, 0xef, 0xff, 0xff, 0xff, 0xb0, 0x0, 0x3,
    0xff, 0xff, 0xfd, 0xff, 0xff, 0xb0, 0x0, 0xcf,
    0xff, 0x80, 0x0, 0x9f, 0xff, 0x60, 0x2f, 0xff,
    0x90, 0x0, 0x0, 0xcf, 0xfe, 0x5, 0xff, 0xf4,
    0x0, 0x0, 0x7, 0xff, 0xf3, 0x6f, 0xff, 0x40,
    0x0, 0x0, 0x6f, 0xff, 0x74, 0xff, 0xf8, 0x0,
    0x0, 0xb, 0xff, 0xf9, 0xf, 0xff, 0xf4, 0x0,
    0x1a, 0xff, 0xff, 0xa0, 0x8f, 0xff, 0xfe, 0xdf,
    0xfe, 0xef, 0xfa, 0x0, 0xbf, 0xff, 0xff, 0xfe,
    0x3e, 0xff, 0x90, 0x0, 0x5c, 0xef, 0xd8, 0x10,
    0xff, 0xf7, 0x0, 0x0, 0x0, 0x0, 0x0, 0x5f,
    0xff, 0x40, 0x0, 0x0, 0x0, 0x0, 0xc, 0xff,
    0xe0, 0x0, 0x0, 0x0, 0x0, 0x8, 0xff, 0xf8,
    0x0, 0x2, 0xd6, 0x32, 0x4b, 0xff, 0xfe, 0x10,
    0x0, 0x9f, 0xff, 0xff, 0xff, 0xff, 0x30, 0x0,
    0xe, 0xff, 0xff, 0xff, 0xfe, 0x30, 0x0, 0x0,
    0x29, 0xdf, 0xfe, 0xb6, 0x0, 0x0, 0x0,

    /* U+003A ":" */
    0x1, 0x10, 0xbf, 0xf7, 0xbf, 0xf7, 0xbf, 0xf7,
    0xbf, 0xf7, 0x0, 0x0, 0x0, 0x0, 0x0, 0x0,
    0x0, 0x0, 0x0, 0x0, 0x11, 0x10, 0xbf, 0xf7,
    0xbf, 0xf7, 0xbf, 0xf7, 0xbf, 0xf7,

    /* U+003B ";" */
    0xb, 0xff, 0x70, 0xbf, 0xf7, 0xb, 0xff, 0x70,
    0xbf, 0xf7, 0x0, 0x11, 0x0, 0x0, 0x0, 0x0,
    0x0, 0x0, 0x0, 0x0, 0x0, 0x0, 0x0, 0x0,
    0x0, 0x5, 0x99, 0x40, 0x9f, 0xf7, 0x9, 0xff,
    0x70, 0x9f, 0xf6, 0xa, 0xff, 0x50, 0xbf, 0xf3,
    0xb, 0xff, 0x0, 0xcf, 0xd0, 0xf, 0xf7, 0x0,

    /* U+003C "<" */
    0x0, 0x0, 0x0, 0x0, 0x2, 0x10, 0x0, 0x0,
    0x0, 0x8, 0xf3, 0x0, 0x0, 0x0, 0x4e, 0xff,
    0x30, 0x0, 0x1, 0xaf, 0xff, 0xd1, 0x0, 0x6,
    0xff, 0xff, 0x80, 0x0, 0x3c, 0xff, 0xfc, 0x20,
    0x0, 0x8f, 0xff, 0xe6, 0x0, 0x0, 0xd, 0xff,
    0xa1, 0x0, 0x0, 0x0, 0xdf, 0xfd, 0x30, 0x0,
    0x0, 0x5, 0xef, 0xff, 0x91, 0x0, 0x0, 0x1,
    0x9f, 0xff, 0xe5, 0x0, 0x0, 0x0, 0x3d, 0xff,
    0xfb, 0x20, 0x0, 0x0, 0x7, 0xff, 0xff, 0x20,
    0x0, 0x0, 0x2, 0xbf, 0xf3, 0x0, 0x0, 0x0,
    0x0, 0x5e, 0x30, 0x0, 0x0, 0x0, 0x0, 0x1,

    /* U+003D "=" */
    0x6f, 0xff, 0xff, 0xff, 0xff, 0xff, 0x6, 0xff,
    0xff, 0xff, 0xff, 0xff, 0xf0, 0x4b, 0xbb, 0xbb,
    0xbb, 0xbb, 0xbb, 0x0, 0x0, 0x0, 0x0, 0x0,
    0x0, 0x0, 0x0, 0x0, 0x0, 0x0, 0x0, 0x0,
    0x0, 0x0, 0x0, 0x0, 0x0, 0x0, 0x0, 0x0,
    0x0, 0x0, 0x0, 0x0, 0x0, 0x4, 0xbb, 0xbb,
    0xbb, 0xbb, 0xbb, 0xb0, 0x6f, 0xff, 0xff, 0xff,
    0xff, 0xff, 0x6, 0xff, 0xff, 0xff, 0xff, 0xff,
    0xf0,

    /* U+003E ">" */
    0x40, 0x0, 0x0, 0x0, 0x0, 0xd, 0xc2, 0x0,
    0x0, 0x0, 0x0, 0xdf, 0xf8, 0x0, 0x0, 0x0,
    0x9, 0xff, 0xfd, 0x40, 0x0, 0x0, 0x4, 0xdf,
    0xff, 0xa1, 0x0, 0x0, 0x0, 0x8f, 0xff, 0xf6,
    0x0, 0x0, 0x0, 0x2c, 0xff, 0xfc, 0x10, 0x0,
    0x0, 0x6, 0xff, 0xf3, 0x0, 0x0, 0x1, 0x9f,
    0xff, 0x30, 0x0, 0x5, 0xef, 0xff, 0x90, 0x0,
    0x2b, 0xff, 0xfc, 0x30, 0x0, 0x8f, 0xff, 0xf7,
    0x0, 0x0, 0xcf, 0xff, 0xb1, 0x0, 0x0, 0xd,
    0xfe, 0x40, 0x0, 0x0, 0x0, 0xd8, 0x0, 0x0,
    0x0, 0x0, 0x1, 0x0, 0x0, 0x0, 0x0, 0x0,

    /* U+003F "?" */
    0x0, 0x17, 0xcf, 0xfe, 0xa4, 0x0, 0x4, 0xef,
    0xff, 0xff, 0xff, 0x90, 0x1f, 0xff, 0xff, 0xff,
    0xff, 0xf5, 0x8, 0xfe, 0x62, 0x29, 0xff, 0xfb,
    0x0, 0xb2, 0x0, 0x0, 0xcf, 0xfd, 0x0, 0x0,
    0x0, 0x0, 0xaf, 0xfd, 0x0, 0x0, 0x0, 0x0,
    0xdf, 0xfa, 0x0, 0x0, 0x0, 0x8, 0xff, 0xf1,
    0x0, 0x0, 0x0, 0xaf, 0xfe, 0x30, 0x0, 0x0,
    0xc, 0xff, 0xd1, 0x0, 0x0, 0x0, 0x7f, 0xfe,
    0x10, 0x0, 0x0, 0x0, 0xcf, 0xf7, 0x0, 0x0,
    0x0, 0x0, 0xdf, 0xf3, 0x0, 0x0, 0x0, 0x0,
    0xcf, 0xf2, 0x0, 0x0, 0x0, 0x0, 0x35, 0x50,
    0x0, 0x0, 0x0, 0x0, 0x0, 0x0, 0x0, 0x0,
    0x0, 0x0, 0x11, 0x10, 0x0, 0x0, 0x0, 0x0,
    0xbf, 0xf5, 0x0, 0x0, 0x0, 0x0, 0xbf, 0xf5,
    0x0, 0x0, 0x0, 0x0, 0xbf, 0xf5, 0x0, 0x0,
    0x0, 0x0, 0xbf, 0xf5, 0x0, 0x0,

    /* U+0040 "@" */
    0x0, 0x0, 0x0, 0x2, 0x7a, 0xbb, 0xa7, 0x20,
    0x0, 0x0, 0x0, 0x0, 0x2, 0xbf, 0xff, 0xff,
    0xff, 0xfc, 0x20, 0x0, 0x0, 0x0, 0x6f, 0xfc,
    0x62, 0x0, 0x15, 0xcf, 0xf3, 0x0, 0x0, 0x6,
    0xff, 0x60, 0x0, 0x0, 0x0, 0x7, 0xfe, 0x10,
    0x0, 0x2f, 0xf4, 0x0, 0x0, 0x0, 0x0, 0x0,
    0xaf, 0x70, 0x0, 0xbf, 0x80, 0x1, 0x9d, 0xfb,
    0x3b, 0xb2, 0x3f, 0xd0, 0x3, 0xfe, 0x0, 0x1d,
    0xff, 0xff, 0xff, 0xf0, 0xe, 0xf0, 0x9, 0xf8,
    0x0, 0xaf, 0xf4, 0x2, 0xef, 0xc0, 0xc, 0xf2,
    0xd, 0xf3, 0x3, 0xff, 0x70, 0x0, 0xcf, 0x80,
    0xc, 0xf3, 0xf, 0xf0, 0x8, 0xff, 0x0, 0x0,
    0xff, 0x50, 0xd, 0xf1, 0x1f, 0xe0, 0xc, 0xfd,
    0x0, 0x4, 0xff, 0x10, 0xf, 0xf0, 0x2f, 0xc0,
    0xd, 0xfc, 0x0, 0xb, 0xfe, 0x0, 0x2f, 0xc0,
    0x2f, 0xd0, 0xc, 0xfd, 0x0, 0x4f, 0xfb, 0x0,
    0x8f, 0x70, 0x1f, 0xe0, 0x9, 0xff, 0x64, 0xef,
    0xfb, 0x3, 0xfe, 0x0, 0xe, 0xf2, 0x3, 0xff,
    0xff, 0xb8, 0xff, 0xdf, 0xf3, 0x0, 0xa, 0xf7,
    0x0, 0x6e, 0xe8, 0x0, 0xaf, 0xea, 0x20, 0x0,
    0x4, 0xfe, 0x10, 0x0, 0x0, 0x0, 0x0, 0x0,
    0x0, 0x0, 0x0, 0xbf, 0xc1, 0x0, 0x0, 0x0,
    0x0, 0x0, 0x0, 0x0, 0x0, 0x1c, 0xfe, 0x71,
    0x0, 0x0, 0x16, 0xd3, 0x0, 0x0, 0x0, 0x0,
    0x9f, 0xff, 0xdc, 0xcd, 0xff, 0xf8, 0x0, 0x0,
    0x0, 0x0, 0x2, 0x7b, 0xdf, 0xfe, 0xc8, 0x30,
    0x0, 0x0,

    /* U+0041 "A" */
    0x0, 0x0, 0x0, 0x0, 0xa0, 0x0, 0x0, 0x0,
    0x0, 0x0, 0x0, 0x0, 0x2f, 0x60, 0x0, 0x0,
    0x0, 0x0, 0x0, 0x0, 0x8, 0xfd, 0x0, 0x0,
    0x0, 0x0, 0x0, 0x0, 0x0, 0xef, 0xf4, 0x0,
    0x0, 0x0, 0x0, 0x0, 0x0, 0x6f, 0xff, 0xa0,
    0x0, 0x0, 0x0, 0x0, 0x0, 0xc, 0xff, 0xff,
    0x10, 0x0, 0x0, 0x0, 0x0, 0x3, 0xff, 0xff,
    0xf8, 0x0, 0x0, 0x0, 0x0, 0x0, 0xaf, 0xfa,
    0xff, 0xe0, 0x0, 0x0, 0x0, 0x0, 0x1f, 0xff,
    0x2d, 0xff, 0x50, 0x0, 0x0, 0x0, 0x7, 0xff,
    0xc0, 0x7f, 0xfc, 0x0, 0x0, 0x0, 0x0, 0xef,
    0xf5, 0x1, 0xff, 0xf3, 0x0, 0x0, 0x0, 0x5f,
    0xff, 0x0, 0xa, 0xff, 0x90, 0x0, 0x0, 0xb,
    0xff, 0x90, 0x0, 0x4f, 0xff, 0x10, 0x0, 0x2,
    0xff, 0xfc, 0xaa, 0xaa, 0xff, 0xf7, 0x0, 0x0,
    0x9f, 0xff, 0xff, 0xff, 0xff, 0xff, 0xd0, 0x0,
    0xf, 0xff, 0xff, 0xff, 0xff, 0xff, 0xff, 0x40,
    0x6, 0xff, 0xf2, 0x0, 0x0, 0x0, 0xcf, 0xfb,
    0x0, 0xdf, 0xfd, 0x0, 0x0, 0x0, 0x6, 0xff,
    0xf2, 0x3f, 0xff, 0x70, 0x0, 0x0, 0x0, 0x1f,
    0xff, 0x80,

    /* U+0042 "B" */
    0xbf, 0xff, 0xff, 0xec, 0x81, 0x0, 0xb, 0xff,
    0xff, 0xff, 0xff, 0xf4, 0x0, 0xbf, 0xfe, 0xbb,
    0xef, 0xff, 0xf1, 0xb, 0xff, 0xa0, 0x0, 0x6f,
    0xff, 0x60, 0xbf, 0xfa, 0x0, 0x0, 0xdf, 0xf9,
    0xb, 0xff, 0xa0, 0x0, 0xc, 0xff, 0x90, 0xbf,
    0xfa, 0x0, 0x0, 0xff, 0xf6, 0xb, 0xff, 0xa0,
    0x1, 0xaf, 0xfe, 0x0, 0xbf, 0xff, 0xff, 0xff,
    0xfe, 0x30, 0xb, 0xff, 0xff, 0xff, 0xff, 0xf9,
    0x0, 0xbf, 0xfd, 0x99, 0xae, 0xff, 0xfb, 0xb,
    0xff, 0xa0, 0x0, 0x8, 0xff, 0xf3, 0xbf, 0xfa,
    0x0, 0x0, 0x1f, 0xff, 0x7b, 0xff, 0xa0, 0x0,
    0x0, 0xff, 0xf8, 0xbf, 0xfa, 0x0, 0x0, 0x2f,
    0xff, 0x7b, 0xff, 0xa0, 0x0, 0x1b, 0xff, 0xf3,
    0xbf, 0xfe, 0xcc, 0xdf, 0xff, 0xfb, 0xb, 0xff,
    0xff, 0xff, 0xff, 0xfc, 0x10, 0xbf, 0xff, 0xff,
    0xfd, 0xa4, 0x0, 0x0,

    /* U+0043 "C" */
    0x0, 0x0, 0x39, 0xdf, 0xfd, 0xa3, 0x0, 0x0,
    0xaf, 0xff, 0xff, 0xff, 0xf6, 0x0, 0xbf, 0xff,
    0xff, 0xff, 0xff, 0x50, 0x8f, 0xff, 0xf8, 0x32,
    0x5d, 0xc0, 0x1f, 0xff, 0xf3, 0x0, 0x0, 0x2,
    0x7, 0xff, 0xf8, 0x0, 0x0, 0x0, 0x0, 0xbf,
    0xff, 0x20, 0x0, 0x0, 0x0, 0xe, 0xff, 0xe0,
    0x0, 0x0, 0x0, 0x0, 0xff, 0xfc, 0x0, 0x0,
    0x0, 0x0, 0xf, 0xff, 0xc0, 0x0, 0x0, 0x0,
    0x0, 0xff, 0xfd, 0x0, 0x0, 0x0, 0x0, 0xd,
    0xff, 0xf0, 0x0, 0x0, 0x0, 0x0, 0xaf, 0xff,
    0x30, 0x0, 0x0, 0x0, 0x6, 0xff, 0xf9, 0x0,
    0x0, 0x0, 0x0, 0xf, 0xff, 0xf3, 0x0, 0x0,
    0x1, 0x0, 0x7f, 0xff, 0xf7, 0x22, 0x5b, 0xb0,
    0x0, 0xbf, 0xff, 0xff, 0xff, 0xff, 0x40, 0x0,
    0xaf, 0xff, 0xff, 0xff, 0xf7, 0x0, 0x0, 0x4a,
    0xef, 0xfd, 0x93, 0x0,

    /* U+0044 "D" */
    0xdf, 0xff, 0xff, 0xeb, 0x71, 0x0, 0x0, 0xdf,
    0xff, 0xff, 0xff, 0xff, 0x60, 0x0, 0xdf, 0xfe,
    0xcc, 0xff, 0xff, 0xf7, 0x0, 0xdf, 0xfa, 0x0,
    0x6, 0xff, 0xff, 0x30, 0xdf, 0xfa, 0x0, 0x0,
    0x4f, 0xff, 0xb0, 0xdf, 0xfa, 0x0, 0x0, 0xb,
    0xff, 0xf1, 0xdf, 0xfa, 0x0, 0x0, 0x5, 0xff,
    0xf4, 0xdf, 0xfa, 0x0, 0x0, 0x1, 0xff, 0xf7,
    0xdf, 0xfa, 0x0, 0x0, 0x0, 0xff, 0xf8, 0xdf,
    0xfa, 0x0, 0x0, 0x0, 0xff, 0xf8, 0xdf, 0xfa,
    0x0, 0x0, 0x0, 0xff, 0xf7, 0xdf, 0xfa, 0x0,
    0x0, 0x2, 0xff, 0xf6, 0xdf, 0xfa, 0x0, 0x0,
    0x6, 0xff, 0xf2, 0xdf, 0xfa, 0x0, 0x0, 0xd,
    0xff, 0xd0, 0xdf, 0xfa, 0x0, 0x0, 0x8f, 0xff,
    0x80, 0xdf, 0xfa, 0x1, 0x4b, 0xff, 0xfd, 0x0,
    0xdf, 0xff, 0xff, 0xff, 0xff, 0xf3, 0x0, 0xdf,
    0xff, 0xff, 0xff, 0xfd, 0x20, 0x0, 0xdf, 0xff,
    0xff, 0xeb, 0x60, 0x0, 0x0,

    /* U+0045 "E" */
    0xdf, 0xff, 0xff, 0xff, 0xff, 0xd, 0xff, 0xff,
    0xff, 0xff, 0xf0, 0xdf, 0xff, 0xff, 0xff, 0xff,
    0xd, 0xff, 0x90, 0x0, 0x0, 0x0, 0xdf, 0xf9,
    0x0, 0x0, 0x0, 0xd, 0xff, 0x90, 0x0, 0x0,
    0x0, 0xdf, 0xf9, 0x0, 0x0, 0x0, 0xd, 0xff,
    0xfe, 0xee, 0xe9, 0x0, 0xdf, 0xff, 0xff, 0xff,
    0xb0, 0xd, 0xff, 0xff, 0xff, 0xfb, 0x0, 0xdf,
    0xf9, 0x0, 0x0, 0x0, 0xd, 0xff, 0x90, 0x0,
    0x0, 0x0, 0xdf, 0xf9, 0x0, 0x0, 0x0, 0xd,
    0xff, 0x90, 0x0, 0x0, 0x0, 0xdf, 0xf9, 0x0,
    0x0, 0x0, 0xd, 0xff, 0x91, 0x11, 0x11, 0x10,
    0xdf, 0xff, 0xff, 0xff, 0xff, 0x9d, 0xff, 0xff,
    0xff, 0xff, 0xf9, 0xdf, 0xff, 0xff, 0xff, 0xff,
    0x90,

    /* U+0046 "F" */
    0xbf, 0xff, 0xff, 0xff, 0xff, 0x1b, 0xff, 0xff,
    0xff, 0xff, 0xf1, 0xbf, 0xff, 0xff, 0xff, 0xff,
    0x1b, 0xff, 0xb0, 0x0, 0x0, 0x0, 0xbf, 0xfb,
    0x0, 0x0, 0x0, 0xb, 0xff, 0xb0, 0x0, 0x0,
    0x0, 0xbf, 0xfb, 0x0, 0x0, 0x0, 0xb, 0xff,
    0xb1, 0x11, 0x11, 0x0, 0xbf, 0xff, 0xff, 0xff,
    0xf4, 0xb, 0xff, 0xff, 0xff, 0xff, 0x40, 0xbf,
    0xff, 0xff, 0xff, 0xf4, 0xb, 0xff, 0xb0, 0x0,
    0x0, 0x0, 0xbf, 0xfb, 0x0, 0x0, 0x0, 0xb,
    0xff, 0xb0, 0x0, 0x0, 0x0, 0xbf, 0xfb, 0x0,
    0x0, 0x0, 0xb, 0xff, 0xb0, 0x0, 0x0, 0x0,
    0xbf, 0xfb, 0x0, 0x0, 0x0, 0xb, 0xff, 0xb0,
    0x0, 0x0, 0x0, 0xbf, 0xfb, 0x0, 0x0, 0x0,
    0x0,

    /* U+0047 "G" */
    0x0, 0x0, 0x18, 0xcf, 0xff, 0xd9, 0x30, 0x0,
    0x0, 0x6, 0xff, 0xff, 0xff, 0xff, 0xf7, 0x0,
    0x0, 0x8f, 0xff, 0xff, 0xff, 0xff, 0xf6, 0x0,
    0x4, 0xff, 0xff, 0xb5, 0x44, 0x7d, 0xd0, 0x0,
    0xe, 0xff, 0xf6, 0x0, 0x0, 0x0, 0x20, 0x0,
    0x5f, 0xff, 0x90, 0x0, 0x0, 0x0, 0x0, 0x0,
    0xaf, 0xff, 0x10, 0x0, 0x0, 0x0, 0x0, 0x0,
    0xdf, 0xfc, 0x0, 0x0, 0x0, 0x0, 0x0, 0x0,
    0xff, 0xfa, 0x0, 0x1, 0xff, 0xff, 0xff, 0xf0,
    0xff, 0xfa, 0x0, 0x1, 0xff, 0xff, 0xff, 0xf0,
    0xff, 0xfb, 0x0, 0x1, 0xff, 0xff, 0xff, 0xf1,
    0xdf, 0xfd, 0x0, 0x0, 0x0, 0x4, 0xff, 0xf0,
    0xaf, 0xff, 0x10, 0x0, 0x0, 0x4, 0xff, 0xf0,
    0x5f, 0xff, 0x70, 0x0, 0x0, 0x7, 0xff, 0xc0,
    0xe, 0xff, 0xf2, 0x0, 0x0, 0xd, 0xff, 0x80,
    0x6, 0xff, 0xfe, 0x62, 0x14, 0xcf, 0xff, 0x20,
    0x0, 0xaf, 0xff, 0xff, 0xff, 0xff, 0xfa, 0x0,
    0x0, 0x9, 0xff, 0xff, 0xff, 0xff, 0xb0, 0x0,
    0x0, 0x0, 0x39, 0xdf, 0xfd, 0xa5, 0x0, 0x0,

    /* U+0048 "H" */
    0xbf, 0xfc, 0x0, 0x0, 0x0, 0xff, 0xf7, 0xbf,
    0xfc, 0x0, 0x0, 0x0, 0xff, 0xf7, 0xbf, 0xfc,
    0x0, 0x0, 0x0, 0xff, 0xf7, 0xbf, 0xfc, 0x0,
    0x0, 0x0, 0xff, 0xf7, 0xbf, 0xfc, 0x0, 0x0,
    0x0, 0xff, 0xf7, 0xbf, 0xfc, 0x0, 0x0, 0x0,
    0xff, 0xf7, 0xbf, 0xfc, 0x0, 0x0, 0x0, 0xff,
    0xf7, 0xbf, 0xfc, 0x0, 0x0, 0x0, 0xff, 0xf7,
    0xbf, 0xff, 0xff, 0xff, 0xff, 0xff, 0xf7, 0xbf,
    0xff, 0xff, 0xff, 0xff, 0xff, 0xf7, 0xbf, 0xff,
    0xff, 0xff, 0xff, 0xff, 0xf7, 0xbf, 0xfc, 0x0,
    0x0, 0x0, 0xff, 0xf7, 0xbf, 0xfc, 0x0, 0x0,
    0x0, 0xff, 0xf7, 0xbf, 0xfc, 0x0, 0x0, 0x0,
    0xff, 0xf7, 0xbf, 0xfc, 0x0, 0x0, 0x0, 0xff,
    0xf7, 0xbf, 0xfc, 0x0, 0x0, 0x0, 0xff, 0xf7,
    0xbf, 0xfc, 0x0, 0x0, 0x0, 0xff, 0xf7, 0xbf,
    0xfc, 0x0, 0x0, 0x0, 0xff, 0xf7, 0xbf, 0xfc,
    0x0, 0x0, 0x0, 0xff, 0xf7,

    /* U+0049 "I" */
    0xdf, 0xfa, 0xdf, 0xfa, 0xdf, 0xfa, 0xdf, 0xfa,
    0xdf, 0xfa, 0xdf, 0xfa, 0xdf, 0xfa, 0xdf, 0xfa,
    0xdf, 0xfa, 0xdf, 0xfa, 0xdf, 0xfa, 0xdf, 0xfa,
    0xdf, 0xfa, 0xdf, 0xfa, 0xdf, 0xfa, 0xdf, 0xfa,
    0xdf, 0xfa, 0xdf, 0xfa, 0xdf, 0xfa,

    /* U+004A "J" */
    0x0, 0x0, 0x0, 0xbf, 0xfd, 0x0, 0x0, 0x0,
    0xbf, 0xfd, 0x0, 0x0, 0x0, 0xbf, 0xfd, 0x0,
    0x0, 0x0, 0xbf, 0xfd, 0x0, 0x0, 0x0, 0xbf,
    0xfd, 0x0, 0x0, 0x0, 0xbf, 0xfd, 0x0, 0x0,
    0x0, 0xbf, 0xfd, 0x0, 0x0, 0x0, 0xbf, 0xfd,
    0x0, 0x0, 0x0, 0xbf, 0xfd, 0x0, 0x0, 0x0,
    0xbf, 0xfd, 0x0, 0x0, 0x0, 0xbf, 0xfd, 0x0,
    0x0, 0x0, 0xbf, 0xfd, 0x0, 0x0, 0x0, 0xbf,
    0xfd, 0x0, 0x0, 0x0, 0xbf, 0xfc, 0x0, 0x0,
    0x0, 0xdf, 0xfb, 0x2, 0xb2, 0x17, 0xff, 0xf7,
    0x8, 0xff, 0xff, 0xff, 0xf1, 0xe, 0xff, 0xff,
    0xff, 0x50, 0x7, 0xce, 0xfe, 0xa3, 0x0,

    /* U+004B "K" */
    0xbf, 0xfb, 0x0, 0x0, 0xa, 0xff, 0xf5, 0xb,
    0xff, 0xb0, 0x0, 0x4, 0xff, 0xfa, 0x0, 0xbf,
    0xfb, 0x0, 0x0, 0xdf, 0xfe, 0x10, 0xb, 0xff,
    0xb0, 0x0, 0x8f, 0xff, 0x40, 0x0, 0xbf, 0xfb,
    0x0, 0x2f, 0xff, 0x90, 0x0, 0xb, 0xff, 0xb0,
    0xc, 0xff, 0xd0, 0x0, 0x0, 0xbf, 0xfb, 0x6,
    0xff, 0xf4, 0x0, 0x0, 0xb, 0xff, 0xb1, 0xff,
    0xf9, 0x0, 0x0, 0x0, 0xbf, 0xfb, 0xbf, 0xfd,
    0x0, 0x0, 0x0, 0xb, 0xff, 0xef, 0xff, 0x60,
    0x0, 0x0, 0x0, 0xbf, 0xfb, 0xdf, 0xfe, 0x10,
    0x0, 0x0, 0xb, 0xff, 0xb3, 0xff, 0xfb, 0x0,
    0x0, 0x0, 0xbf, 0xfb, 0x8, 0xff, 0xf7, 0x0,
    0x0, 0xb, 0xff, 0xb0, 0xd, 0xff, 0xf2, 0x0,
    0x0, 0xbf, 0xfb, 0x0, 0x3f, 0xff, 0xd0, 0x0,
    0xb, 0xff, 0xb0, 0x0, 0x9f, 0xff, 0x90, 0x0,
    0xbf, 0xfb, 0x0, 0x0, 0xdf, 0xff, 0x40, 0xb,
    0xff, 0xb0, 0x0, 0x3, 0xff, 0xfe, 0x10, 0xbf,
    0xfb, 0x0, 0x0, 0x9, 0xff, 0xfb, 0x0,

    /* U+004C "L" */
    0xbf, 0xfb, 0x0, 0x0, 0x0, 0xbf, 0xfb, 0x0,
    0x0, 0x0, 0xbf, 0xfb, 0x0, 0x0, 0x0, 0xbf,
    0xfb, 0x0, 0x0, 0x0, 0xbf, 0xfb, 0x0, 0x0,
    0x0, 0xbf, 0xfb, 0x0, 0x0, 0x0, 0xbf, 0xfb,
    0x0, 0x0, 0x0, 0xbf, 0xfb, 0x0, 0x0, 0x0,
    0xbf, 0xfb, 0x0, 0x0, 0x0, 0xbf, 0xfb, 0x0,
    0x0, 0x0, 0xbf, 0xfb, 0x0, 0x0, 0x0, 0xbf,
    0xfb, 0x0, 0x0, 0x0, 0xbf, 0xfb, 0x0, 0x0,
    0x0, 0xbf, 0xfb, 0x0, 0x0, 0x0, 0xbf, 0xfb,
    0x0, 0x0, 0x0, 0xbf, 0xfb, 0x0, 0x0, 0x0,
    0xbf, 0xff, 0xff, 0xff, 0xf5, 0xbf, 0xff, 0xff,
    0xff, 0xf5, 0xbf, 0xff, 0xff, 0xff, 0xf5,

    /* U+004D "M" */
    0x91, 0x0, 0x0, 0x0, 0x0, 0x0, 0x0, 0xb,
    0xb, 0xc0, 0x0, 0x0, 0x0, 0x0, 0x0, 0x8,
    0xf0, 0xbf, 0xa0, 0x0, 0x0, 0x0, 0x0, 0x6,
    0xff, 0xb, 0xff, 0x80, 0x0, 0x0, 0x0, 0x4,
    0xff, 0xf0, 0xbf, 0xff, 0x60, 0x0, 0x0, 0x2,
    0xff, 0xff, 0xb, 0xff, 0xff, 0x40, 0x0, 0x1,
    0xdf, 0xff, 0xf0, 0xbf, 0xff, 0xfe, 0x20, 0x0,
    0xcf, 0xff, 0xff, 0xb, 0xff, 0xff, 0xfd, 0x10,
    0xaf, 0xff, 0xff, 0xf0, 0xbf, 0xfa, 0xff, 0xfc,
    0x8f, 0xff, 0x9f, 0xff, 0xb, 0xff, 0x86, 0xff,
    0xff, 0xff, 0xa4, 0xff, 0xf0, 0xbf, 0xf9, 0x8,
    0xff, 0xff, 0xc0, 0x5f, 0xff, 0xb, 0xff, 0x90,
    0xa, 0xff, 0xd1, 0x5, 0xff, 0xf0, 0xbf, 0xf9,
    0x0, 0xc, 0xe2, 0x0, 0x5f, 0xff, 0xb, 0xff,
    0x90, 0x0, 0x13, 0x0, 0x5, 0xff, 0xf0, 0xbf,
    0xf9, 0x0, 0x0, 0x0, 0x0, 0x5f, 0xff, 0xb,
    0xff, 0x90, 0x0, 0x0, 0x0, 0x5, 0xff, 0xf0,
    0xbf, 0xf9, 0x0, 0x0, 0x0, 0x0, 0x5f, 0xff,
    0xb, 0xff, 0x90, 0x0, 0x0, 0x0, 0x5, 0xff,
    0xf0, 0xbf, 0xf9, 0x0, 0x0, 0x0, 0x0, 0x5f,
    0xff, 0x0,

    /* U+004E "N" */
    0x91, 0x0, 0x0, 0x0, 0x0, 0xbf, 0xf9, 0xbd,
    0x0, 0x0, 0x0, 0x0, 0xbf, 0xf9, 0xbf, 0xb0,
    0x0, 0x0, 0x0, 0xbf, 0xf9, 0xbf, 0xf9, 0x0,
    0x0, 0x0, 0xbf, 0xf9, 0xbf, 0xff, 0x70, 0x0,
    0x0, 0xbf, 0xf9, 0xbf, 0xff, 0xf5, 0x0, 0x0,
    0xbf, 0xf9, 0xbf, 0xff, 0xff, 0x40, 0x0, 0xbf,
    0xf9, 0xbf, 0xff, 0xff, 0xf2, 0x0, 0xbf, 0xf9,
    0xbf, 0xf9, 0xef, 0xfe, 0x10, 0xbf, 0xf9, 0xbf,
    0xf8, 0x3f, 0xff, 0xc0, 0xbf, 0xf9, 0xbf, 0xf9,
    0x5, 0xff, 0xfb, 0xaf, 0xf9, 0xbf, 0xf9, 0x0,
    0x6f, 0xff, 0xff, 0xf9, 0xbf, 0xf9, 0x0, 0x8,
    0xff, 0xff, 0xf9, 0xbf, 0xf9, 0x0, 0x0, 0x9f,
    0xff, 0xf9, 0xbf, 0xf9, 0x0, 0x0, 0xb, 0xff,
    0xf9, 0xbf, 0xf9, 0x0, 0x0, 0x0, 0xcf, 0xf9,
    0xbf, 0xf9, 0x0, 0x0, 0x0, 0x1d, 0xf9, 0xbf,
    0xf9, 0x0, 0x0, 0x0, 0x2, 0xe9, 0xbf, 0xf9,
    0x0, 0x0, 0x0, 0x0, 0x38,

    /* U+004F "O" */
    0x0, 0x0, 0x4a, 0xef, 0xfd, 0x92, 0x0, 0x0,
    0x0, 0xb, 0xff, 0xff, 0xff, 0xff, 0x80, 0x0,
    0x0, 0xcf, 0xff, 0xfe, 0xef, 0xff, 0xf9, 0x0,
    0x7, 0xff, 0xfb, 0x10, 0x3, 0xdf, 0xff, 0x30,
    0x1f, 0xff, 0xc0, 0x0, 0x0, 0x1f, 0xff, 0xc0,
    0x5f, 0xff, 0x40, 0x0, 0x0, 0x8, 0xff, 0xf1,
    0xaf, 0xff, 0x0, 0x0, 0x0, 0x3, 0xff, 0xf6,
    0xcf, 0xfc, 0x0, 0x0, 0x0, 0x0, 0xff, 0xf8,
    0xdf, 0xfb, 0x0, 0x0, 0x0, 0x0, 0xef, 0xfa,
    0xef, 0xfa, 0x0, 0x0, 0x0, 0x0, 0xef, 0xfb,
    0xdf, 0xfb, 0x0, 0x0, 0x0, 0x0, 0xff, 0xfa,
    0xcf, 0xfd, 0x0, 0x0, 0x0, 0x0, 0xff, 0xf8,
    0xaf, 0xff, 0x0, 0x0, 0x0, 0x4, 0xff, 0xf6,
    0x5f, 0xff, 0x50, 0x0, 0x0, 0xa, 0xff, 0xf1,
    0x1f, 0xff, 0xd1, 0x0, 0x0, 0x3f, 0xff, 0xc0,
    0x7, 0xff, 0xfc, 0x30, 0x5, 0xef, 0xff, 0x30,
    0x0, 0xcf, 0xff, 0xff, 0xff, 0xff, 0xf8, 0x0,
    0x0, 0xb, 0xff, 0xff, 0xff, 0xff, 0x70, 0x0,
    0x0, 0x0, 0x4a, 0xef, 0xfd, 0x93, 0x0, 0x0,

    /* U+0050 "P" */
    0xbf, 0xff, 0xff, 0xec, 0x71, 0x0, 0xb, 0xff,
    0xff, 0xff, 0xff, 0xf5, 0x0, 0xbf, 0xff, 0xcd,
    0xff, 0xff, 0xf3, 0xb, 0xff, 0xc0, 0x0, 0x7f,
    0xff, 0xb0, 0xbf, 0xfc, 0x0, 0x0, 0xaf, 0xff,
    0xb, 0xff, 0xc0, 0x0, 0x5, 0xff, 0xf2, 0xbf,
    0xfc, 0x0, 0x0, 0x4f, 0xff, 0x3b, 0xff, 0xc0,
    0x0, 0x5, 0xff, 0xf2, 0xbf, 0xfc, 0x0, 0x0,
    0x7f, 0xff, 0xb, 0xff, 0xc0, 0x0, 0xe, 0xff,
    0xb0, 0xbf, 0xfc, 0x0, 0x3b, 0xff, 0xf5, 0xb,
    0xff, 0xff, 0xff, 0xff, 0xfa, 0x0, 0xbf, 0xff,
    0xff, 0xff, 0xfa, 0x0, 0xb, 0xff, 0xfe, 0xdb,
    0x93, 0x0, 0x0, 0xbf, 0xfc, 0x0, 0x0, 0x0,
    0x0, 0xb, 0xff, 0xc0, 0x0, 0x0, 0x0, 0x0,
    0xbf, 0xfc, 0x0, 0x0, 0x0, 0x0, 0xb, 0xff,
    0xc0, 0x0, 0x0, 0x0, 0x0, 0xbf, 0xfc, 0x0,
    0x0, 0x0, 0x0, 0x0,

    /* U+0051 "Q" */
    0x0, 0x0, 0x4a, 0xef, 0xfd, 0x93, 0x0, 0x0,
    0x0, 0xb, 0xff, 0xff, 0xff, 0xff, 0x80, 0x0,
    0x0, 0xcf, 0xff, 0xfe, 0xef, 0xff, 0xf9, 0x0,
    0x7, 0xff, 0xfb, 0x10, 0x3, 0xdf, 0xff, 0x40,
    0x1f, 0xff, 0xc0, 0x0, 0x0, 0x1f, 0xff, 0xc0,
    0x5f, 0xff, 0x40, 0x0, 0x0, 0x8, 0xff, 0xf1,
    0xaf, 0xff, 0x0, 0x0, 0x0, 0x3, 0xff, 0xf6,
    0xcf, 0xfc, 0x0, 0x0, 0x0, 0x0, 0xff, 0xf8,
    0xdf, 0xfb, 0x0, 0x0, 0x0, 0x0, 0xef, 0xfa,
    0xef, 0xfa, 0x0, 0x0, 0x0, 0x0, 0xef, 0xfb,
    0xdf, 0xfb, 0x0, 0x0, 0x0, 0x0, 0xff, 0xfa,
    0xcf, 0xfd, 0x0, 0x0, 0x0, 0x0, 0xff, 0xf9,
    0xaf, 0xff, 0x0, 0x0, 0x0, 0x4, 0xff, 0xf6,
    0x5f, 0xff, 0x50, 0x0, 0x0, 0xa, 0xff, 0xf2,
    0x1f, 0xff, 0xd1, 0x0, 0x0, 0x3f, 0xff, 0xc0,
    0x7, 0xff, 0xfc, 0x30, 0x5, 0xef, 0xff, 0x40,
    0x0, 0xcf, 0xff, 0xff, 0xff, 0xff, 0xf9, 0x0,
    0x0, 0xb, 0xff, 0xff, 0xff, 0xff, 0x80, 0x0,
    0x0, 0x0, 0x4a, 0xef, 0xff, 0xf8, 0x0, 0x0,
    0x0, 0x0, 0x0, 0x0, 0x9f, 0xfe, 0x10, 0x0,
    0x0, 0x0, 0x0, 0x0, 0x2f, 0xff, 0x90, 0x0,
    0x0, 0x0, 0x0, 0x0, 0xa, 0xff, 0xf2, 0x0,
    0x0, 0x0, 0x0, 0x0, 0x3, 0xfb, 0x30, 0x0,
    0x0, 0x0, 0x0, 0x0, 0x0, 0x30, 0x0, 0x0,

    /* U+0052 "R" */
    0xbf, 0xff, 0xff, 0xfc, 0x92, 0x0, 0xb, 0xff,
    0xff, 0xff, 0xff, 0xf7, 0x0, 0xbf, 0xfe, 0xcc,
    0xef, 0xff, 0xf4, 0xb, 0xff, 0xb0, 0x0, 0x5f,
    0xff, 0xc0, 0xbf, 0xfb, 0x0, 0x0, 0xaf, 0xff,
    0xb, 0xff, 0xb0, 0x0, 0x5, 0xff, 0xf2, 0xbf,
    0xfb, 0x0, 0x0, 0x4f, 0xff, 0x2b, 0xff, 0xb0,
    0x0, 0x6, 0xff, 0xf0, 0xbf, 0xfb, 0x0, 0x0,
    0xbf, 0xfc, 0xb, 0xff, 0xb0, 0x0, 0x8f, 0xff,
    0x60, 0xbf, 0xfd, 0x9a, 0xdf, 0xff, 0xb0, 0xb,
    0xff, 0xff, 0xff, 0xff, 0xa0, 0x0, 0xbf, 0xfc,
    0xef, 0xff, 0x30, 0x0, 0xb, 0xff, 0xb5, 0xff,
    0xfa, 0x0, 0x0, 0xbf, 0xfb, 0xa, 0xff, 0xf6,
    0x0, 0xb, 0xff, 0xb0, 0xe, 0xff, 0xf2, 0x0,
    0xbf, 0xfb, 0x0, 0x3f, 0xff, 0xd0, 0xb, 0xff,
    0xb0, 0x0, 0x8f, 0xff, 0x90, 0xbf, 0xfb, 0x0,
    0x0, 0xcf, 0xff, 0x50,

    /* U+0053 "S" */
    0x0, 0x7, 0xce, 0xfe, 0xa3, 0x0, 0x1, 0xdf,
    0xff, 0xff, 0xff, 0x90, 0xb, 0xff, 0xff, 0xef,
    0xff, 0x90, 0x2f, 0xff, 0xb1, 0x2, 0xaf, 0x10,
    0x4f, 0xff, 0x30, 0x0, 0x2, 0x0, 0x4f, 0xff,
    0x40, 0x0, 0x0, 0x0, 0x1f, 0xff, 0xc0, 0x0,
    0x0, 0x0, 0xa, 0xff, 0xfd, 0x30, 0x0, 0x0,
    0x1, 0xdf, 0xff, 0xfa, 0x10, 0x0, 0x0, 0x1b,
    0xff, 0xff, 0xe5, 0x0, 0x0, 0x0, 0x5e, 0xff,
    0xff, 0x60, 0x0, 0x0, 0x0, 0x8f, 0xff, 0xf1,
    0x0, 0x0, 0x0, 0x7, 0xff, 0xf7, 0x0, 0x0,
    0x0, 0x0, 0xef, 0xf9, 0x6, 0x10, 0x0, 0x0,
    0xff, 0xf9, 0x1f, 0xf8, 0x10, 0x1a, 0xff, 0xf6,
    0x9f, 0xff, 0xff, 0xff, 0xff, 0xe0, 0x3d, 0xff,
    0xff, 0xff, 0xff, 0x40, 0x0, 0x5b, 0xef, 0xfd,
    0x81, 0x0,

    /* U+0054 "T" */
    0x8f, 0xff, 0xff, 0xff, 0xff, 0xff, 0xa8, 0xff,
    0xff, 0xff, 0xff, 0xff, 0xfa, 0x8f, 0xff, 0xff,
    0xff, 0xff, 0xff, 0xa0, 0x11, 0x14, 0xff, 0xf6,
    0x11, 0x11, 0x0, 0x0, 0x2f, 0xff, 0x50, 0x0,
    0x0, 0x0, 0x2, 0xff, 0xf5, 0x0, 0x0, 0x0,
    0x0, 0x2f, 0xff, 0x50, 0x0, 0x0, 0x0, 0x2,
    0xff, 0xf5, 0x0, 0x0, 0x0, 0x0, 0x2f, 0xff,
    0x50, 0x0, 0x0, 0x0, 0x2, 0xff, 0xf5, 0x0,
    0x0, 0x0, 0x0, 0x2f, 0xff, 0x50, 0x0, 0x0,
    0x0, 0x2, 0xff, 0xf5, 0x0, 0x0, 0x0, 0x0,
    0x2f, 0xff, 0x50, 0x0, 0x0, 0x0, 0x2, 0xff,
    0xf5, 0x0, 0x0, 0x0, 0x0, 0x2f, 0xff, 0x50,
    0x0, 0x0, 0x0, 0x2, 0xff, 0xf5, 0x0, 0x0,
    0x0, 0x0, 0x2f, 0xff, 0x50, 0x0, 0x0, 0x0,
    0x2, 0xff, 0xf5, 0x0, 0x0, 0x0, 0x0, 0x2f,
    0xff, 0x50, 0x0, 0x0,

    /* U+0055 "U" */
    0x3f, 0xff, 0x40, 0x0, 0x0, 0x8f, 0xff, 0x3f,
    0xff, 0x40, 0x0, 0x0, 0x8f, 0xff, 0x3f, 0xff,
    0x40, 0x0, 0x0, 0x8f, 0xff, 0x3f, 0xff, 0x40,
    0x0, 0x0, 0x8f, 0xff, 0x3f, 0xff, 0x40, 0x0,
    0x0, 0x8f, 0xff, 0x3f, 0xff, 0x40, 0x0, 0x0,
    0x8f, 0xff, 0x3f, 0xff, 0x40, 0x0, 0x0, 0x8f,
    0xff, 0x3f, 0xff, 0x40, 0x0, 0x0, 0x8f, 0xff,
    0x3f, 0xff, 0x40, 0x0, 0x0, 0x8f, 0xff, 0x3f,
    0xff, 0x40, 0x0, 0x0, 0x8f, 0xff, 0x3f, 0xff,
    0x40, 0x0, 0x0, 0x8f, 0xff, 0x3f, 0xff, 0x40,
    0x0, 0x0, 0x8f, 0xff, 0x3f, 0xff, 0x40, 0x0,
    0x0, 0x8f, 0xff, 0x1f, 0xff, 0x60, 0x0, 0x0,
    0xaf, 0xfe, 0xe, 0xff, 0xb0, 0x0, 0x0, 0xef,
    0xfb, 0xa, 0xff, 0xfa, 0x20, 0x3c, 0xff, 0xf6,
    0x2, 0xff, 0xff, 0xff, 0xff, 0xff, 0xd0, 0x0,
    0x4e, 0xff, 0xff, 0xff, 0xfd, 0x20, 0x0, 0x1,
    0x7c, 0xef, 0xec, 0x60, 0x0,

    /* U+0056 "V" */
    0x1f, 0xff, 0xa0, 0x0, 0x0, 0x0, 0xcf, 0xfe,
    0x0, 0xaf, 0xff, 0x0, 0x0, 0x0, 0x2f, 0xff,
    0x80, 0x4, 0xff, 0xf5, 0x0, 0x0, 0x7, 0xff,
    0xf1, 0x0, 0xe, 0xff, 0xb0, 0x0, 0x0, 0xdf,
    0xfb, 0x0, 0x0, 0x7f, 0xff, 0x10, 0x0, 0x2f,
    0xff, 0x50, 0x0, 0x1, 0xff, 0xf7, 0x0, 0x8,
    0xff, 0xe0, 0x0, 0x0, 0xb, 0xff, 0xc0, 0x0,
    0xdf, 0xf8, 0x0, 0x0, 0x0, 0x5f, 0xff, 0x20,
    0x3f, 0xff, 0x20, 0x0, 0x0, 0x0, 0xef, 0xf8,
    0x8, 0xff, 0xc0, 0x0, 0x0, 0x0, 0x8, 0xff,
    0xd0, 0xdf, 0xf5, 0x0, 0x0, 0x0, 0x0, 0x2f,
    0xff, 0x5f, 0xfe, 0x0, 0x0, 0x0, 0x0, 0x0,
    0xbf, 0xfe, 0xff, 0x90, 0x0, 0x0, 0x0, 0x0,
    0x5, 0xff, 0xff, 0xf3, 0x0, 0x0, 0x0, 0x0,
    0x0, 0xe, 0xff, 0xfc, 0x0, 0x0, 0x0, 0x0,
    0x0, 0x0, 0x9f, 0xff, 0x60, 0x0, 0x0, 0x0,
    0x0, 0x0, 0x2, 0xff, 0xf0, 0x0, 0x0, 0x0,
    0x0, 0x0, 0x0, 0xc, 0xf9, 0x0, 0x0, 0x0,
    0x0, 0x0, 0x0, 0x0, 0x6f, 0x30, 0x0, 0x0,
    0x0, 0x0, 0x0, 0x0, 0x0, 0xc0, 0x0, 0x0,
    0x0, 0x0,

    /* U+0057 "W" */
    0x1f, 0xff, 0x90, 0x0, 0x0, 0x8, 0x40, 0x0,
    0x0, 0xe, 0xff, 0xb0, 0xcf, 0xfe, 0x0, 0x0,
    0x0, 0xda, 0x0, 0x0, 0x3, 0xff, 0xf6, 0x7,
    0xff, 0xf3, 0x0, 0x0, 0x3f, 0xf0, 0x0, 0x0,
    0x8f, 0xff, 0x10, 0x1f, 0xff, 0x70, 0x0, 0x9,
    0xff, 0x60, 0x0, 0xc, 0xff, 0xb0, 0x0, 0xcf,
    0xfc, 0x0, 0x0, 0xef, 0xfc, 0x0, 0x1, 0xff,
    0xf6, 0x0, 0x7, 0xff, 0xf1, 0x0, 0x4f, 0xff,
    0xf2, 0x0, 0x5f, 0xff, 0x10, 0x0, 0x1f, 0xff,
    0x60, 0xa, 0xff, 0xff, 0x70, 0xa, 0xff, 0xc0,
    0x0, 0x0, 0xcf, 0xfb, 0x0, 0xff, 0xff, 0xfd,
    0x0, 0xef, 0xf6, 0x0, 0x0, 0x7, 0xff, 0xf0,
    0x5f, 0xfb, 0xff, 0xf3, 0x3f, 0xff, 0x10, 0x0,
    0x0, 0x2f, 0xff, 0x4b, 0xff, 0x4a, 0xff, 0x97,
    0xff, 0xc0, 0x0, 0x0, 0x0, 0xcf, 0xfa, 0xff,
    0xd0, 0x3f, 0xfe, 0xcf, 0xf7, 0x0, 0x0, 0x0,
    0x7, 0xff, 0xff, 0xf7, 0x0, 0xdf, 0xff, 0xff,
    0x10, 0x0, 0x0, 0x0, 0x2f, 0xff, 0xff, 0x10,
    0x6, 0xff, 0xff, 0xc0, 0x0, 0x0, 0x0, 0x0,
    0xcf, 0xff, 0xa0, 0x0, 0xf, 0xff, 0xf7, 0x0,
    0x0, 0x0, 0x0, 0x7, 0xff, 0xf4, 0x0, 0x0,
    0x9f, 0xff, 0x20, 0x0, 0x0, 0x0, 0x0, 0x2f,
    0xfd, 0x0, 0x0, 0x3, 0xff, 0xc0, 0x0, 0x0,
    0x0, 0x0, 0x0, 0xdf, 0x70, 0x0, 0x0, 0xc,
    0xf7, 0x0, 0x0, 0x0, 0x0, 0x0, 0x7, 0xf1,
    0x0, 0x0, 0x0, 0x6f, 0x20, 0x0, 0x0, 0x0,
    0x0, 0x0, 0x2a, 0x0, 0x0, 0x0, 0x0, 0xc0,
    0x0, 0x0, 0x0,

    /* U+0058 "X" */
    0x6f, 0xff, 0xa0, 0x0, 0x0, 0x4f, 0xff, 0xa0,
    0xd, 0xff, 0xf1, 0x0, 0x0, 0xbf, 0xff, 0x20,
    0x5, 0xff, 0xf8, 0x0, 0x2, 0xff, 0xf9, 0x0,
    0x0, 0xcf, 0xff, 0x0, 0x9, 0xff, 0xf2, 0x0,
    0x0, 0x4f, 0xff, 0x70, 0x1f, 0xff, 0x90, 0x0,
    0x0, 0xb, 0xff, 0xe0, 0x8f, 0xff, 0x10, 0x0,
    0x0, 0x3, 0xff, 0xf6, 0xef, 0xf8, 0x0, 0x0,
    0x0, 0x0, 0xbf, 0xff, 0xff, 0xf1, 0x0, 0x0,
    0x0, 0x0, 0x2f, 0xff, 0xff, 0x80, 0x0, 0x0,
    0x0, 0x0, 0xe, 0xff, 0xff, 0x10, 0x0, 0x0,
    0x0, 0x0, 0x6f, 0xff, 0xff, 0x70, 0x0, 0x0,
    0x0, 0x0, 0xef, 0xff, 0xff, 0xf1, 0x0, 0x0,
    0x0, 0x7, 0xff, 0xf4, 0xff, 0xf8, 0x0, 0x0,
    0x0, 0xe, 0xff, 0xb0, 0xaf, 0xff, 0x10, 0x0,
    0x0, 0x7f, 0xff, 0x40, 0x2f, 0xff, 0xa0, 0x0,
    0x0, 0xef, 0xfd, 0x0, 0xb, 0xff, 0xf2, 0x0,
    0x7, 0xff, 0xf6, 0x0, 0x4, 0xff, 0xfb, 0x0,
    0xe, 0xff, 0xe0, 0x0, 0x0, 0xcf, 0xff, 0x30,
    0x7f, 0xff, 0x80, 0x0, 0x0, 0x5f, 0xff, 0xc0,

    /* U+0059 "Y" */
    0x2f, 0xff, 0xa0, 0x0, 0x0, 0x1, 0xff, 0xfa,
    0x9, 0xff, 0xf2, 0x0, 0x0, 0x8, 0xff, 0xf2,
    0x1, 0xff, 0xf9, 0x0, 0x0, 0xf, 0xff, 0xa0,
    0x0, 0x9f, 0xff, 0x10, 0x0, 0x7f, 0xff, 0x20,
    0x0, 0x1f, 0xff, 0x80, 0x0, 0xef, 0xf9, 0x0,
    0x0, 0x8, 0xff, 0xf1, 0x5, 0xff, 0xf2, 0x0,
    0x0, 0x1, 0xef, 0xf8, 0xd, 0xff, 0x90, 0x0,
    0x0, 0x0, 0x7f, 0xfe, 0x5f, 0xff, 0x10, 0x0,
    0x0, 0x0, 0xe, 0xff, 0xff, 0xf9, 0x0, 0x0,
    0x0, 0x0, 0x6, 0xff, 0xff, 0xf1, 0x0, 0x0,
    0x0, 0x0, 0x0, 0xef, 0xff, 0x80, 0x0, 0x0,
    0x0, 0x0, 0x0, 0x7f, 0xff, 0x10, 0x0, 0x0,
    0x0, 0x0, 0x0, 0x7f, 0xff, 0x0, 0x0, 0x0,
    0x0, 0x0, 0x0, 0x7f, 0xff, 0x0, 0x0, 0x0,
    0x0, 0x0, 0x0, 0x7f, 0xff, 0x0, 0x0, 0x0,
    0x0, 0x0, 0x0, 0x7f, 0xff, 0x0, 0x0, 0x0,
    0x0, 0x0, 0x0, 0x7f, 0xff, 0x0, 0x0, 0x0,
    0x0, 0x0, 0x0, 0x7f, 0xff, 0x0, 0x0, 0x0,
    0x0, 0x0, 0x0, 0x7f, 0xff, 0x0, 0x0, 0x0,

    /* U+005A "Z" */
    0x4, 0xff, 0xff, 0xff, 0xff, 0xff, 0xf2, 0x4,
    0xff, 0xff, 0xff, 0xff, 0xff, 0xb0, 0x4, 0xff,
    0xff, 0xff, 0xff, 0xff, 0x30, 0x0, 0x0, 0x0,
    0x0, 0xef, 0xfc, 0x0, 0x0, 0x0, 0x0, 0x6,
    0xff, 0xf5, 0x0, 0x0, 0x0, 0x0, 0xd, 0xff,
    0xd0, 0x0, 0x0, 0x0, 0x0, 0x5f, 0xff, 0x60,
    0x0, 0x0, 0x0, 0x0, 0xdf, 0xfe, 0x0, 0x0,
    0x0, 0x0, 0x4, 0xff, 0xf7, 0x0, 0x0, 0x0,
    0x0, 0xc, 0xff, 0xf1, 0x0, 0x0, 0x0, 0x0,
    0x3f, 0xff, 0x80, 0x0, 0x0, 0x0, 0x0, 0xbf,
    0xff, 0x10, 0x0, 0x0, 0x0, 0x2, 0xff, 0xfa,
    0x0, 0x0, 0x0, 0x0, 0x9, 0xff, 0xf2, 0x0,
    0x0, 0x0, 0x0, 0x1f, 0xff, 0xb0, 0x0, 0x0,
    0x0, 0x0, 0x8f, 0xff, 0x30, 0x0, 0x0, 0x0,
    0x1, 0xff, 0xff, 0xff, 0xff, 0xff, 0xf0, 0x7,
    0xff, 0xff, 0xff, 0xff, 0xff, 0xf0, 0xe, 0xff,
    0xff, 0xff, 0xff, 0xff, 0xf0,

    /* U+005B "[" */
    0x0, 0x0, 0x0, 0x0, 0x2f, 0xff, 0xff, 0xf3,
    0x2f, 0xff, 0xff, 0xf3, 0x2f, 0xfd, 0x0, 0x0,
    0x2f, 0xfd, 0x0, 0x0, 0x2f, 0xfd, 0x0, 0x0,
    0x2f, 0xfd, 0x0, 0x0, 0x2f, 0xfd, 0x0, 0x0,
    0x2f, 0xfd, 0x0, 0x0, 0x2f, 0xfd, 0x0, 0x0,
    0x2f, 0xfd, 0x0, 0x0, 0x2f, 0xfd, 0x0, 0x0,
    0x2f, 0xfd, 0x0, 0x0, 0x2f, 0xfd, 0x0, 0x0,
    0x2f, 0xfd, 0x0, 0x0, 0x2f, 0xfd, 0x0, 0x0,
    0x2f, 0xfd, 0x0, 0x0, 0x2f, 0xfd, 0x0, 0x0,
    0x2f, 0xfd, 0x0, 0x0, 0x2f, 0xfd, 0x0, 0x0,
    0x2f, 0xfd, 0x0, 0x0, 0x2f, 0xfd, 0x0, 0x0,
    0x2f, 0xfd, 0x0, 0x0, 0x2f, 0xfd, 0x0, 0x0,
    0x2f, 0xfd, 0x0, 0x0, 0x2f, 0xff, 0xff, 0xf3,
    0x2f, 0xff, 0xff, 0xf3,

    /* U+005C "\\" */
    0x5f, 0xf4, 0x0, 0x0, 0x0, 0x0, 0x1f, 0xf9,
    0x0, 0x0, 0x0, 0x0, 0xc, 0xfd, 0x0, 0x0,
    0x0, 0x0, 0x8, 0xff, 0x20, 0x0, 0x0, 0x0,
    0x3, 0xff, 0x60, 0x0, 0x0, 0x0, 0x0, 0xff,
    0xa0, 0x0, 0x0, 0x0, 0x0, 0xaf, 0xf0, 0x0,
    0x0, 0x0, 0x0, 0x6f, 0xf3, 0x0, 0x0, 0x0,
    0x0, 0x2f, 0xf8, 0x0, 0x0, 0x0, 0x0, 0xd,
    0xfc, 0x0, 0x0, 0x0, 0x0, 0x9, 0xff, 0x10,
    0x0, 0x0, 0x0, 0x4, 0xff, 0x50, 0x0, 0x0,
    0x0, 0x0, 0xff, 0x90, 0x0, 0x0, 0x0, 0x0,
    0xbf, 0xe0, 0x0, 0x0, 0x0, 0x0, 0x7f, 0xf2,
    0x0, 0x0, 0x0, 0x0, 0x2f, 0xf7, 0x0, 0x0,
    0x0, 0x0, 0xe, 0xfb, 0x0, 0x0, 0x0, 0x0,
    0xa, 0xff, 0x0, 0x0, 0x0, 0x0, 0x5, 0xff,
    0x40, 0x0, 0x0, 0x0, 0x1, 0xff, 0x90, 0x0,
    0x0, 0x0, 0x0, 0xcf, 0xd0, 0x0, 0x0, 0x0,
    0x0, 0x8f, 0xf1, 0x0, 0x0, 0x0, 0x0, 0x3f,
    0xf6, 0x0, 0x0, 0x0, 0x0, 0xf, 0xfa, 0x0,
    0x0, 0x0, 0x0, 0xb, 0xfe, 0x0, 0x0, 0x0,
    0x0, 0x6, 0xff, 0x30, 0x0, 0x0, 0x0, 0x2,
    0xff, 0x80, 0x0, 0x0, 0x0, 0x0, 0xdf, 0xc0,
    0x0, 0x0, 0x0, 0x0, 0x9f, 0xf1,

    /* U+005D "]" */
    0x0, 0x0, 0x0, 0xd, 0xff, 0xff, 0xf9, 0xdf,
    0xff, 0xff, 0x90, 0x0, 0x6f, 0xf9, 0x0, 0x6,
    0xff, 0x90, 0x0, 0x6f, 0xf9, 0x0, 0x6, 0xff,
    0x90, 0x0, 0x6f, 0xf9, 0x0, 0x6, 0xff, 0x90,
    0x0, 0x6f, 0xf9, 0x0, 0x6, 0xff, 0x90, 0x0,
    0x6f, 0xf9, 0x0, 0x6, 0xff, 0x90, 0x0, 0x6f,
    0xf9, 0x0, 0x6, 0xff, 0x90, 0x0, 0x6f, 0xf9,
    0x0, 0x6, 0xff, 0x90, 0x0, 0x6f, 0xf9, 0x0,
    0x6, 0xff, 0x90, 0x0, 0x6f, 0xf9, 0x0, 0x6,
    0xff, 0x90, 0x0, 0x6f, 0xf9, 0x0, 0x6, 0xff,
    0x90, 0x0, 0x6f, 0xf9, 0x0, 0x6, 0xff, 0x9d,
    0xff, 0xff, 0xf9, 0xdf, 0xff, 0xff, 0x90,

    /* U+005E "^" */
    0x0, 0x0, 0xe, 0xf9, 0x0, 0x0, 0x0, 0x0,
    0x3, 0xff, 0xe0, 0x0, 0x0, 0x0, 0x0, 0x8f,
    0xff, 0x30, 0x0, 0x0, 0x0, 0xe, 0xff, 0xf9,
    0x0, 0x0, 0x0, 0x3, 0xff, 0xff, 0xe0, 0x0,
    0x0, 0x0, 0x8f, 0xfb, 0xff, 0x30, 0x0, 0x0,
    0xd, 0xfe, 0x3f, 0xf8, 0x0, 0x0, 0x3, 0xff,
    0x90, 0xef, 0xe0, 0x0, 0x0, 0x8f, 0xf4, 0x9,
    0xff, 0x30, 0x0, 0xd, 0xff, 0x0, 0x5f, 0xf8,
    0x0, 0x3, 0xff, 0xb0, 0x0, 0xff, 0xd0, 0x0,
    0x8f, 0xf6, 0x0, 0xb, 0xff, 0x30, 0xd, 0xff,
    0x10, 0x0, 0x6f, 0xf8, 0x2, 0xff, 0xc0, 0x0,
    0x2, 0xff, 0xd0, 0x8f, 0xf7, 0x0, 0x0, 0xd,
    0xff, 0x30,

    /* U+005F "_" */
    0x2, 0x22, 0x22, 0x22, 0x22, 0x22, 0x22, 0x22,
    0x21, 0x5f, 0xff, 0xff, 0xff, 0xff, 0xff, 0xff,
    0xff, 0xf8, 0x5f, 0xff, 0xff, 0xff, 0xff, 0xff,
    0xff, 0xff, 0xf8,

    /* U+0060 "`" */
    0x28, 0x88, 0x30, 0x0, 0xcf, 0xfb, 0x0, 0x3,
    0xff, 0xf3, 0x0, 0x9, 0xff, 0xa0, 0x0, 0x1e,
    0xff, 0x20, 0x0, 0x6f, 0xf9,

    /* U+0061 "a" */
    0x1, 0x7b, 0xef, 0xec, 0x70, 0x4, 0xff, 0xff,
    0xff, 0xff, 0xc0, 0x1f, 0xff, 0xee, 0xff, 0xff,
    0x50, 0xa8, 0x20, 0x3, 0xef, 0xfa, 0x0, 0x0,
    0x0, 0x9, 0xff, 0xc0, 0x0, 0x0, 0x1, 0x8f,
    0xfc, 0x0, 0x39, 0xdf, 0xff, 0xff, 0xc0, 0xaf,
    0xff, 0xff, 0xff, 0xfc, 0x7f, 0xfe, 0x62, 0x7,
    0xff, 0xcd, 0xff, 0x70, 0x0, 0x7f, 0xfc, 0xef,
    0xf8, 0x0, 0x3e, 0xff, 0xcb, 0xff, 0xfb, 0xbf,
    0xff, 0xfc, 0x4f, 0xff, 0xff, 0xe6, 0xff, 0xc0,
    0x4c, 0xfe, 0xa1, 0x2f, 0xfc,

    /* U+0062 "b" */
    0xef, 0xf5, 0x0, 0x0, 0x0, 0x0, 0xe, 0xff,
    0x50, 0x0, 0x0, 0x0, 0x0, 0xef, 0xf5, 0x0,
    0x0, 0x0, 0x0, 0xe, 0xff, 0x50, 0x0, 0x0,
    0x0, 0x0, 0xef, 0xf5, 0x0, 0x0, 0x0, 0x0,
    0xe, 0xff, 0x50, 0x0, 0x0, 0x0, 0x0, 0xef,
    0xf5, 0x0, 0x0, 0x0, 0x0, 0xe, 0xff, 0x53,
    0xbf, 0xfc, 0x50, 0x0, 0xef, 0xf8, 0xff, 0xff,
    0xff, 0x80, 0xe, 0xff, 0xef, 0xee, 0xff, 0xff,
    0x30, 0xef, 0xff, 0x80, 0x8, 0xff, 0xf9, 0xe,
    0xff, 0xd0, 0x0, 0xd, 0xff, 0xd0, 0xef, 0xf9,
    0x0, 0x0, 0x9f, 0xff, 0xe, 0xff, 0x70, 0x0,
    0x8, 0xff, 0xf0, 0xef, 0xf6, 0x0, 0x0, 0x8f,
    0xff, 0xe, 0xff, 0x80, 0x0, 0x9, 0xff, 0xe0,
    0xef, 0xfc, 0x0, 0x0, 0xef, 0xfc, 0xe, 0xff,
    0xf6, 0x0, 0x8f, 0xff, 0x70, 0xef, 0xfc, 0xfc,
    0xdf, 0xff, 0xe0, 0xe, 0xff, 0x4f, 0xff, 0xff,
    0xf4, 0x0, 0xef, 0xf1, 0x3c, 0xfe, 0xa2, 0x0,
    0x0,

    /* U+0063 "c" */
    0x0, 0x3, 0xad, 0xfe, 0xb5, 0x0, 0x8, 0xff,
    0xff, 0xff, 0xf4, 0x7, 0xff, 0xff, 0xdf, 0xfe,
    0x1, 0xff, 0xfc, 0x10, 0x6, 0x80, 0x6f, 0xff,
    0x20, 0x0, 0x0, 0xa, 0xff, 0xd0, 0x0, 0x0,
    0x0, 0xcf, 0xfb, 0x0, 0x0, 0x0, 0xc, 0xff,
    0xb0, 0x0, 0x0, 0x0, 0xbf, 0xfd, 0x0, 0x0,
    0x0, 0x8, 0xff, 0xf1, 0x0, 0x0, 0x0, 0x3f,
    0xff, 0xb1, 0x0, 0x38, 0x0, 0xaf, 0xff, 0xfd,
    0xef, 0xf2, 0x0, 0xbf, 0xff, 0xff, 0xff, 0x50,
    0x0, 0x5c, 0xef, 0xda, 0x30,

    /* U+0064 "d" */
    0x0, 0x0, 0x0, 0x0, 0x2f, 0xff, 0x10, 0x0,
    0x0, 0x0, 0x2, 0xff, 0xf1, 0x0, 0x0, 0x0,
    0x0, 0x2f, 0xff, 0x10, 0x0, 0x0, 0x0, 0x2,
    0xff, 0xf1, 0x0, 0x0, 0x0, 0x0, 0x2f, 0xff,
    0x10, 0x0, 0x0, 0x0, 0x2, 0xff, 0xf1, 0x0,
    0x0, 0x0, 0x0, 0x2f, 0xff, 0x10, 0x2, 0x9e,
    0xfd, 0x72, 0xff, 0xf1, 0x3, 0xff, 0xff, 0xff,
    0x9f, 0xff, 0x10, 0xdf, 0xff, 0xec, 0xff, 0xff,
    0xf1, 0x5f, 0xff, 0xb0, 0x2, 0xff, 0xff, 0x19,
    0xff, 0xf1, 0x0, 0x9, 0xff, 0xf1, 0xcf, 0xfc,
    0x0, 0x0, 0x5f, 0xff, 0x1d, 0xff, 0xa0, 0x0,
    0x4, 0xff, 0xf1, 0xcf, 0xfa, 0x0, 0x0, 0x3f,
    0xff, 0x1b, 0xff, 0xc0, 0x0, 0x5, 0xff, 0xf1,
    0x8f, 0xff, 0x10, 0x0, 0x9f, 0xff, 0x13, 0xff,
    0xfa, 0x0, 0x3f, 0xff, 0xf1, 0xb, 0xff, 0xfe,
    0xcf, 0xde, 0xff, 0x10, 0x1d, 0xff, 0xff, 0xf5,
    0xef, 0xf1, 0x0, 0x18, 0xdf, 0xd5, 0xe, 0xff,
    0x10,

    /* U+0065 "e" */
    0x0, 0x4, 0xbe, 0xfe, 0xb3, 0x0, 0x0, 0x9f,
    0xff, 0xff, 0xff, 0x60, 0x7, 0xff, 0xfd, 0xae,
    0xff, 0xf1, 0x1f, 0xff, 0x80, 0x1, 0xff, 0xf6,
    0x6f, 0xfe, 0x0, 0x0, 0xbf, 0xfa, 0xbf, 0xfc,
    0x22, 0x22, 0xaf, 0xfc, 0xcf, 0xff, 0xff, 0xff,
    0xff, 0xfd, 0xdf, 0xff, 0xff, 0xff, 0xff, 0xfc,
    0xbf, 0xfc, 0x0, 0x0, 0x0, 0x0, 0x8f, 0xff,
    0x0, 0x0, 0x0, 0x0, 0x3f, 0xff, 0xa0, 0x0,
    0x5, 0x50, 0xa, 0xff, 0xfe, 0xba, 0xef, 0xc0,
    0x0, 0xbf, 0xff, 0xff, 0xff, 0xf2, 0x0, 0x5,
    0xbe, 0xff, 0xc8, 0x20,

    /* U+0066 "f" */
    0x0, 0x0, 0x7d, 0xff, 0xc4, 0x0, 0xc, 0xff,
    0xff, 0xf8, 0x0, 0x6f, 0xff, 0xfd, 0xf8, 0x0,
    0xaf, 0xfd, 0x10, 0x2, 0x0, 0xcf, 0xf7, 0x0,
    0x0, 0x0, 0xdf, 0xf7, 0x0, 0x0, 0x0, 0xdf,
    0xf7, 0x0, 0x0, 0xaf, 0xff, 0xff, 0xff, 0xb0,
    0xaf, 0xff, 0xff, 0xff, 0xb0, 0x8e, 0xff, 0xfe,
    0xee, 0xa0, 0x0, 0xdf, 0xf7, 0x0, 0x0, 0x0,
    0xdf, 0xf7, 0x0, 0x0, 0x0, 0xdf, 0xf7, 0x0,
    0x0, 0x0, 0xdf, 0xf7, 0x0, 0x0, 0x0, 0xdf,
    0xf7, 0x0, 0x0, 0x0, 0xdf, 0xf7, 0x0, 0x0,
    0x0, 0xdf, 0xf7, 0x0, 0x0, 0x0, 0xdf, 0xf7,
    0x0, 0x0, 0x0, 0xdf, 0xf7, 0x0, 0x0, 0x0,
    0xdf, 0xf7, 0x0, 0x0, 0x0, 0xdf, 0xf7, 0x0,
    0x0,

    /* U+0067 "g" */
    0x0, 0x18, 0xdf, 0xd7, 0x9, 0xff, 0x20, 0x2e,
    0xff, 0xff, 0xf9, 0xbf, 0xf2, 0xc, 0xff, 0xfe,
    0xcf, 0xfe, 0xff, 0x24, 0xff, 0xfb, 0x0, 0x2f,
    0xff, 0xf2, 0x8f, 0xff, 0x10, 0x0, 0x9f, 0xff,
    0x2b, 0xff, 0xc0, 0x0, 0x5, 0xff, 0xf2, 0xcf,
    0xfa, 0x0, 0x0, 0x4f, 0xff, 0x2c, 0xff, 0xa0,
    0x0, 0x3, 0xff, 0xf2, 0xbf, 0xfc, 0x0, 0x0,
    0x5f, 0xff, 0x29, 0xff, 0xf0, 0x0, 0x9, 0xff,
    0xf2, 0x4f, 0xff, 0x90, 0x2, 0xff, 0xff, 0x20,
    0xdf, 0xff, 0xdb, 0xfe, 0xef, 0xf2, 0x2, 0xef,
    0xff, 0xff, 0x6e, 0xff, 0x20, 0x1, 0x9d, 0xfd,
    0x60, 0xef, 0xf1, 0x0, 0x0, 0x0, 0x0, 0xf,
    0xff, 0x0, 0x0, 0x0, 0x0, 0x5, 0xff, 0xd0,
    0x0, 0x48, 0x20, 0x17, 0xff, 0xf8, 0x0, 0xd,
    0xff, 0xff, 0xff, 0xfe, 0x10, 0x6, 0xff, 0xff,
    0xff, 0xfe, 0x30, 0x0, 0x5, 0xae, 0xff, 0xd8,
    0x10, 0x0,

    /* U+0068 "h" */
    0xef, 0xf4, 0x0, 0x0, 0x0, 0x0, 0xef, 0xf4,
    0x0, 0x0, 0x0, 0x0, 0xef, 0xf4, 0x0, 0x0,
    0x0, 0x0, 0xef, 0xf4, 0x0, 0x0, 0x0, 0x0,
    0xef, 0xf4, 0x0, 0x0, 0x0, 0x0, 0xef, 0xf4,
    0x0, 0x0, 0x0, 0x0, 0xef, 0xf4, 0x0, 0x0,
    0x0, 0x0, 0xef, 0xf4, 0x3a, 0xef, 0xd6, 0x0,
    0xef, 0xf8, 0xff, 0xff, 0xff, 0x60, 0xef, 0xff,
    0xfd, 0xef, 0xff, 0xe0, 0xef, 0xff, 0x40, 0xb,
    0xff, 0xf3, 0xef, 0xf9, 0x0, 0x4, 0xff, 0xf5,
    0xef, 0xf6, 0x0, 0x2, 0xff, 0xf5, 0xef, 0xf6,
    0x0, 0x2, 0xff, 0xf5, 0xef, 0xf6, 0x0, 0x2,
    0xff, 0xf5, 0xef, 0xf6, 0x0, 0x2, 0xff, 0xf5,
    0xef, 0xf6, 0x0, 0x2, 0xff, 0xf5, 0xef, 0xf6,
    0x0, 0x2, 0xff, 0xf5, 0xef, 0xf6, 0x0, 0x2,
    0xff, 0xf5, 0xef, 0xf6, 0x0, 0x2, 0xff, 0xf5,
    0xef, 0xf6, 0x0, 0x2, 0xff, 0xf5,

    /* U+0069 "i" */
    0x1f, 0xff, 0xa1, 0xff, 0xfa, 0x1f, 0xff, 0xa1,
    0xaa, 0xa6, 0x0, 0x0, 0x0, 0xff, 0xf8, 0xf,
    0xff, 0x80, 0xff, 0xf8, 0xf, 0xff, 0x80, 0xff,
    0xf8, 0xf, 0xff, 0x80, 0xff, 0xf8, 0xf, 0xff,
    0x80, 0xff, 0xf8, 0xf, 0xff, 0x80, 0xff, 0xf8,
    0xf, 0xff, 0x80, 0xff, 0xf8, 0xf, 0xff, 0x80,

    /* U+006A "j" */
    0x2, 0xff, 0xfa, 0x2, 0xff, 0xfa, 0x2, 0xff,
    0xfa, 0x1, 0xaa, 0xa6, 0x0, 0x0, 0x0, 0x0,
    0xff, 0xf6, 0x0, 0xff, 0xf6, 0x0, 0xff, 0xf6,
    0x0, 0xff, 0xf6, 0x0, 0xff, 0xf6, 0x0, 0xff,
    0xf6, 0x0, 0xff, 0xf6, 0x0, 0xff, 0xf6, 0x0,
    0xff, 0xf6, 0x0, 0xff, 0xf6, 0x0, 0xff, 0xf6,
    0x0, 0xff, 0xf6, 0x0, 0xff, 0xf6, 0x0, 0xff,
    0xf6, 0x0, 0xff, 0xf6, 0x0, 0xff, 0xf6, 0x2,
    0xff, 0xf5, 0x8, 0xff, 0xf2, 0x7f, 0xff, 0xc0,
    0x4f, 0xfd, 0x20, 0x6, 0x50, 0x0,

    /* U+006B "k" */
    0xef, 0xf4, 0x0, 0x0, 0x0, 0x0, 0xef, 0xf4,
    0x0, 0x0, 0x0, 0x0, 0xef, 0xf4, 0x0, 0x0,
    0x0, 0x0, 0xef, 0xf4, 0x0, 0x0, 0x0, 0x0,
    0xef, 0xf4, 0x0, 0x0, 0x0, 0x0, 0xef, 0xf4,
    0x0, 0x0, 0x0, 0x0, 0xef, 0xf4, 0x0, 0x0,
    0x0, 0x0, 0xef, 0xf4, 0x0, 0x1e, 0xff, 0xc0,
    0xef, 0xf4, 0x0, 0xaf, 0xfe, 0x10, 0xef, 0xf4,
    0x4, 0xff, 0xf5, 0x0, 0xef, 0xf4, 0xe, 0xff,
    0x90, 0x0, 0xef, 0xf4, 0x9f, 0xfd, 0x0, 0x0,
    0xef, 0xf7, 0xff, 0xf2, 0x0, 0x0, 0xef, 0xff,
    0xff, 0xa0, 0x0, 0x0, 0xef, 0xfd, 0xff, 0xf3,
    0x0, 0x0, 0xef, 0xf4, 0xef, 0xfd, 0x0, 0x0,
    0xef, 0xf4, 0x5f, 0xff, 0x80, 0x0, 0xef, 0xf4,
    0xb, 0xff, 0xf3, 0x0, 0xef, 0xf4, 0x1, 0xff,
    0xfd, 0x0, 0xef, 0xf4, 0x0, 0x6f, 0xff, 0x90,
    0xef, 0xf4, 0x0, 0xc, 0xff, 0xf4,

    /* U+006C "l" */
    0xff, 0xf5, 0xff, 0xf5, 0xff, 0xf5, 0xff, 0xf5,
    0xff, 0xf5, 0xff, 0xf5, 0xff, 0xf5, 0xff, 0xf5,
    0xff, 0xf5, 0xff, 0xf5, 0xff, 0xf5, 0xff, 0xf5,
    0xff, 0xf5, 0xff, 0xf5, 0xff, 0xf5, 0xff, 0xf5,
    0xff, 0xf5, 0xff, 0xf5, 0xff, 0xf5, 0xff, 0xf5,
    0xff, 0xf5,

    /* U+006D "m" */
    0xff, 0xf2, 0x3b, 0xef, 0xc4, 0x0, 0x5c, 0xff,
    0xb2, 0xf, 0xff, 0x8f, 0xff, 0xff, 0xf4, 0x9f,
    0xff, 0xff, 0xf1, 0xff, 0xff, 0xfd, 0xef, 0xff,
    0xff, 0xfc, 0xef, 0xff, 0x9f, 0xff, 0xf4, 0x0,
    0xcf, 0xff, 0xe2, 0x1, 0xef, 0xfd, 0xff, 0xf9,
    0x0, 0x5, 0xff, 0xf6, 0x0, 0x8, 0xff, 0xff,
    0xff, 0x70, 0x0, 0x3f, 0xff, 0x30, 0x0, 0x7f,
    0xff, 0xff, 0xf7, 0x0, 0x3, 0xff, 0xf3, 0x0,
    0x7, 0xff, 0xff, 0xff, 0x70, 0x0, 0x3f, 0xff,
    0x30, 0x0, 0x7f, 0xff, 0xff, 0xf7, 0x0, 0x3,
    0xff, 0xf3, 0x0, 0x7, 0xff, 0xff, 0xff, 0x70,
    0x0, 0x3f, 0xff, 0x30, 0x0, 0x7f, 0xff, 0xff,
    0xf7, 0x0, 0x3, 0xff, 0xf3, 0x0, 0x7, 0xff,
    0xff, 0xff, 0x70, 0x0, 0x3f, 0xff, 0x30, 0x0,
    0x7f, 0xff, 0xff, 0xf7, 0x0, 0x3, 0xff, 0xf3,
    0x0, 0x7, 0xff, 0xff, 0xff, 0x70, 0x0, 0x3f,
    0xff, 0x30, 0x0, 0x7f, 0xff,

    /* U+006E "n" */
    0xff, 0xf2, 0x3b, 0xef, 0xc5, 0x0, 0xff, 0xf8,
    0xff, 0xff, 0xff, 0x40, 0xff, 0xff, 0xfc, 0xef,
    0xff, 0xc0, 0xff, 0xff, 0x30, 0xb, 0xff, 0xf1,
    0xff, 0xf9, 0x0, 0x5, 0xff, 0xf2, 0xff, 0xf7,
    0x0, 0x4, 0xff, 0xf3, 0xff, 0xf7, 0x0, 0x4,
    0xff, 0xf3, 0xff, 0xf7, 0x0, 0x4, 0xff, 0xf3,
    0xff, 0xf7, 0x0, 0x4, 0xff, 0xf3, 0xff, 0xf7,
    0x0, 0x4, 0xff, 0xf3, 0xff, 0xf7, 0x0, 0x4,
    0xff, 0xf3, 0xff, 0xf7, 0x0, 0x4, 0xff, 0xf3,
    0xff, 0xf7, 0x0, 0x4, 0xff, 0xf3, 0xff, 0xf7,
    0x0, 0x4, 0xff, 0xf3,

    /* U+006F "o" */
    0x0, 0x5, 0xbe, 0xfd, 0xa3, 0x0, 0x0, 0xb,
    0xff, 0xff, 0xff, 0xf8, 0x0, 0xa, 0xff, 0xfe,
    0xbf, 0xff, 0xf5, 0x3, 0xff, 0xfa, 0x0, 0x1d,
    0xff, 0xe0, 0x8f, 0xff, 0x10, 0x0, 0x6f, 0xff,
    0x3b, 0xff, 0xd0, 0x0, 0x2, 0xff, 0xf6, 0xdf,
    0xfb, 0x0, 0x0, 0xf, 0xff, 0x8d, 0xff, 0xb0,
    0x0, 0x0, 0xff, 0xf7, 0xbf, 0xfd, 0x0, 0x0,
    0x2f, 0xff, 0x68, 0xff, 0xf1, 0x0, 0x6, 0xff,
    0xf3, 0x3f, 0xff, 0xa0, 0x1, 0xef, 0xfd, 0x0,
    0xaf, 0xff, 0xec, 0xff, 0xff, 0x40, 0x1, 0xbf,
    0xff, 0xff, 0xff, 0x70, 0x0, 0x0, 0x6c, 0xef,
    0xda, 0x30, 0x0,

    /* U+0070 "p" */
    0xff, 0xf4, 0x4b, 0xff, 0xc5, 0x0, 0xf, 0xff,
    0x8f, 0xff, 0xff, 0xf7, 0x0, 0xff, 0xff, 0xfe,
    0xef, 0xff, 0xf2, 0xf, 0xff, 0xf6, 0x0, 0x9f,
    0xff, 0x80, 0xff, 0xfc, 0x0, 0x0, 0xef, 0xfc,
    0xf, 0xff, 0x70, 0x0, 0xa, 0xff, 0xf0, 0xff,
    0xf5, 0x0, 0x0, 0x9f, 0xff, 0xf, 0xff, 0x50,
    0x0, 0x9, 0xff, 0xf0, 0xff, 0xf6, 0x0, 0x0,
    0xaf, 0xfd, 0xf, 0xff, 0xb0, 0x0, 0xe, 0xff,
    0xa0, 0xff, 0xff, 0x40, 0x9, 0xff, 0xf5, 0xf,
    0xff, 0xdf, 0xcd, 0xff, 0xfd, 0x0, 0xff, 0xf6,
    0xff, 0xff, 0xfe, 0x30, 0xf, 0xff, 0x44, 0xcf,
    0xe9, 0x20, 0x0, 0xff, 0xf5, 0x0, 0x0, 0x0,
    0x0, 0xf, 0xff, 0x50, 0x0, 0x0, 0x0, 0x0,
    0xff, 0xf5, 0x0, 0x0, 0x0, 0x0, 0xf, 0xff,
    0x50, 0x0, 0x0, 0x0, 0x0, 0xff, 0xf5, 0x0,
    0x0, 0x0, 0x0, 0xf, 0xff, 0x50, 0x0, 0x0,
    0x0, 0x0,

    /* U+0071 "q" */
    0x0, 0x19, 0xdf, 0xd8, 0xe, 0xff, 0x20, 0x2e,
    0xff, 0xff, 0xf9, 0xef, 0xf2, 0xc, 0xff, 0xfe,
    0xcf, 0xfe, 0xff, 0x24, 0xff, 0xfb, 0x0, 0x2f,
    0xff, 0xf2, 0x9f, 0xff, 0x20, 0x0, 0x9f, 0xff,
    0x2b, 0xff, 0xd0, 0x0, 0x5, 0xff, 0xf2, 0xcf,
    0xfb, 0x0, 0x0, 0x4f, 0xff, 0x2c, 0xff, 0xb0,
    0x0, 0x3, 0xff, 0xf2, 0xbf, 0xfd, 0x0, 0x0,
    0x5f, 0xff, 0x28, 0xff, 0xf1, 0x0, 0x9, 0xff,
    0xf2, 0x3f, 0xff, 0xa0, 0x3, 0xff, 0xff, 0x20,
    0xbf, 0xff, 0xec, 0xfd, 0xff, 0xf2, 0x1, 0xdf,
    0xff, 0xff, 0x6f, 0xff, 0x20, 0x1, 0x8d, 0xfc,
    0x52, 0xff, 0xf2, 0x0, 0x0, 0x0, 0x0, 0x2f,
    0xff, 0x20, 0x0, 0x0, 0x0, 0x2, 0xff, 0xf2,
    0x0, 0x0, 0x0, 0x0, 0x2f, 0xff, 0x20, 0x0,
    0x0, 0x0, 0x2, 0xff, 0xf2, 0x0, 0x0, 0x0,
    0x0, 0x2f, 0xff, 0x20, 0x0, 0x0, 0x0, 0x2,
    0xff, 0xf2,

    /* U+0072 "r" */
    0x2f, 0xff, 0x4, 0xce, 0xf3, 0x2f, 0xff, 0x5f,
    0xff, 0xf0, 0x2f, 0xff, 0xff, 0xff, 0xc0, 0x2f,
    0xff, 0xfb, 0x44, 0x50, 0x2f, 0xff, 0xa0, 0x0,
    0x0, 0x2f, 0xff, 0x40, 0x0, 0x0, 0x2f, 0xff,
    0x30, 0x0, 0x0, 0x2f, 0xff, 0x30, 0x0, 0x0,
    0x2f, 0xff, 0x30, 0x0, 0x0, 0x2f, 0xff, 0x30,
    0x0, 0x0, 0x2f, 0xff, 0x30, 0x0, 0x0, 0x2f,
    0xff, 0x30, 0x0, 0x0, 0x2f, 0xff, 0x30, 0x0,
    0x0, 0x2f, 0xff, 0x30, 0x0, 0x0,

    /* U+0073 "s" */
    0x0, 0x7c, 0xef, 0xda, 0x40, 0xc, 0xff, 0xff,
    0xff, 0xf4, 0x7f, 0xff, 0xca, 0xcf, 0xf0, 0xbf,
    0xfb, 0x0, 0x3, 0x70, 0xbf, 0xfe, 0x10, 0x0,
    0x0, 0x6f, 0xff, 0xf8, 0x10, 0x0, 0xa, 0xff,
    0xff, 0xf9, 0x0, 0x0, 0x5d, 0xff, 0xff, 0xd0,
    0x0, 0x0, 0x5d, 0xff, 0xf8, 0x0, 0x0, 0x0,
    0xcf, 0xfc, 0x2c, 0x30, 0x0, 0xaf, 0xfb, 0x8f,
    0xfd, 0xbd, 0xff, 0xf7, 0xbf, 0xff, 0xff, 0xff,
    0xc0, 0x6, 0xce, 0xfe, 0xc6, 0x0,

    /* U+0074 "t" */
    0x0, 0x0, 0x0, 0x0, 0x0, 0x0, 0x2, 0x9c,
    0x0, 0x0, 0x0, 0x2f, 0xfd, 0x0, 0x0, 0x0,
    0x3f, 0xfd, 0x0, 0x0, 0x0, 0x4f, 0xfd, 0x0,
    0x0, 0x3f, 0xff, 0xff, 0xff, 0xf2, 0x3f, 0xff,
    0xff, 0xff, 0xf2, 0x3e, 0xef, 0xff, 0xee, 0xe1,
    0x0, 0x7f, 0xfd, 0x0, 0x0, 0x0, 0x7f, 0xfd,
    0x0, 0x0, 0x0, 0x7f, 0xfd, 0x0, 0x0, 0x0,
    0x7f, 0xfd, 0x0, 0x0, 0x0, 0x7f, 0xfd, 0x0,
    0x0, 0x0, 0x7f, 0xfd, 0x0, 0x0, 0x0, 0x7f,
    0xfd, 0x0, 0x0, 0x0, 0x6f, 0xff, 0x10, 0x44,
    0x0, 0x3f, 0xff, 0xfe, 0xfa, 0x0, 0xd, 0xff,
    0xff, 0xfd, 0x0, 0x1, 0xae, 0xfe, 0xa3,

    /* U+0075 "u" */
    0x1f, 0xff, 0x40, 0x0, 0xbf, 0xfa, 0x1f, 0xff,
    0x40, 0x0, 0xbf, 0xfa, 0x1f, 0xff, 0x40, 0x0,
    0xbf, 0xfa, 0x1f, 0xff, 0x40, 0x0, 0xbf, 0xfa,
    0x1f, 0xff, 0x40, 0x0, 0xbf, 0xfa, 0x1f, 0xff,
    0x40, 0x0, 0xbf, 0xfa, 0x1f, 0xff, 0x40, 0x0,
    0xbf, 0xfa, 0x1f, 0xff, 0x40, 0x0, 0xbf, 0xfa,
    0x1f, 0xff, 0x40, 0x0, 0xbf, 0xfa, 0x1f, 0xff,
    0x50, 0x0, 0xdf, 0xfa, 0xf, 0xff, 0xb0, 0x6,
    0xff, 0xfa, 0xb, 0xff, 0xfd, 0xcf, 0xff, 0xfa,
    0x4, 0xff, 0xff, 0xff, 0x9f, 0xfa, 0x0, 0x4c,
    0xfe, 0xb2, 0x6f, 0xfa,

    /* U+0076 "v" */
    0xe, 0xff, 0xc0, 0x0, 0x0, 0xdf, 0xfb, 0x9,
    0xff, 0xf1, 0x0, 0x2, 0xff, 0xf5, 0x2, 0xff,
    0xf7, 0x0, 0x7, 0xff, 0xe0, 0x0, 0xcf, 0xfc,
    0x0, 0xc, 0xff, 0x90, 0x0, 0x6f, 0xff, 0x10,
    0x2f, 0xff, 0x30, 0x0, 0xf, 0xff, 0x70, 0x7f,
    0xfd, 0x0, 0x0, 0xa, 0xff, 0xc0, 0xcf, 0xf7,
    0x0, 0x0, 0x3, 0xff, 0xf2, 0xff, 0xf1, 0x0,
    0x0, 0x0, 0xdf, 0xf9, 0xff, 0xb0, 0x0, 0x0,
    0x0, 0x7f, 0xff, 0xff, 0x50, 0x0, 0x0, 0x0,
    0x1f, 0xff, 0xff, 0x0, 0x0, 0x0, 0x0, 0xa,
    0xff, 0xf9, 0x0, 0x0, 0x0, 0x0, 0x4, 0xff,
    0xf3, 0x0, 0x0, 0x0, 0x0, 0x0, 0xef, 0xd0,
    0x0, 0x0,

    /* U+0077 "w" */
    0xbf, 0xfb, 0x0, 0x0, 0xdf, 0xf3, 0x0, 0x4,
    0xff, 0xf0, 0x6f, 0xff, 0x0, 0x2, 0xff, 0xf7,
    0x0, 0x8, 0xff, 0xa0, 0x1f, 0xff, 0x30, 0x6,
    0xff, 0xfc, 0x0, 0xc, 0xff, 0x60, 0xc, 0xff,
    0x70, 0xa, 0xff, 0xff, 0x10, 0xf, 0xff, 0x10,
    0x7, 0xff, 0xb0, 0xe, 0xfd, 0xff, 0x50, 0x3f,
    0xfc, 0x0, 0x2, 0xff, 0xe0, 0x3f, 0xf7, 0xff,
    0x90, 0x7f, 0xf7, 0x0, 0x0, 0xdf, 0xf2, 0x7f,
    0xf2, 0xff, 0xe0, 0xbf, 0xf2, 0x0, 0x0, 0x8f,
    0xf6, 0xaf, 0xd0, 0xaf, 0xf2, 0xef, 0xd0, 0x0,
    0x0, 0x3f, 0xfa, 0xdf, 0x90, 0x6f, 0xf8, 0xff,
    0x90, 0x0, 0x0, 0xe, 0xfe, 0xff, 0x50, 0x1f,
    0xfe, 0xff, 0x40, 0x0, 0x0, 0x9, 0xff, 0xff,
    0x10, 0xd, 0xff, 0xff, 0x0, 0x0, 0x0, 0x5,
    0xff, 0xfc, 0x0, 0x8, 0xff, 0xfa, 0x0, 0x0,
    0x0, 0x0, 0xff, 0xf8, 0x0, 0x4, 0xff, 0xf5,
    0x0, 0x0, 0x0, 0x0, 0xbf, 0xf4, 0x0, 0x0,
    0xff, 0xf1, 0x0, 0x0,

    /* U+0078 "x" */
    0x6f, 0xff, 0x60, 0x0, 0x7f, 0xff, 0x10, 0xdf,
    0xfd, 0x0, 0xe, 0xff, 0x80, 0x6, 0xff, 0xf4,
    0x6, 0xff, 0xf1, 0x0, 0xd, 0xff, 0xc0, 0xdf,
    0xf8, 0x0, 0x0, 0x5f, 0xff, 0x7f, 0xfe, 0x10,
    0x0, 0x0, 0xcf, 0xff, 0xff, 0x70, 0x0, 0x0,
    0x3, 0xff, 0xff, 0xe0, 0x0, 0x0, 0x0, 0x2f,
    0xff, 0xfe, 0x0, 0x0, 0x0, 0xb, 0xff, 0xff,
    0xf8, 0x0, 0x0, 0x3, 0xff, 0xf9, 0xff, 0xf2,
    0x0, 0x0, 0xcf, 0xf9, 0x1f, 0xff, 0xa0, 0x0,
    0x5f, 0xff, 0x20, 0x8f, 0xff, 0x30, 0xd, 0xff,
    0xb0, 0x1, 0xff, 0xfb, 0x6, 0xff, 0xf4, 0x0,
    0x8, 0xff, 0xf4,

    /* U+0079 "y" */
    0xe, 0xff, 0xc0, 0x0, 0x0, 0xdf, 0xfb, 0x9,
    0xff, 0xf1, 0x0, 0x2, 0xff, 0xf5, 0x2, 0xff,
    0xf6, 0x0, 0x7, 0xff, 0xe0, 0x0, 0xcf, 0xfb,
    0x0, 0xd, 0xff, 0x90, 0x0, 0x6f, 0xff, 0x10,
    0x2f, 0xff, 0x30, 0x0, 0xf, 0xff, 0x60, 0x7f,
    0xfd, 0x0, 0x0, 0x9, 0xff, 0xb0, 0xcf, 0xf8,
    0x0, 0x0, 0x2, 0xff, 0xf1, 0xff, 0xf2, 0x0,
    0x0, 0x0, 0xcf, 0xf9, 0xff, 0xc0, 0x0, 0x0,
    0x0, 0x6f, 0xff, 0xff, 0x60, 0x0, 0x0, 0x0,
    0xf, 0xff, 0xff, 0x10, 0x0, 0x0, 0x0, 0x9,
    0xff, 0xfb, 0x0, 0x0, 0x0, 0x0, 0x3, 0xff,
    0xf5, 0x0, 0x0, 0x0, 0x0, 0x6, 0xff, 0xe0,
    0x0, 0x0, 0x0, 0x0, 0xb, 0xff, 0x90, 0x0,
    0x0, 0x0, 0x0, 0x1f, 0xff, 0x30, 0x0, 0x0,
    0x0, 0x0, 0x7f, 0xfd, 0x0, 0x0, 0x0, 0x0,
    0x0, 0xdf, 0xf8, 0x0, 0x0, 0x0, 0x0, 0x1,
    0xdd, 0xd2, 0x0, 0x0, 0x0,

    /* U+007A "z" */
    0x8, 0xff, 0xff, 0xff, 0xff, 0xf5, 0x8, 0xff,
    0xff, 0xff, 0xff, 0xd0, 0x5, 0x99, 0x99, 0xdf,
    0xff, 0x50, 0x0, 0x0, 0x1, 0xff, 0xfc, 0x0,
    0x0, 0x0, 0x9, 0xff, 0xf4, 0x0, 0x0, 0x0,
    0x2f, 0xff, 0xb0, 0x0, 0x0, 0x0, 0xaf, 0xff,
    0x30, 0x0, 0x0, 0x2, 0xff, 0xfa, 0x0, 0x0,
    0x0, 0xb, 0xff, 0xf2, 0x0, 0x0, 0x0, 0x4f,
    0xff, 0x90, 0x0, 0x0, 0x0, 0xcf, 0xff, 0x10,
    0x0, 0x0, 0x5, 0xff, 0xfd, 0x88, 0x88, 0x80,
    0xd, 0xff, 0xff, 0xff, 0xff, 0xf1, 0x6f, 0xff,
    0xff, 0xff, 0xff, 0xf1,

    /* U+007B "{" */
    0x0, 0x0, 0x4, 0xbe, 0xf7, 0x0, 0x0, 0x8f,
    0xfe, 0xc6, 0x0, 0x4, 0xff, 0xd1, 0x0, 0x0,
    0xa, 0xff, 0x60, 0x0, 0x0, 0xd, 0xff, 0x30,
    0x0, 0x0, 0xe, 0xff, 0x20, 0x0, 0x0, 0xe,
    0xff, 0x20, 0x0, 0x0, 0xe, 0xff, 0x20, 0x0,
    0x0, 0xe, 0xff, 0x20, 0x0, 0x0, 0xe, 0xff,
    0x10, 0x0, 0x0, 0xf, 0xfe, 0x0, 0x0, 0x2,
    0x9f, 0xf8, 0x0, 0x0, 0x5f, 0xff, 0x90, 0x0,
    0x0, 0x5f, 0xff, 0x90, 0x0, 0x0, 0x1, 0x9f,
    0xf8, 0x0, 0x0, 0x0, 0xf, 0xff, 0x0, 0x0,
    0x0, 0xe, 0xff, 0x10, 0x0, 0x0, 0xe, 0xff,
    0x20, 0x0, 0x0, 0xe, 0xff, 0x20, 0x0, 0x0,
    0xe, 0xff, 0x20, 0x0, 0x0, 0xe, 0xff, 0x20,
    0x0, 0x0, 0xd, 0xff, 0x30, 0x0, 0x0, 0xa,
    0xff, 0x60, 0x0, 0x0, 0x4, 0xff, 0xd1, 0x0,
    0x0, 0x0, 0x8f, 0xfe, 0xc6, 0x0, 0x0, 0x4,
    0xbe, 0xf7,

    /* U+007C "|" */
    0x45, 0x5c, 0xff, 0xcf, 0xfc, 0xff, 0xcf, 0xfc,
    0xff, 0xcf, 0xfc, 0xff, 0xcf, 0xfc, 0xff, 0xcf,
    0xfc, 0xff, 0xcf, 0xfc, 0xff, 0xcf, 0xfc, 0xff,
    0xcf, 0xfc, 0xff, 0xcf, 0xfc, 0xff, 0xcf, 0xfc,
    0xff, 0xcf, 0xfc, 0xff, 0xcf, 0xfc, 0xff, 0xcf,
    0xfc, 0xff,

    /* U+007D "}" */
    0x1f, 0xfd, 0x70, 0x0, 0x0, 0x1c, 0xdf, 0xfd,
    0x10, 0x0, 0x0, 0x7, 0xff, 0xb0, 0x0, 0x0,
    0x0, 0xff, 0xf1, 0x0, 0x0, 0x0, 0xdf, 0xf4,
    0x0, 0x0, 0x0, 0xcf, 0xf5, 0x0, 0x0, 0x0,
    0xbf, 0xf5, 0x0, 0x0, 0x0, 0xbf, 0xf5, 0x0,
    0x0, 0x0, 0xbf, 0xf5, 0x0, 0x0, 0x0, 0xaf,
    0xf5, 0x0, 0x0, 0x0, 0x8f, 0xf6, 0x0, 0x0,
    0x0, 0x2f, 0xfe, 0x41, 0x0, 0x0, 0x4, 0xef,
    0xfc, 0x0, 0x0, 0x4, 0xef, 0xfc, 0x0, 0x0,
    0x2f, 0xfe, 0x30, 0x0, 0x0, 0x8f, 0xf6, 0x0,
    0x0, 0x0, 0xbf, 0xf5, 0x0, 0x0, 0x0, 0xbf,
    0xf5, 0x0, 0x0, 0x0, 0xbf, 0xf5, 0x0, 0x0,
    0x0, 0xbf, 0xf5, 0x0, 0x0, 0x0, 0xcf, 0xf5,
    0x0, 0x0, 0x0, 0xdf, 0xf4, 0x0, 0x0, 0x0,
    0xff, 0xf1, 0x0, 0x0, 0x7, 0xff, 0xa0, 0x0,
    0x1c, 0xdf, 0xfd, 0x10, 0x0, 0x1f, 0xfd, 0x70,
    0x0, 0x0,

    /* U+007E "~" */
    0x0, 0x19, 0xef, 0xc5, 0x0, 0x0, 0x37, 0x0,
    0x3f, 0xff, 0xff, 0xfb, 0x20, 0x1d, 0xfb, 0xe,
    0xff, 0xee, 0xff, 0xff, 0xef, 0xff, 0x63, 0xff,
    0x70, 0x5, 0xef, 0xff, 0xff, 0xa0, 0x2, 0x80,
    0x0, 0x0, 0x8e, 0xfd, 0x60, 0x0,

    /* U+F001 "" */
    0x0, 0x0, 0x0, 0x0, 0x0, 0x0, 0x0, 0x0,
    0x0, 0x0, 0x0, 0x15, 0xac, 0x40, 0x0, 0x0,
    0x0, 0x0, 0x0, 0x0, 0x0, 0x0, 0x0, 0x27,
    0xcf, 0xff, 0xfe, 0x0, 0x0, 0x0, 0x0, 0x0,
    0x0, 0x0, 0x0, 0x49, 0xef, 0xff, 0xff, 0xff,
    0xf0, 0x0, 0x0, 0x0, 0x0, 0x0, 0x2, 0x6b,
    0xff, 0xff, 0xff, 0xff, 0xff, 0xff, 0x0, 0x0,
    0x0, 0x0, 0x3, 0x8d, 0xff, 0xff, 0xff, 0xff,
    0xff, 0xff, 0xff, 0xf0, 0x0, 0x0, 0x0, 0x8f,
    0xff, 0xff, 0xff, 0xff, 0xff, 0xff, 0xff, 0xff,
    0xff, 0x0, 0x0, 0x0, 0x3f, 0xff, 0xff, 0xff,
    0xff, 0xff, 0xff, 0xff, 0xff, 0xff, 0xf0, 0x0,
    0x0, 0x4, 0xff, 0xff, 0xff, 0xff, 0xff, 0xff,
    0xff, 0xfd, 0xbf, 0xff, 0x0, 0x0, 0x0, 0x4f,
    0xff, 0xff, 0xff, 0xff, 0xff, 0xfb, 0x61, 0x6,
    0xff, 0xf0, 0x0, 0x0, 0x4, 0xff, 0xff, 0xff,
    0xff, 0xd9, 0x40, 0x0, 0x0, 0x6f, 0xff, 0x0,
    0x0, 0x0, 0x4f, 0xff, 0xff, 0xb7, 0x20, 0x0,
    0x0, 0x0, 0x6, 0xff, 0xf0, 0x0, 0x0, 0x4,
    0xff, 0xf6, 0x0, 0x0, 0x0, 0x0, 0x0, 0x0,
    0x6f, 0xff, 0x0, 0x0, 0x0, 0x4f, 0xff, 0x20,
    0x0, 0x0, 0x0, 0x0, 0x0, 0x6, 0xff, 0xf0,
    0x0, 0x0, 0x4, 0xff, 0xf2, 0x0, 0x0, 0x0,
    0x0, 0x0, 0x0, 0x6f, 0xff, 0x0, 0x0, 0x0,
    0x4f, 0xff, 0x20, 0x0, 0x0, 0x0, 0x0, 0x0,
    0x6, 0xff, 0xf0, 0x0, 0x0, 0x4, 0xff, 0xf2,
    0x0, 0x0, 0x0, 0x0, 0x0, 0x0, 0x6f, 0xff,
    0x0, 0x0, 0x0, 0x4f, 0xff, 0x20, 0x0, 0x0,
    0x0, 0x0, 0x0, 0x6, 0xff, 0xf0, 0x0, 0x0,
    0x4, 0xff, 0xf2, 0x0, 0x0, 0x0, 0x1, 0x8c,
    0xee, 0xef, 0xff, 0x0, 0x0, 0x0, 0x4f, 0xff,
    0x20, 0x0, 0x0, 0x4, 0xff, 0xff, 0xff, 0xff,
    0xf0, 0x0, 0x0, 0x4, 0xff, 0xf2, 0x0, 0x0,
    0x0, 0xef, 0xff, 0xff, 0xff, 0xff, 0x0, 0x16,
    0x88, 0x9f, 0xff, 0x20, 0x0, 0x0, 0x1f, 0xff,
    0xff, 0xff, 0xff, 0xf0, 0x9f, 0xff, 0xff, 0xff,
    0xf2, 0x0, 0x0, 0x0, 0xdf, 0xff, 0xff, 0xff,
    0xfb, 0x9f, 0xff, 0xff, 0xff, 0xff, 0x20, 0x0,
    0x0, 0x2, 0xdf, 0xff, 0xff, 0xfc, 0x1f, 0xff,
    0xff, 0xff, 0xff, 0xf1, 0x0, 0x0, 0x0, 0x0,
    0x59, 0xbb, 0x94, 0x0, 0xdf, 0xff, 0xff, 0xff,
    0xff, 0x0, 0x0, 0x0, 0x0, 0x0, 0x0, 0x0,
    0x0, 0x4, 0xff, 0xff, 0xff, 0xff, 0x60, 0x0,
    0x0, 0x0, 0x0, 0x0, 0x0, 0x0, 0x0, 0x2,
    0xaf, 0xff, 0xfb, 0x30, 0x0, 0x0, 0x0, 0x0,
    0x0, 0x0, 0x0, 0x0, 0x0, 0x0, 0x1, 0x10,
    0x0, 0x0, 0x0, 0x0, 0x0, 0x0, 0x0, 0x0,
    0x0, 0x0,

    /* U+F008 "" */
    0x2, 0x0, 0x3, 0x44, 0x44, 0x44, 0x44, 0x44,
    0x44, 0x44, 0x43, 0x0, 0x2, 0xd, 0xb0, 0x0,
    0xff, 0xff, 0xff, 0xff, 0xff, 0xff, 0xff, 0xff,
    0xf0, 0x0, 0xbd, 0xff, 0x99, 0xaf, 0xff, 0xff,
    0xff, 0xff, 0xff, 0xff, 0xff, 0xff, 0xa9, 0x9f,
    0xff, 0xff, 0xff, 0xff, 0xc4, 0x44, 0x44, 0x44,
    0x44, 0x44, 0xcf, 0xff, 0xff, 0xff, 0xfc, 0x22,
    0x3f, 0xf9, 0x0, 0x0, 0x0, 0x0, 0x0, 0x9,
    0xff, 0x32, 0x2c, 0xff, 0xb0, 0x0, 0xff, 0x90,
    0x0, 0x0, 0x0, 0x0, 0x0, 0x9f, 0xf0, 0x0,
    0xbf, 0xfb, 0x0, 0xf, 0xf9, 0x0, 0x0, 0x0,
    0x0, 0x0, 0x9, 0xff, 0x0, 0xb, 0xff, 0xe8,
    0x89, 0xff, 0x90, 0x0, 0x0, 0x0, 0x0, 0x0,
    0x9f, 0xf9, 0x88, 0xef, 0xff, 0xff, 0xff, 0xf9,
    0x0, 0x0, 0x0, 0x0, 0x0, 0x9, 0xff, 0xff,
    0xff, 0xff, 0xd3, 0x34, 0xff, 0xd6, 0x66, 0x66,
    0x66, 0x66, 0x66, 0xdf, 0xf4, 0x33, 0xdf, 0xfb,
    0x0, 0xf, 0xff, 0xff, 0xff, 0xff, 0xff, 0xff,
    0xff, 0xff, 0x0, 0xb, 0xff, 0xb0, 0x0, 0xff,
    0xff, 0xff, 0xff, 0xff, 0xff, 0xff, 0xff, 0xf0,
    0x0, 0xbf, 0xfe, 0x77, 0x8f, 0xfb, 0x22, 0x22,
    0x22, 0x22, 0x22, 0x2b, 0xff, 0x87, 0x7e, 0xff,
    0xff, 0xff, 0xff, 0x90, 0x0, 0x0, 0x0, 0x0,
    0x0, 0x9f, 0xff, 0xff, 0xff, 0xfd, 0x44, 0x5f,
    0xf9, 0x0, 0x0, 0x0, 0x0, 0x0, 0x9, 0xff,
    0x54, 0x4d, 0xff, 0xb0, 0x0, 0xff, 0x90, 0x0,
    0x0, 0x0, 0x0, 0x0, 0x9f, 0xf0, 0x0, 0xbf,
    0xfb, 0x0, 0xf, 0xf9, 0x0, 0x0, 0x0, 0x0,
    0x0, 0x9, 0xff, 0x0, 0xb, 0xff, 0xe6, 0x67,
    0xff, 0x90, 0x0, 0x0, 0x0, 0x0, 0x0, 0x9f,
    0xf7, 0x66, 0xef, 0xff, 0xff, 0xff, 0xfe, 0x88,
    0x88, 0x88, 0x88, 0x88, 0x8e, 0xff, 0xff, 0xff,
    0xff, 0xd5, 0x56, 0xff, 0xff, 0xff, 0xff, 0xff,
    0xff, 0xff, 0xff, 0xf6, 0x55, 0xdf, 0xaa, 0x0,
    0xf, 0xff, 0xff, 0xff, 0xff, 0xff, 0xff, 0xff,
    0xff, 0x0, 0xa, 0xa0,

    /* U+F00B "" */
    0x9f, 0xff, 0xff, 0xe7, 0x2, 0xdf, 0xff, 0xff,
    0xff, 0xff, 0xff, 0xff, 0xff, 0x9f, 0xff, 0xff,
    0xff, 0xd0, 0x7f, 0xff, 0xff, 0xff, 0xff, 0xff,
    0xff, 0xff, 0xff, 0xff, 0xff, 0xff, 0xfd, 0x7,
    0xff, 0xff, 0xff, 0xff, 0xff, 0xff, 0xff, 0xff,
    0xff, 0xff, 0xff, 0xff, 0xd0, 0x7f, 0xff, 0xff,
    0xff, 0xff, 0xff, 0xff, 0xff, 0xff, 0xff, 0xff,
    0xff, 0xfd, 0x7, 0xff, 0xff, 0xff, 0xff, 0xff,
    0xff, 0xff, 0xff, 0xff, 0xff, 0xff, 0xff, 0xd0,
    0x6f, 0xff, 0xff, 0xff, 0xff, 0xff, 0xff, 0xff,
    0xff, 0x7c, 0xcc, 0xcc, 0xc5, 0x1, 0xbc, 0xcc,
    0xcc, 0xcc, 0xcc, 0xcc, 0xcc, 0xcc, 0x70, 0x0,
    0x0, 0x0, 0x0, 0x0, 0x0, 0x0, 0x0, 0x0,
    0x0, 0x0, 0x0, 0x0, 0x5b, 0xbb, 0xbb, 0xa4,
    0x1, 0x9b, 0xbb, 0xbb, 0xbb, 0xbb, 0xbb, 0xbb,
    0xbb, 0x5f, 0xff, 0xff, 0xff, 0xd0, 0x6f, 0xff,
    0xff, 0xff, 0xff, 0xff, 0xff, 0xff, 0xff, 0xff,
    0xff, 0xff, 0xfd, 0x7, 0xff, 0xff, 0xff, 0xff,
    0xff, 0xff, 0xff, 0xff, 0xff, 0xff, 0xff, 0xff,
    0xd0, 0x7f, 0xff, 0xff, 0xff, 0xff, 0xff, 0xff,
    0xff, 0xff, 0xff, 0xff, 0xff, 0xfd, 0x7, 0xff,
    0xff, 0xff, 0xff, 0xff, 0xff, 0xff, 0xff, 0xff,
    0xff, 0xff, 0xff, 0xd0, 0x7f, 0xff, 0xff, 0xff,
    0xff, 0xff, 0xff, 0xff, 0xff, 0xbf, 0xff, 0xff,
    0xf8, 0x3, 0xff, 0xff, 0xff, 0xff, 0xff, 0xff,
    0xff, 0xff, 0xb0, 0x0, 0x0, 0x0, 0x0, 0x0,
    0x0, 0x0, 0x0, 0x0, 0x0, 0x0, 0x0, 0x0,
    0x0, 0x0, 0x0, 0x0, 0x0, 0x0, 0x0, 0x0,
    0x0, 0x0, 0x0, 0x0, 0x0, 0xb, 0xff, 0xff,
    0xff, 0x80, 0x3f, 0xff, 0xff, 0xff, 0xff, 0xff,
    0xff, 0xff, 0xfa, 0xff, 0xff, 0xff, 0xfd, 0x7,
    0xff, 0xff, 0xff, 0xff, 0xff, 0xff, 0xff, 0xff,
    0xff, 0xff, 0xff, 0xff, 0xd0, 0x7f, 0xff, 0xff,
    0xff, 0xff, 0xff, 0xff, 0xff, 0xff, 0xff, 0xff,
    0xff, 0xfd, 0x7, 0xff, 0xff, 0xff, 0xff, 0xff,
    0xff, 0xff, 0xff, 0xff, 0xff, 0xff, 0xff, 0xd0,
    0x7f, 0xff, 0xff, 0xff, 0xff, 0xff, 0xff, 0xff,
    0xff, 0xff, 0xff, 0xff, 0xfd, 0x6, 0xff, 0xff,
    0xff, 0xff, 0xff, 0xff, 0xff, 0xff, 0xf6, 0xbb,
    0xbb, 0xbb, 0x40, 0x19, 0xbb, 0xbb, 0xbb, 0xbb,
    0xbb, 0xbb, 0xbb, 0xb5,

    /* U+F00C "" */
    0x0, 0x0, 0x0, 0x0, 0x0, 0x0, 0x0, 0x0,
    0x0, 0x0, 0x0, 0x2, 0x0, 0x0, 0x0, 0x0,
    0x0, 0x0, 0x0, 0x0, 0x0, 0x0, 0x0, 0x0,
    0x7, 0xfd, 0x10, 0x0, 0x0, 0x0, 0x0, 0x0,
    0x0, 0x0, 0x0, 0x0, 0x0, 0x7, 0xff, 0xfd,
    0x10, 0x0, 0x0, 0x0, 0x0, 0x0, 0x0, 0x0,
    0x0, 0x0, 0x7, 0xff, 0xff, 0xfd, 0x0, 0x0,
    0x0, 0x0, 0x0, 0x0, 0x0, 0x0, 0x0, 0x7,
    0xff, 0xff, 0xff, 0xe0, 0x0, 0x0, 0x0, 0x0,
    0x0, 0x0, 0x0, 0x0, 0x7, 0xff, 0xff, 0xff,
    0xe3, 0x0, 0x0, 0x0, 0x0, 0x0, 0x0, 0x0,
    0x0, 0x7, 0xff, 0xff, 0xff, 0xe3, 0x0, 0x2,
    0x50, 0x0, 0x0, 0x0, 0x0, 0x0, 0x7, 0xff,
    0xff, 0xff, 0xe3, 0x0, 0x4, 0xff, 0xb0, 0x0,
    0x0, 0x0, 0x0, 0x7, 0xff, 0xff, 0xff, 0xe3,
    0x0, 0x4, 0xff, 0xff, 0xb0, 0x0, 0x0, 0x0,
    0x7, 0xff, 0xff, 0xff, 0xe3, 0x0, 0x0, 0xef,
    0xff, 0xff, 0xb0, 0x0, 0x0, 0x7, 0xff, 0xff,
    0xff, 0xe3, 0x0, 0x0, 0xc, 0xff, 0xff, 0xff,
    0xb0, 0x0, 0x7, 0xff, 0xff, 0xff, 0xe3, 0x0,
    0x0, 0x0, 0x1d, 0xff, 0xff, 0xff, 0xb0, 0x7,
    0xff, 0xff, 0xff, 0xe3, 0x0, 0x0, 0x0, 0x0,
    0x1c, 0xff, 0xff, 0xff, 0xb8, 0xff, 0xff, 0xff,
    0xe3, 0x0, 0x0, 0x0, 0x0, 0x0, 0x1c, 0xff,
    0xff, 0xff, 0xff, 0xff, 0xff, 0xe3, 0x0, 0x0,
    0x0, 0x0, 0x0, 0x0, 0x1c, 0xff, 0xff, 0xff,
    0xff, 0xff, 0xe3, 0x0, 0x0, 0x0, 0x0, 0x0,
    0x0, 0x0, 0x1c, 0xff, 0xff, 0xff, 0xff, 0xe3,
    0x0, 0x0, 0x0, 0x0, 0x0, 0x0, 0x0, 0x0,
    0x1c, 0xff, 0xff, 0xff, 0xe3, 0x0, 0x0, 0x0,
    0x0, 0x0, 0x0, 0x0, 0x0, 0x0, 0x1c, 0xff,
    0xff, 0xe3, 0x0, 0x0, 0x0, 0x0, 0x0, 0x0,
    0x0, 0x0, 0x0, 0x0, 0x1c, 0xff, 0xe2, 0x0,
    0x0, 0x0, 0x0, 0x0, 0x0, 0x0, 0x0, 0x0,
    0x0, 0x0, 0x1b, 0xd2, 0x0, 0x0, 0x0, 0x0,
    0x0, 0x0, 0x0, 0x0,

    /* U+F00D "" */
    0x0, 0x53, 0x0, 0x0, 0x0, 0x0, 0x0, 0x5,
    0x30, 0x0, 0xcf, 0xf7, 0x0, 0x0, 0x0, 0x0,
    0x1d, 0xff, 0x60, 0xbf, 0xff, 0xf7, 0x0, 0x0,
    0x0, 0x1d, 0xff, 0xff, 0x4f, 0xff, 0xff, 0xf7,
    0x0, 0x0, 0x1d, 0xff, 0xff, 0xf8, 0x8f, 0xff,
    0xff, 0xf7, 0x0, 0x1d, 0xff, 0xff, 0xff, 0x20,
    0x9f, 0xff, 0xff, 0xf7, 0x1d, 0xff, 0xff, 0xff,
    0x30, 0x0, 0x9f, 0xff, 0xff, 0xfe, 0xff, 0xff,
    0xff, 0x30, 0x0, 0x0, 0x9f, 0xff, 0xff, 0xff,
    0xff, 0xff, 0x30, 0x0, 0x0, 0x0, 0x9f, 0xff,
    0xff, 0xff, 0xff, 0x30, 0x0, 0x0, 0x0, 0x0,
    0x9f, 0xff, 0xff, 0xff, 0x30, 0x0, 0x0, 0x0,
    0x0, 0x1d, 0xff, 0xff, 0xff, 0xf7, 0x0, 0x0,
    0x0, 0x0, 0x1d, 0xff, 0xff, 0xff, 0xff, 0xf7,
    0x0, 0x0, 0x0, 0x1d, 0xff, 0xff, 0xff, 0xff,
    0xff, 0xf7, 0x0, 0x0, 0x1d, 0xff, 0xff, 0xff,
    0xaf, 0xff, 0xff, 0xf7, 0x0, 0x1d, 0xff, 0xff,
    0xff, 0x30, 0x9f, 0xff, 0xff, 0xf7, 0xb, 0xff,
    0xff, 0xff, 0x30, 0x0, 0x9f, 0xff, 0xff, 0xf4,
    0xff, 0xff, 0xff, 0x30, 0x0, 0x0, 0x9f, 0xff,
    0xff, 0x87, 0xff, 0xff, 0x30, 0x0, 0x0, 0x0,
    0x9f, 0xff, 0xe2, 0x8, 0xfe, 0x30, 0x0, 0x0,
    0x0, 0x0, 0x9f, 0xe2, 0x0, 0x1, 0x0, 0x0,
    0x0, 0x0, 0x0, 0x0, 0x10, 0x0,

    /* U+F011 "" */
    0x0, 0x0, 0x0, 0x0, 0x0, 0x0, 0xbd, 0xd6,
    0x0, 0x0, 0x0, 0x0, 0x0, 0x0, 0x0, 0x0,
    0x0, 0x0, 0x0, 0x4, 0xff, 0xfe, 0x0, 0x0,
    0x0, 0x0, 0x0, 0x0, 0x0, 0x0, 0x0, 0x0,
    0x0, 0x4, 0xff, 0xfe, 0x0, 0x0, 0x0, 0x0,
    0x0, 0x0, 0x0, 0x0, 0x5, 0xea, 0x0, 0x4,
    0xff, 0xfe, 0x0, 0x2, 0xec, 0x20, 0x0, 0x0,
    0x0, 0x0, 0x7f, 0xff, 0x50, 0x4, 0xff, 0xfe,
    0x0, 0xb, 0xff, 0xe2, 0x0, 0x0, 0x0, 0x5,
    0xff, 0xff, 0xc0, 0x4, 0xff, 0xfe, 0x0, 0x2f,
    0xff, 0xfe, 0x10, 0x0, 0x0, 0x2f, 0xff, 0xff,
    0x80, 0x4, 0xff, 0xfe, 0x0, 0xd, 0xff, 0xff,
    0xc0, 0x0, 0x0, 0xcf, 0xff, 0xf8, 0x0, 0x4,
    0xff, 0xfe, 0x0, 0x1, 0xdf, 0xff, 0xf6, 0x0,
    0x3, 0xff, 0xff, 0x90, 0x0, 0x4, 0xff, 0xfe,
    0x0, 0x0, 0x1e, 0xff, 0xfe, 0x0, 0xa, 0xff,
    0xfe, 0x0, 0x0, 0x4, 0xff, 0xfe, 0x0, 0x0,
    0x5, 0xff, 0xff, 0x40, 0xf, 0xff, 0xf7, 0x0,
    0x0, 0x4, 0xff, 0xfe, 0x0, 0x0, 0x0, 0xdf,
    0xff, 0x90, 0x3f, 0xff, 0xf1, 0x0, 0x0, 0x4,
    0xff, 0xfe, 0x0, 0x0, 0x0, 0x8f, 0xff, 0xd0,
    0x5f, 0xff, 0xe0, 0x0, 0x0, 0x4, 0xff, 0xfe,
    0x0, 0x0, 0x0, 0x4f, 0xff, 0xf0, 0x6f, 0xff,
    0xc0, 0x0, 0x0, 0x4, 0xff, 0xfe, 0x0, 0x0,
    0x0, 0x2f, 0xff, 0xf0, 0x6f, 0xff, 0xd0, 0x0,
    0x0, 0x2, 0xff, 0xfc, 0x0, 0x0, 0x0, 0x3f,
    0xff, 0xf0, 0x5f, 0xff, 0xe0, 0x0, 0x0, 0x0,
    0x35, 0x51, 0x0, 0x0, 0x0, 0x5f, 0xff, 0xe0,
    0x2f, 0xff, 0xf3, 0x0, 0x0, 0x0, 0x0, 0x0,
    0x0, 0x0, 0x0, 0x9f, 0xff, 0xc0, 0xe, 0xff,
    0xf9, 0x0, 0x0, 0x0, 0x0, 0x0, 0x0, 0x0,
    0x0, 0xef, 0xff, 0x80, 0x9, 0xff, 0xff, 0x20,
    0x0, 0x0, 0x0, 0x0, 0x0, 0x0, 0x7, 0xff,
    0xff, 0x30, 0x2, 0xff, 0xff, 0xd0, 0x0, 0x0,
    0x0, 0x0, 0x0, 0x0, 0x4f, 0xff, 0xfc, 0x0,
    0x0, 0xaf, 0xff, 0xfc, 0x10, 0x0, 0x0, 0x0,
    0x0, 0x4, 0xff, 0xff, 0xf3, 0x0, 0x0, 0x1e,
    0xff, 0xff, 0xe5, 0x0, 0x0, 0x0, 0x1, 0x9f,
    0xff, 0xff, 0x90, 0x0, 0x0, 0x3, 0xff, 0xff,
    0xff, 0xd9, 0x64, 0x56, 0xaf, 0xff, 0xff, 0xfb,
    0x0, 0x0, 0x0, 0x0, 0x3e, 0xff, 0xff, 0xff,
    0xff, 0xff, 0xff, 0xff, 0xff, 0xb0, 0x0, 0x0,
    0x0, 0x0, 0x2, 0xcf, 0xff, 0xff, 0xff, 0xff,
    0xff, 0xff, 0xf8, 0x0, 0x0, 0x0, 0x0, 0x0,
    0x0, 0x6, 0xdf, 0xff, 0xff, 0xff, 0xff, 0xfb,
    0x20, 0x0, 0x0, 0x0, 0x0, 0x0, 0x0, 0x0,
    0x3, 0x8b, 0xee, 0xec, 0xa6, 0x10, 0x0, 0x0,
    0x0, 0x0,

    /* U+F013 "" */
    0x0, 0x0, 0x0, 0x0, 0x0, 0x0, 0x23, 0x20,
    0x0, 0x0, 0x0, 0x0, 0x0, 0x0, 0x0, 0x0,
    0x0, 0x0, 0xb, 0xff, 0xff, 0xfa, 0x0, 0x0,
    0x0, 0x0, 0x0, 0x0, 0x0, 0x0, 0x0, 0x0,
    0xef, 0xff, 0xff, 0xd0, 0x0, 0x0, 0x0, 0x0,
    0x0, 0x0, 0x0, 0x0, 0x0, 0xe, 0xff, 0xff,
    0xfd, 0x0, 0x0, 0x0, 0x0, 0x0, 0x0, 0x0,
    0x10, 0x0, 0x6, 0xff, 0xff, 0xff, 0xe5, 0x0,
    0x0, 0x20, 0x0, 0x0, 0x0, 0x8f, 0x91, 0x4e,
    0xff, 0xff, 0xff, 0xff, 0xfd, 0x32, 0xaf, 0x70,
    0x0, 0x0, 0x5f, 0xff, 0xff, 0xff, 0xff, 0xff,
    0xff, 0xff, 0xff, 0xff, 0xff, 0x30, 0x0, 0xe,
    0xff, 0xff, 0xff, 0xff, 0xff, 0xff, 0xff, 0xff,
    0xff, 0xff, 0xfd, 0x0, 0x7, 0xff, 0xff, 0xff,
    0xff, 0xff, 0xff, 0xff, 0xff, 0xff, 0xff, 0xff,
    0xf5, 0x0, 0xdf, 0xff, 0xff, 0xff, 0xff, 0xfc,
    0xac, 0xff, 0xff, 0xff, 0xff, 0xff, 0xc0, 0xd,
    0xff, 0xff, 0xff, 0xff, 0xd2, 0x0, 0x3, 0xef,
    0xff, 0xff, 0xff, 0xfb, 0x0, 0x7, 0xff, 0xff,
    0xff, 0xe1, 0x0, 0x0, 0x2, 0xff, 0xff, 0xff,
    0xe6, 0x0, 0x0, 0x8, 0xff, 0xff, 0xf7, 0x0,
    0x0, 0x0, 0x9, 0xff, 0xff, 0xf7, 0x0, 0x0,
    0x0, 0xaf, 0xff, 0xff, 0x40, 0x0, 0x0, 0x0,
    0x5f, 0xff, 0xff, 0x80, 0x0, 0x0, 0x9, 0xff,
    0xff, 0xf4, 0x0, 0x0, 0x0, 0x6, 0xff, 0xff,
    0xf8, 0x0, 0x0, 0x0, 0x9f, 0xff, 0xff, 0x90,
    0x0, 0x0, 0x0, 0xaf, 0xff, 0xff, 0x80, 0x0,
    0x2, 0xbf, 0xff, 0xff, 0xff, 0x30, 0x0, 0x0,
    0x4f, 0xff, 0xff, 0xff, 0xa1, 0x0, 0xff, 0xff,
    0xff, 0xff, 0xff, 0x60, 0x1, 0x7f, 0xff, 0xff,
    0xff, 0xff, 0xe0, 0xc, 0xff, 0xff, 0xff, 0xff,
    0xff, 0xfe, 0xff, 0xff, 0xff, 0xff, 0xff, 0xfa,
    0x0, 0x5f, 0xff, 0xff, 0xff, 0xff, 0xff, 0xff,
    0xff, 0xff, 0xff, 0xff, 0xff, 0x40, 0x0, 0xcf,
    0xff, 0xff, 0xff, 0xff, 0xff, 0xff, 0xff, 0xff,
    0xff, 0xff, 0xb0, 0x0, 0x2, 0xff, 0xfc, 0xef,
    0xff, 0xff, 0xff, 0xff, 0xff, 0xed, 0xff, 0xe1,
    0x0, 0x0, 0x5, 0xd6, 0x1, 0xaf, 0xff, 0xff,
    0xff, 0xff, 0xa1, 0x6, 0xd4, 0x0, 0x0, 0x0,
    0x0, 0x0, 0x0, 0x2f, 0xff, 0xff, 0xfe, 0x20,
    0x0, 0x0, 0x0, 0x0, 0x0, 0x0, 0x0, 0x0,
    0x0, 0xef, 0xff, 0xff, 0xd0, 0x0, 0x0, 0x0,
    0x0, 0x0, 0x0, 0x0, 0x0, 0x0, 0xe, 0xff,
    0xff, 0xfd, 0x0, 0x0, 0x0, 0x0, 0x0, 0x0,
    0x0, 0x0, 0x0, 0x0, 0x8c, 0xef, 0xec, 0x70,
    0x0, 0x0, 0x0, 0x0, 0x0, 0x0, 0x0, 0x0,
    0x0, 0x0, 0x0, 0x0, 0x0, 0x0, 0x0, 0x0,
    0x0, 0x0,

    /* U+F015 "" */
    0x0, 0x0, 0x0, 0x0, 0x0, 0x0, 0x4, 0xde,
    0x80, 0x0, 0x5, 0xff, 0xf9, 0x0, 0x0, 0x0,
    0x0, 0x0, 0x0, 0x0, 0x0, 0x8, 0xff, 0xff,
    0xb1, 0x0, 0x7f, 0xff, 0xb0, 0x0, 0x0, 0x0,
    0x0, 0x0, 0x0, 0x0, 0xa, 0xff, 0xff, 0xff,
    0xd2, 0x7, 0xff, 0xfb, 0x0, 0x0, 0x0, 0x0,
    0x0, 0x0, 0x0, 0x2d, 0xff, 0xff, 0xff, 0xff,
    0xf4, 0x7f, 0xff, 0xb0, 0x0, 0x0, 0x0, 0x0,
    0x0, 0x0, 0x3e, 0xff, 0xfe, 0x31, 0xbf, 0xff,
    0xfd, 0xff, 0xfb, 0x0, 0x0, 0x0, 0x0, 0x0,
    0x0, 0x6f, 0xff, 0xfd, 0x20, 0x0, 0x9f, 0xff,
    0xff, 0xff, 0xb0, 0x0, 0x0, 0x0, 0x0, 0x0,
    0x9f, 0xff, 0xfb, 0x0, 0x9d, 0x20, 0x6f, 0xff,
    0xff, 0xfb, 0x0, 0x0, 0x0, 0x0, 0x1, 0xbf,
    0xff, 0xf8, 0x1, 0xcf, 0xff, 0x40, 0x3e, 0xff,
    0xff, 0xb0, 0x0, 0x0, 0x0, 0x2, 0xdf, 0xff,
    0xf5, 0x2, 0xef, 0xff, 0xff, 0x70, 0x1d, 0xff,
    0xff, 0x50, 0x0, 0x0, 0x4, 0xff, 0xff, 0xe3,
    0x5, 0xff, 0xff, 0xff, 0xff, 0x90, 0xa, 0xff,
    0xff, 0x80, 0x0, 0x7, 0xff, 0xff, 0xc1, 0x7,
    0xff, 0xff, 0xff, 0xff, 0xff, 0xc1, 0x8, 0xff,
    0xff, 0xb1, 0x9, 0xff, 0xff, 0xa0, 0xa, 0xff,
    0xff, 0xff, 0xff, 0xff, 0xff, 0xe2, 0x5, 0xff,
    0xff, 0xd1, 0xcf, 0xff, 0x70, 0x1c, 0xff, 0xff,
    0xff, 0xff, 0xff, 0xff, 0xff, 0xf5, 0x3, 0xef,
    0xff, 0x21, 0xef, 0x40, 0x3e, 0xff, 0xff, 0xff,
    0xff, 0xff, 0xff, 0xff, 0xff, 0xf7, 0x1, 0xcf,
    0x60, 0x2, 0x20, 0xe, 0xff, 0xff, 0xff, 0xff,
    0xff, 0xff, 0xff, 0xff, 0xff, 0xf4, 0x0, 0x40,
    0x0, 0x0, 0x0, 0xff, 0xff, 0xff, 0xff, 0xff,
    0xff, 0xff, 0xff, 0xff, 0xff, 0x50, 0x0, 0x0,
    0x0, 0x0, 0xf, 0xff, 0xff, 0xff, 0xff, 0xee,
    0xef, 0xff, 0xff, 0xff, 0xf5, 0x0, 0x0, 0x0,
    0x0, 0x0, 0xff, 0xff, 0xff, 0xfc, 0x0, 0x0,
    0x6f, 0xff, 0xff, 0xff, 0x50, 0x0, 0x0, 0x0,
    0x0, 0xf, 0xff, 0xff, 0xff, 0xa0, 0x0, 0x4,
    0xff, 0xff, 0xff, 0xf5, 0x0, 0x0, 0x0, 0x0,
    0x0, 0xff, 0xff, 0xff, 0xfa, 0x0, 0x0, 0x4f,
    0xff, 0xff, 0xff, 0x50, 0x0, 0x0, 0x0, 0x0,
    0xf, 0xff, 0xff, 0xff, 0xa0, 0x0, 0x4, 0xff,
    0xff, 0xff, 0xf5, 0x0, 0x0, 0x0, 0x0, 0x0,
    0xff, 0xff, 0xff, 0xfa, 0x0, 0x0, 0x4f, 0xff,
    0xff, 0xff, 0x50, 0x0, 0x0, 0x0, 0x0, 0xe,
    0xff, 0xff, 0xff, 0xa0, 0x0, 0x4, 0xff, 0xff,
    0xff, 0xf4, 0x0, 0x0, 0x0, 0x0, 0x0, 0x7a,
    0xaa, 0xaa, 0xa4, 0x0, 0x0, 0xa, 0xaa, 0xaa,
    0xa9, 0x10, 0x0, 0x0,

    /* U+F019 "" */
    0x0, 0x0, 0x0, 0x0, 0x0, 0x39, 0x99, 0x99,
    0x30, 0x0, 0x0, 0x0, 0x0, 0x0, 0x0, 0x0,
    0x0, 0x0, 0xd, 0xff, 0xff, 0xfd, 0x0, 0x0,
    0x0, 0x0, 0x0, 0x0, 0x0, 0x0, 0x0, 0x0,
    0xef, 0xff, 0xff, 0xe0, 0x0, 0x0, 0x0, 0x0,
    0x0, 0x0, 0x0, 0x0, 0x0, 0xe, 0xff, 0xff,
    0xfe, 0x0, 0x0, 0x0, 0x0, 0x0, 0x0, 0x0,
    0x0, 0x0, 0x0, 0xef, 0xff, 0xff, 0xe0, 0x0,
    0x0, 0x0, 0x0, 0x0, 0x0, 0x0, 0x0, 0x0,
    0xe, 0xff, 0xff, 0xfe, 0x0, 0x0, 0x0, 0x0,
    0x0, 0x0, 0x0, 0x0, 0x0, 0x0, 0xef, 0xff,
    0xff, 0xe0, 0x0, 0x0, 0x0, 0x0, 0x0, 0x0,
    0x0, 0x0, 0x0, 0xe, 0xff, 0xff, 0xfe, 0x0,
    0x0, 0x0, 0x0, 0x0, 0x0, 0x0, 0x0, 0x0,
    0x0, 0xef, 0xff, 0xff, 0xe0, 0x0, 0x0, 0x0,
    0x0, 0x0, 0x0, 0x0, 0x0, 0x0, 0xe, 0xff,
    0xff, 0xfe, 0x0, 0x0, 0x0, 0x0, 0x0, 0x0,
    0x0, 0x17, 0x77, 0x77, 0xef, 0xff, 0xff, 0xe7,
    0x77, 0x77, 0x10, 0x0, 0x0, 0x0, 0x7, 0xff,
    0xff, 0xff, 0xff, 0xff, 0xff, 0xff, 0xff, 0xf7,
    0x0, 0x0, 0x0, 0x0, 0x2e, 0xff, 0xff, 0xff,
    0xff, 0xff, 0xff, 0xff, 0xfe, 0x20, 0x0, 0x0,
    0x0, 0x0, 0x2e, 0xff, 0xff, 0xff, 0xff, 0xff,
    0xff, 0xfe, 0x20, 0x0, 0x0, 0x0, 0x0, 0x0,
    0x2e, 0xff, 0xff, 0xff, 0xff, 0xff, 0xfe, 0x20,
    0x0, 0x0, 0x0, 0x0, 0x0, 0x0, 0x2e, 0xff,
    0xff, 0xff, 0xff, 0xfe, 0x20, 0x0, 0x0, 0x0,
    0x0, 0x0, 0x0, 0x0, 0x2e, 0xff, 0xff, 0xff,
    0xfe, 0x20, 0x0, 0x0, 0x0, 0x0, 0x0, 0x0,
    0x0, 0x0, 0x2e, 0xff, 0xff, 0xfe, 0x20, 0x0,
    0x0, 0x0, 0x0, 0x0, 0x0, 0x0, 0x0, 0x0,
    0x2e, 0xff, 0xfe, 0x20, 0x0, 0x0, 0x0, 0x0,
    0xb, 0xff, 0xff, 0xff, 0xff, 0x90, 0x2e, 0xfe,
    0x20, 0x9f, 0xff, 0xff, 0xff, 0xfa, 0xff, 0xff,
    0xff, 0xff, 0xff, 0x90, 0x29, 0x20, 0x9f, 0xff,
    0xff, 0xff, 0xff, 0xff, 0xff, 0xff, 0xff, 0xff,
    0xff, 0x90, 0x0, 0x9f, 0xff, 0xff, 0xff, 0xff,
    0xff, 0xff, 0xff, 0xff, 0xff, 0xff, 0xff, 0xeb,
    0xef, 0xff, 0xff, 0xff, 0xff, 0xff, 0xff, 0xff,
    0xff, 0xff, 0xff, 0xff, 0xff, 0xff, 0xff, 0xff,
    0xdf, 0xfe, 0xff, 0xff, 0xff, 0xff, 0xff, 0xff,
    0xff, 0xff, 0xff, 0xff, 0xff, 0x70, 0xad, 0x4,
    0xff, 0xff, 0xff, 0xff, 0xff, 0xff, 0xff, 0xff,
    0xff, 0xff, 0xfa, 0x2c, 0xe3, 0x7f, 0xff, 0xef,
    0xff, 0xff, 0xff, 0xff, 0xff, 0xff, 0xff, 0xff,
    0xff, 0xff, 0xff, 0xff, 0xe2, 0x56, 0x66, 0x66,
    0x66, 0x66, 0x66, 0x66, 0x66, 0x66, 0x66, 0x66,
    0x66, 0x52,

    /* U+F01C "" */
    0x0, 0x0, 0x0, 0x1, 0x34, 0x44, 0x44, 0x44,
    0x44, 0x44, 0x44, 0x30, 0x0, 0x0, 0x0, 0x0,
    0x0, 0x0, 0x9, 0xff, 0xff, 0xff, 0xff, 0xff,
    0xff, 0xff, 0xff, 0xd1, 0x0, 0x0, 0x0, 0x0,
    0x0, 0x6, 0xff, 0xff, 0xff, 0xff, 0xff, 0xff,
    0xff, 0xff, 0xff, 0xc0, 0x0, 0x0, 0x0, 0x0,
    0x2, 0xff, 0xff, 0xff, 0xff, 0xff, 0xff, 0xff,
    0xff, 0xff, 0xff, 0x70, 0x0, 0x0, 0x0, 0x0,
    0xbf, 0xff, 0x52, 0x22, 0x22, 0x22, 0x22, 0x22,
    0x22, 0xef, 0xff, 0x20, 0x0, 0x0, 0x0, 0x6f,
    0xff, 0xa0, 0x0, 0x0, 0x0, 0x0, 0x0, 0x0,
    0x4, 0xff, 0xfc, 0x0, 0x0, 0x0, 0x2f, 0xff,
    0xe1, 0x0, 0x0, 0x0, 0x0, 0x0, 0x0, 0x0,
    0x9, 0xff, 0xf7, 0x0, 0x0, 0xb, 0xff, 0xf4,
    0x0, 0x0, 0x0, 0x0, 0x0, 0x0, 0x0, 0x0,
    0xe, 0xff, 0xf2, 0x0, 0x6, 0xff, 0xfa, 0x0,
    0x0, 0x0, 0x0, 0x0, 0x0, 0x0, 0x0, 0x0,
    0x4f, 0xff, 0xc0, 0x2, 0xff, 0xfe, 0x10, 0x0,
    0x0, 0x0, 0x0, 0x0, 0x0, 0x0, 0x0, 0x0,
    0x9f, 0xff, 0x70, 0xbf, 0xff, 0x62, 0x22, 0x22,
    0x10, 0x0, 0x0, 0x0, 0x0, 0x22, 0x22, 0x22,
    0xef, 0xff, 0x1f, 0xff, 0xff, 0xff, 0xff, 0xfd,
    0x0, 0x0, 0x0, 0x0, 0x7f, 0xff, 0xff, 0xff,
    0xff, 0xf5, 0xff, 0xff, 0xff, 0xff, 0xff, 0xf5,
    0x0, 0x0, 0x0, 0xe, 0xff, 0xff, 0xff, 0xff,
    0xff, 0x6f, 0xff, 0xff, 0xff, 0xff, 0xff, 0xd0,
    0x0, 0x0, 0x7, 0xff, 0xff, 0xff, 0xff, 0xff,
    0xf6, 0xff, 0xff, 0xff, 0xff, 0xff, 0xff, 0xcc,
    0xcc, 0xcc, 0xff, 0xff, 0xff, 0xff, 0xff, 0xff,
    0x6f, 0xff, 0xff, 0xff, 0xff, 0xff, 0xff, 0xff,
    0xff, 0xff, 0xff, 0xff, 0xff, 0xff, 0xff, 0xf6,
    0xff, 0xff, 0xff, 0xff, 0xff, 0xff, 0xff, 0xff,
    0xff, 0xff, 0xff, 0xff, 0xff, 0xff, 0xff, 0x6f,
    0xff, 0xff, 0xff, 0xff, 0xff, 0xff, 0xff, 0xff,
    0xff, 0xff, 0xff, 0xff, 0xff, 0xff, 0xf6, 0xff,
    0xff, 0xff, 0xff, 0xff, 0xff, 0xff, 0xff, 0xff,
    0xff, 0xff, 0xff, 0xff, 0xff, 0xff, 0x5b, 0xff,
    0xff, 0xff, 0xff, 0xff, 0xff, 0xff, 0xff, 0xff,
    0xff, 0xff, 0xff, 0xff, 0xff, 0xf2, 0x1b, 0xff,
    0xff, 0xff, 0xff, 0xff, 0xff, 0xff, 0xff, 0xff,
    0xff, 0xff, 0xff, 0xff, 0xd5, 0x0,

    /* U+F021 "" */
    0x0, 0x0, 0x0, 0x0, 0x0, 0x0, 0x1, 0x0,
    0x0, 0x0, 0x0, 0x7, 0xcc, 0xa0, 0x0, 0x0,
    0x0, 0x2, 0x8c, 0xff, 0xff, 0xea, 0x50, 0x0,
    0x0, 0xbf, 0xff, 0x0, 0x0, 0x0, 0x2a, 0xff,
    0xff, 0xff, 0xff, 0xff, 0xf8, 0x0, 0xa, 0xff,
    0xf0, 0x0, 0x0, 0x6f, 0xff, 0xff, 0xff, 0xff,
    0xff, 0xff, 0xfe, 0x40, 0xaf, 0xff, 0x0, 0x0,
    0x8f, 0xff, 0xff, 0xfe, 0xba, 0xbe, 0xff, 0xff,
    0xff, 0x89, 0xff, 0xf0, 0x0, 0x8f, 0xff, 0xff,
    0xa3, 0x0, 0x0, 0x4, 0xaf, 0xff, 0xff, 0xef,
    0xff, 0x0, 0x4f, 0xff, 0xfd, 0x30, 0x0, 0x0,
    0x0, 0x0, 0x3d, 0xff, 0xff, 0xff, 0xf0, 0xe,
    0xff, 0xfc, 0x10, 0x0, 0x0, 0x0, 0x0, 0x0,
    0xb, 0xff, 0xff, 0xff, 0x6, 0xff, 0xfe, 0x10,
    0x0, 0x0, 0x0, 0x7, 0xa9, 0x98, 0x8f, 0xff,
    0xff, 0xf0, 0xdf, 0xff, 0x50, 0x0, 0x0, 0x0,
    0x0, 0xdf, 0xff, 0xff, 0xff, 0xff, 0xff, 0x2f,
    0xff, 0xd0, 0x0, 0x0, 0x0, 0x0, 0xd, 0xff,
    0xff, 0xff, 0xff, 0xff, 0xf4, 0xff, 0xf7, 0x0,
    0x0, 0x0, 0x0, 0x0, 0xbf, 0xff, 0xff, 0xff,
    0xff, 0xfe, 0x0, 0x0, 0x0, 0x0, 0x0, 0x0,
    0x0, 0x0, 0x0, 0x0, 0x0, 0x0, 0x0, 0x0,
    0x0, 0x0, 0x0, 0x0, 0x0, 0x0, 0x0, 0x0,
    0x0, 0x0, 0x0, 0x0, 0x0, 0x0, 0x0, 0x0,
    0x0, 0x0, 0x0, 0x0, 0x0, 0x0, 0x0, 0x0,
    0x0, 0x0, 0x7, 0x99, 0x99, 0x99, 0x99, 0x99,
    0x50, 0x0, 0x0, 0x0, 0x0, 0x3, 0x99, 0x91,
    0xff, 0xff, 0xff, 0xff, 0xff, 0xfc, 0x0, 0x0,
    0x0, 0x0, 0x0, 0xbf, 0xff, 0x3f, 0xff, 0xff,
    0xff, 0xff, 0xff, 0xd0, 0x0, 0x0, 0x0, 0x0,
    0x1f, 0xff, 0xe0, 0xff, 0xff, 0xff, 0xef, 0xff,
    0xfc, 0x0, 0x0, 0x0, 0x0, 0xa, 0xff, 0xfa,
    0xf, 0xff, 0xff, 0xf4, 0x0, 0x12, 0x0, 0x0,
    0x0, 0x0, 0x5, 0xff, 0xff, 0x20, 0xff, 0xff,
    0xff, 0xf4, 0x0, 0x0, 0x0, 0x0, 0x0, 0x5,
    0xff, 0xff, 0xa0, 0xf, 0xff, 0xff, 0xff, 0xf8,
    0x0, 0x0, 0x0, 0x0, 0x8, 0xff, 0xff, 0xe1,
    0x0, 0xff, 0xfc, 0xff, 0xff, 0xfe, 0x72, 0x0,
    0x2, 0x7e, 0xff, 0xff, 0xf3, 0x0, 0xf, 0xff,
    0x94, 0xff, 0xff, 0xff, 0xff, 0xef, 0xff, 0xff,
    0xff, 0xf4, 0x0, 0x0, 0xff, 0xfa, 0x2, 0xbf,
    0xff, 0xff, 0xff, 0xff, 0xff, 0xff, 0xc2, 0x0,
    0x0, 0xf, 0xff, 0xb0, 0x0, 0x4c, 0xff, 0xff,
    0xff, 0xff, 0xfe, 0x70, 0x0, 0x0, 0x0, 0xff,
    0xfb, 0x0, 0x0, 0x2, 0x7b, 0xde, 0xdc, 0x84,
    0x0, 0x0, 0x0, 0x0, 0x2, 0x33, 0x10, 0x0,
    0x0, 0x0, 0x0, 0x0, 0x0, 0x0, 0x0, 0x0,
    0x0, 0x0,

    /* U+F026 "" */
    0x0, 0x0, 0x0, 0x0, 0x0, 0x0, 0x20, 0x0,
    0x0, 0x0, 0x0, 0x0, 0x2e, 0xf4, 0x0, 0x0,
    0x0, 0x0, 0x2, 0xef, 0xf7, 0x0, 0x0, 0x0,
    0x0, 0x2e, 0xff, 0xf8, 0x0, 0x0, 0x0, 0x2,
    0xef, 0xff, 0xf8, 0x2, 0x22, 0x22, 0x3e, 0xff,
    0xff, 0xf8, 0xcf, 0xff, 0xff, 0xff, 0xff, 0xff,
    0xf8, 0xff, 0xff, 0xff, 0xff, 0xff, 0xff, 0xf8,
    0xff, 0xff, 0xff, 0xff, 0xff, 0xff, 0xf8, 0xff,
    0xff, 0xff, 0xff, 0xff, 0xff, 0xf8, 0xff, 0xff,
    0xff, 0xff, 0xff, 0xff, 0xf8, 0xff, 0xff, 0xff,
    0xff, 0xff, 0xff, 0xf8, 0xff, 0xff, 0xff, 0xff,
    0xff, 0xff, 0xf8, 0xff, 0xff, 0xff, 0xff, 0xff,
    0xff, 0xf8, 0xff, 0xff, 0xff, 0xff, 0xff, 0xff,
    0xf8, 0x9f, 0xff, 0xff, 0xff, 0xff, 0xff, 0xf8,
    0x0, 0x0, 0x0, 0xc, 0xff, 0xff, 0xf8, 0x0,
    0x0, 0x0, 0x0, 0xcf, 0xff, 0xf8, 0x0, 0x0,
    0x0, 0x0, 0xc, 0xff, 0xf8, 0x0, 0x0, 0x0,
    0x0, 0x0, 0xcf, 0xf7, 0x0, 0x0, 0x0, 0x0,
    0x0, 0xb, 0xe3, 0x0, 0x0, 0x0, 0x0, 0x0,
    0x0, 0x0,

    /* U+F027 "" */
    0x0, 0x0, 0x0, 0x0, 0x0, 0x0, 0x10, 0x0,
    0x0, 0x0, 0x0, 0x0, 0x0, 0x0, 0x0, 0x1,
    0xdf, 0x40, 0x0, 0x0, 0x0, 0x0, 0x0, 0x0,
    0x0, 0x1, 0xdf, 0xf7, 0x0, 0x0, 0x0, 0x0,
    0x0, 0x0, 0x0, 0x1, 0xdf, 0xff, 0x80, 0x0,
    0x0, 0x0, 0x0, 0x0, 0x0, 0x1, 0xdf, 0xff,
    0xf8, 0x0, 0x0, 0x0, 0x0, 0x22, 0x22, 0x23,
    0xdf, 0xff, 0xff, 0x80, 0x0, 0x0, 0x0, 0xcf,
    0xff, 0xff, 0xff, 0xff, 0xff, 0xf8, 0x0, 0x13,
    0x0, 0xf, 0xff, 0xff, 0xff, 0xff, 0xff, 0xff,
    0x80, 0xe, 0xf9, 0x0, 0xff, 0xff, 0xff, 0xff,
    0xff, 0xff, 0xf8, 0x0, 0xdf, 0xf7, 0xf, 0xff,
    0xff, 0xff, 0xff, 0xff, 0xff, 0x80, 0x1, 0xdf,
    0xe0, 0xff, 0xff, 0xff, 0xff, 0xff, 0xff, 0xf8,
    0x0, 0x5, 0xff, 0x2f, 0xff, 0xff, 0xff, 0xff,
    0xff, 0xff, 0x80, 0x0, 0x6f, 0xf2, 0xff, 0xff,
    0xff, 0xff, 0xff, 0xff, 0xf8, 0x0, 0x2e, 0xfe,
    0xf, 0xff, 0xff, 0xff, 0xff, 0xff, 0xff, 0x80,
    0xe, 0xff, 0x60, 0xff, 0xff, 0xff, 0xff, 0xff,
    0xff, 0xf8, 0x0, 0xdf, 0x70, 0xa, 0xff, 0xff,
    0xff, 0xff, 0xff, 0xff, 0x80, 0x0, 0x10, 0x0,
    0x0, 0x0, 0x0, 0xc, 0xff, 0xff, 0xf8, 0x0,
    0x0, 0x0, 0x0, 0x0, 0x0, 0x0, 0xc, 0xff,
    0xff, 0x80, 0x0, 0x0, 0x0, 0x0, 0x0, 0x0,
    0x0, 0xc, 0xff, 0xf8, 0x0, 0x0, 0x0, 0x0,
    0x0, 0x0, 0x0, 0x0, 0xc, 0xff, 0x70, 0x0,
    0x0, 0x0, 0x0, 0x0, 0x0, 0x0, 0x0, 0xb,
    0xf3, 0x0, 0x0, 0x0, 0x0, 0x0, 0x0, 0x0,
    0x0, 0x0, 0x0, 0x0, 0x0, 0x0, 0x0,

    /* U+F028 "" */
    0x0, 0x0, 0x0, 0x0, 0x0, 0x0, 0x0, 0x0,
    0x0, 0x0, 0x0, 0xa9, 0x0, 0x0, 0x0, 0x0,
    0x0, 0x0, 0x0, 0x0, 0x0, 0x0, 0x0, 0x0,
    0x0, 0x0, 0x4f, 0xfd, 0x20, 0x0, 0x0, 0x0,
    0x0, 0x0, 0x0, 0x0, 0x0, 0x20, 0x0, 0x0,
    0x0, 0x0, 0xbf, 0xfe, 0x30, 0x0, 0x0, 0x0,
    0x0, 0x0, 0x0, 0x2, 0xef, 0x40, 0x0, 0x0,
    0x0, 0x0, 0x8f, 0xfe, 0x10, 0x0, 0x0, 0x0,
    0x0, 0x0, 0x2, 0xef, 0xf7, 0x0, 0x0, 0x5,
    0x70, 0x0, 0x7f, 0xfc, 0x0, 0x0, 0x0, 0x0,
    0x0, 0x2, 0xef, 0xff, 0x80, 0x0, 0x1, 0xff,
    0xc1, 0x0, 0xaf, 0xf6, 0x0, 0x0, 0x0, 0x0,
    0x2, 0xef, 0xff, 0xf8, 0x0, 0x0, 0xc, 0xff,
    0xd0, 0x1, 0xef, 0xe0, 0x0, 0x22, 0x22, 0x23,
    0xef, 0xff, 0xff, 0x80, 0x0, 0x0, 0xa, 0xff,
    0xa0, 0x6, 0xff, 0x50, 0xcf, 0xff, 0xff, 0xff,
    0xff, 0xff, 0xf8, 0x0, 0x24, 0x0, 0xb, 0xff,
    0x40, 0xf, 0xfa, 0xf, 0xff, 0xff, 0xff, 0xff,
    0xff, 0xff, 0x80, 0xe, 0xfa, 0x0, 0x1f, 0xfb,
    0x0, 0xaf, 0xf0, 0xff, 0xff, 0xff, 0xff, 0xff,
    0xff, 0xf8, 0x0, 0xdf, 0xf8, 0x0, 0xaf, 0xf0,
    0x6, 0xff, 0x2f, 0xff, 0xff, 0xff, 0xff, 0xff,
    0xff, 0x80, 0x1, 0xcf, 0xf0, 0x5, 0xff, 0x30,
    0x3f, 0xf4, 0xff, 0xff, 0xff, 0xff, 0xff, 0xff,
    0xf8, 0x0, 0x5, 0xff, 0x20, 0x4f, 0xf4, 0x2,
    0xff, 0x5f, 0xff, 0xff, 0xff, 0xff, 0xff, 0xff,
    0x80, 0x0, 0x6f, 0xf2, 0x4, 0xff, 0x40, 0x3f,
    0xf5, 0xff, 0xff, 0xff, 0xff, 0xff, 0xff, 0xf8,
    0x0, 0x3e, 0xfe, 0x0, 0x6f, 0xf2, 0x4, 0xff,
    0x4f, 0xff, 0xff, 0xff, 0xff, 0xff, 0xff, 0x80,
    0xf, 0xff, 0x50, 0xb, 0xfe, 0x0, 0x7f, 0xf1,
    0xff, 0xff, 0xff, 0xff, 0xff, 0xff, 0xf8, 0x0,
    0xcf, 0x60, 0x3, 0xff, 0x90, 0xb, 0xfe, 0x9,
    0xff, 0xff, 0xff, 0xff, 0xff, 0xff, 0x80, 0x0,
    0x0, 0x1, 0xdf, 0xf2, 0x2, 0xff, 0x90, 0x0,
    0x0, 0x0, 0xc, 0xff, 0xff, 0xf8, 0x0, 0x0,
    0x2, 0xdf, 0xf7, 0x0, 0x9f, 0xf3, 0x0, 0x0,
    0x0, 0x0, 0xc, 0xff, 0xff, 0x80, 0x0, 0x0,
    0xef, 0xfa, 0x0, 0x2f, 0xfc, 0x0, 0x0, 0x0,
    0x0, 0x0, 0xc, 0xff, 0xf8, 0x0, 0x0, 0xf,
    0xf8, 0x0, 0xc, 0xff, 0x30, 0x0, 0x0, 0x0,
    0x0, 0x0, 0xc, 0xff, 0x70, 0x0, 0x0, 0x23,
    0x0, 0xb, 0xff, 0x90, 0x0, 0x0, 0x0, 0x0,
    0x0, 0x0, 0xb, 0xe3, 0x0, 0x0, 0x0, 0x0,
    0x1c, 0xff, 0xc0, 0x0, 0x0, 0x0, 0x0, 0x0,
    0x0, 0x0, 0x0, 0x0, 0x0, 0x0, 0x0, 0x1e,
    0xff, 0xc1, 0x0, 0x0, 0x0, 0x0, 0x0, 0x0,
    0x0, 0x0, 0x0, 0x0, 0x0, 0x0, 0x4, 0xff,
    0xa0, 0x0, 0x0, 0x0, 0x0, 0x0, 0x0, 0x0,
    0x0, 0x0, 0x0, 0x0, 0x0, 0x0, 0x6, 0x50,
    0x0, 0x0, 0x0,

    /* U+F03E "" */
    0x0, 0x0, 0x0, 0x0, 0x0, 0x0, 0x0, 0x0,
    0x0, 0x0, 0x0, 0x0, 0x0, 0x2, 0xcf, 0xff,
    0xff, 0xff, 0xff, 0xff, 0xff, 0xff, 0xff, 0xff,
    0xff, 0xff, 0xc2, 0xcf, 0xff, 0xff, 0xff, 0xff,
    0xff, 0xff, 0xff, 0xff, 0xff, 0xff, 0xff, 0xff,
    0xcf, 0xff, 0xff, 0xff, 0xff, 0xff, 0xff, 0xff,
    0xff, 0xff, 0xff, 0xff, 0xff, 0xff, 0xff, 0xfe,
    0x40, 0x6, 0xff, 0xff, 0xff, 0xff, 0xff, 0xff,
    0xff, 0xff, 0xff, 0xff, 0xff, 0x50, 0x0, 0x8,
    0xff, 0xff, 0xff, 0xff, 0xff, 0xff, 0xff, 0xff,
    0xff, 0xff, 0xf0, 0x0, 0x0, 0x3f, 0xff, 0xff,
    0xff, 0xff, 0xff, 0xff, 0xff, 0xff, 0xff, 0xff,
    0x10, 0x0, 0x4, 0xff, 0xff, 0xff, 0xff, 0xb0,
    0x9f, 0xff, 0xff, 0xff, 0xff, 0xfa, 0x0, 0x0,
    0xcf, 0xff, 0xff, 0xff, 0xb0, 0x0, 0x9f, 0xff,
    0xff, 0xff, 0xff, 0xfc, 0x77, 0xdf, 0xff, 0xff,
    0xff, 0xb0, 0x0, 0x0, 0x9f, 0xff, 0xff, 0xff,
    0xff, 0xff, 0xff, 0xff, 0xff, 0xff, 0xb0, 0x0,
    0x0, 0x0, 0x9f, 0xff, 0xff, 0xff, 0xff, 0xfd,
    0x3b, 0xff, 0xff, 0xb0, 0x0, 0x0, 0x0, 0x0,
    0xaf, 0xff, 0xff, 0xff, 0xfd, 0x10, 0xb, 0xff,
    0xb0, 0x0, 0x0, 0x0, 0x0, 0x6, 0xff, 0xff,
    0xff, 0xfd, 0x10, 0x0, 0xb, 0xb0, 0x0, 0x0,
    0x0, 0x0, 0x0, 0x6f, 0xff, 0xff, 0xfd, 0x10,
    0x0, 0x0, 0x0, 0x0, 0x0, 0x0, 0x0, 0x0,
    0x6, 0xff, 0xff, 0xff, 0x60, 0x0, 0x0, 0x0,
    0x0, 0x0, 0x0, 0x0, 0x0, 0x0, 0x6f, 0xff,
    0xff, 0xf6, 0x0, 0x0, 0x0, 0x0, 0x0, 0x0,
    0x0, 0x0, 0x0, 0x6, 0xff, 0xff, 0xff, 0x96,
    0x66, 0x66, 0x66, 0x66, 0x66, 0x66, 0x66, 0x66,
    0x66, 0x9f, 0xff, 0xff, 0xff, 0xff, 0xff, 0xff,
    0xff, 0xff, 0xff, 0xff, 0xff, 0xff, 0xff, 0xff,
    0xfb, 0xff, 0xff, 0xff, 0xff, 0xff, 0xff, 0xff,
    0xff, 0xff, 0xff, 0xff, 0xff, 0xfb, 0x1b, 0xff,
    0xff, 0xff, 0xff, 0xff, 0xff, 0xff, 0xff, 0xff,
    0xff, 0xff, 0xfb, 0x10,

    /* U+F043 "" */
    0x0, 0x0, 0x0, 0x0, 0x8c, 0x40, 0x0, 0x0,
    0x0, 0x0, 0x0, 0x0, 0x0, 0x4f, 0xfd, 0x0,
    0x0, 0x0, 0x0, 0x0, 0x0, 0x0, 0xa, 0xff,
    0xf3, 0x0, 0x0, 0x0, 0x0, 0x0, 0x0, 0x0,
    0xff, 0xff, 0x90, 0x0, 0x0, 0x0, 0x0, 0x0,
    0x0, 0x7f, 0xff, 0xff, 0x10, 0x0, 0x0, 0x0,
    0x0, 0x0, 0xe, 0xff, 0xff, 0xf8, 0x0, 0x0,
    0x0, 0x0, 0x0, 0x7, 0xff, 0xff, 0xff, 0xf1,
    0x0, 0x0, 0x0, 0x0, 0x1, 0xef, 0xff, 0xff,
    0xff, 0x90, 0x0, 0x0, 0x0, 0x0, 0x9f, 0xff,
    0xff, 0xff, 0xff, 0x30, 0x0, 0x0, 0x0, 0x4f,
    0xff, 0xff, 0xff, 0xff, 0xfd, 0x0, 0x0, 0x0,
    0x1e, 0xff, 0xff, 0xff, 0xff, 0xff, 0xf9, 0x0,
    0x0, 0xb, 0xff, 0xff, 0xff, 0xff, 0xff, 0xff,
    0xf4, 0x0, 0x5, 0xff, 0xff, 0xff, 0xff, 0xff,
    0xff, 0xff, 0xe0, 0x0, 0xdf, 0xff, 0xff, 0xff,
    0xff, 0xff, 0xff, 0xff, 0x60, 0x4f, 0xff, 0xff,
    0xff, 0xff, 0xff, 0xff, 0xff, 0xfd, 0xa, 0xff,
    0xff, 0xff, 0xff, 0xff, 0xff, 0xff, 0xff, 0xf3,
    0xdf, 0xff, 0xff, 0xff, 0xff, 0xff, 0xff, 0xff,
    0xff, 0x6f, 0xff, 0x93, 0xff, 0xff, 0xff, 0xff,
    0xff, 0xff, 0xf8, 0xff, 0xf6, 0xe, 0xff, 0xff,
    0xff, 0xff, 0xff, 0xff, 0x8d, 0xff, 0x90, 0x9f,
    0xff, 0xff, 0xff, 0xff, 0xff, 0xf6, 0xaf, 0xfe,
    0x1, 0xef, 0xff, 0xff, 0xff, 0xff, 0xff, 0x35,
    0xff, 0xf8, 0x2, 0xbf, 0xff, 0xff, 0xff, 0xff,
    0xe0, 0xd, 0xff, 0xf7, 0x0, 0x3, 0xff, 0xff,
    0xff, 0xf6, 0x0, 0x3f, 0xff, 0xfb, 0x41, 0x1f,
    0xff, 0xff, 0xfb, 0x0, 0x0, 0x5f, 0xff, 0xff,
    0xff, 0xff, 0xff, 0xfd, 0x10, 0x0, 0x0, 0x4f,
    0xff, 0xff, 0xff, 0xff, 0xfb, 0x10, 0x0, 0x0,
    0x0, 0x18, 0xef, 0xff, 0xff, 0xc5, 0x0, 0x0,
    0x0, 0x0, 0x0, 0x0, 0x34, 0x54, 0x10, 0x0,
    0x0, 0x0,

    /* U+F048 "" */
    0x0, 0x0, 0x0, 0x0, 0x0, 0x0, 0x0, 0x0,
    0x0, 0x9f, 0xfe, 0x0, 0x0, 0x0, 0x0, 0x0,
    0x9f, 0x80, 0xbf, 0xff, 0x10, 0x0, 0x0, 0x0,
    0xb, 0xff, 0xf1, 0xbf, 0xff, 0x10, 0x0, 0x0,
    0x1, 0xcf, 0xff, 0xf2, 0xbf, 0xff, 0x10, 0x0,
    0x0, 0x1d, 0xff, 0xff, 0xf2, 0xbf, 0xff, 0x10,
    0x0, 0x2, 0xdf, 0xff, 0xff, 0xf2, 0xbf, 0xff,
    0x10, 0x0, 0x2e, 0xff, 0xff, 0xff, 0xf2, 0xbf,
    0xff, 0x10, 0x3, 0xff, 0xff, 0xff, 0xff, 0xf2,
    0xbf, 0xff, 0x10, 0x4f, 0xff, 0xff, 0xff, 0xff,
    0xf2, 0xbf, 0xff, 0x15, 0xff, 0xff, 0xff, 0xff,
    0xff, 0xf2, 0xbf, 0xff, 0x8f, 0xff, 0xff, 0xff,
    0xff, 0xff, 0xf2, 0xbf, 0xff, 0xff, 0xff, 0xff,
    0xff, 0xff, 0xff, 0xf2, 0xbf, 0xff, 0xff, 0xff,
    0xff, 0xff, 0xff, 0xff, 0xf2, 0xbf, 0xff, 0xff,
    0xff, 0xff, 0xff, 0xff, 0xff, 0xf2, 0xbf, 0xff,
    0xff, 0xff, 0xff, 0xff, 0xff, 0xff, 0xf2, 0xbf,
    0xff, 0x5e, 0xff, 0xff, 0xff, 0xff, 0xff, 0xf2,
    0xbf, 0xff, 0x12, 0xef, 0xff, 0xff, 0xff, 0xff,
    0xf2, 0xbf, 0xff, 0x10, 0x2d, 0xff, 0xff, 0xff,
    0xff, 0xf2, 0xbf, 0xff, 0x10, 0x1, 0xcf, 0xff,
    0xff, 0xff, 0xf2, 0xbf, 0xff, 0x10, 0x0, 0xc,
    0xff, 0xff, 0xff, 0xf2, 0xbf, 0xff, 0x10, 0x0,
    0x0, 0xbf, 0xff, 0xff, 0xf2, 0xbf, 0xff, 0x10,
    0x0, 0x0, 0x9, 0xff, 0xff, 0xf2, 0xbf, 0xff,
    0x10, 0x0, 0x0, 0x0, 0x8f, 0xff, 0xf2, 0xbf,
    0xff, 0x10, 0x0, 0x0, 0x0, 0x7, 0xff, 0xf0,
    0x6a, 0xa9, 0x0, 0x0, 0x0, 0x0, 0x0, 0x5a,
    0x40,

    /* U+F04B "" */
    0x5, 0x96, 0x0, 0x0, 0x0, 0x0, 0x0, 0x0,
    0x0, 0x0, 0x0, 0x0, 0x9f, 0xff, 0xd3, 0x0,
    0x0, 0x0, 0x0, 0x0, 0x0, 0x0, 0x0, 0x0,
    0xff, 0xff, 0xff, 0xa1, 0x0, 0x0, 0x0, 0x0,
    0x0, 0x0, 0x0, 0x0, 0xff, 0xff, 0xff, 0xff,
    0x70, 0x0, 0x0, 0x0, 0x0, 0x0, 0x0, 0x0,
    0xff, 0xff, 0xff, 0xff, 0xfd, 0x40, 0x0, 0x0,
    0x0, 0x0, 0x0, 0x0, 0xff, 0xff, 0xff, 0xff,
    0xff, 0xfb, 0x20, 0x0, 0x0, 0x0, 0x0, 0x0,
    0xff, 0xff, 0xff, 0xff, 0xff, 0xff, 0xf8, 0x0,
    0x0, 0x0, 0x0, 0x0, 0xff, 0xff, 0xff, 0xff,
    0xff, 0xff, 0xff, 0xe5, 0x0, 0x0, 0x0, 0x0,
    0xff, 0xff, 0xff, 0xff, 0xff, 0xff, 0xff, 0xff,
    0xb2, 0x0, 0x0, 0x0, 0xff, 0xff, 0xff, 0xff,
    0xff, 0xff, 0xff, 0xff, 0xff, 0x80, 0x0, 0x0,
    0xff, 0xff, 0xff, 0xff, 0xff, 0xff, 0xff, 0xff,
    0xff, 0xfe, 0x60, 0x0, 0xff, 0xff, 0xff, 0xff,
    0xff, 0xff, 0xff, 0xff, 0xff, 0xff, 0xfc, 0x30,
    0xff, 0xff, 0xff, 0xff, 0xff, 0xff, 0xff, 0xff,
    0xff, 0xff, 0xff, 0xf3, 0xff, 0xff, 0xff, 0xff,
    0xff, 0xff, 0xff, 0xff, 0xff, 0xff, 0xff, 0xf9,
    0xff, 0xff, 0xff, 0xff, 0xff, 0xff, 0xff, 0xff,
    0xff, 0xff, 0xff, 0xf8, 0xff, 0xff, 0xff, 0xff,
    0xff, 0xff, 0xff, 0xff, 0xff, 0xff, 0xff, 0xd1,
    0xff, 0xff, 0xff, 0xff, 0xff, 0xff, 0xff, 0xff,
    0xff, 0xff, 0xf8, 0x0, 0xff, 0xff, 0xff, 0xff,
    0xff, 0xff, 0xff, 0xff, 0xff, 0xfb, 0x20, 0x0,
    0xff, 0xff, 0xff, 0xff, 0xff, 0xff, 0xff, 0xff,
    0xfd, 0x50, 0x0, 0x0, 0xff, 0xff, 0xff, 0xff,
    0xff, 0xff, 0xff, 0xff, 0x70, 0x0, 0x0, 0x0,
    0xff, 0xff, 0xff, 0xff, 0xff, 0xff, 0xff, 0xa1,
    0x0, 0x0, 0x0, 0x0, 0xff, 0xff, 0xff, 0xff,
    0xff, 0xff, 0xd4, 0x0, 0x0, 0x0, 0x0, 0x0,
    0xff, 0xff, 0xff, 0xff, 0xff, 0xf7, 0x0, 0x0,
    0x0, 0x0, 0x0, 0x0, 0xff, 0xff, 0xff, 0xff,
    0xfa, 0x10, 0x0, 0x0, 0x0, 0x0, 0x0, 0x0,
    0xff, 0xff, 0xff, 0xfc, 0x30, 0x0, 0x0, 0x0,
    0x0, 0x0, 0x0, 0x0, 0xef, 0xff, 0xfe, 0x60,
    0x0, 0x0, 0x0, 0x0, 0x0, 0x0, 0x0, 0x0,
    0x5f, 0xff, 0x91, 0x0, 0x0, 0x0, 0x0, 0x0,
    0x0, 0x0, 0x0, 0x0, 0x2, 0x52, 0x0, 0x0,
    0x0, 0x0, 0x0, 0x0, 0x0, 0x0, 0x0, 0x0,

    /* U+F04C "" */
    0x1b, 0xff, 0xff, 0xff, 0xc2, 0x0, 0x0, 0x4d,
    0xff, 0xff, 0xff, 0xa0, 0xbf, 0xff, 0xff, 0xff,
    0xfd, 0x0, 0x1, 0xff, 0xff, 0xff, 0xff, 0xf9,
    0xff, 0xff, 0xff, 0xff, 0xff, 0x10, 0x4, 0xff,
    0xff, 0xff, 0xff, 0xfd, 0xff, 0xff, 0xff, 0xff,
    0xff, 0x20, 0x4, 0xff, 0xff, 0xff, 0xff, 0xfd,
    0xff, 0xff, 0xff, 0xff, 0xff, 0x20, 0x4, 0xff,
    0xff, 0xff, 0xff, 0xfd, 0xff, 0xff, 0xff, 0xff,
    0xff, 0x20, 0x4, 0xff, 0xff, 0xff, 0xff, 0xfd,
    0xff, 0xff, 0xff, 0xff, 0xff, 0x20, 0x4, 0xff,
    0xff, 0xff, 0xff, 0xfd, 0xff, 0xff, 0xff, 0xff,
    0xff, 0x20, 0x4, 0xff, 0xff, 0xff, 0xff, 0xfd,
    0xff, 0xff, 0xff, 0xff, 0xff, 0x20, 0x4, 0xff,
    0xff, 0xff, 0xff, 0xfd, 0xff, 0xff, 0xff, 0xff,
    0xff, 0x20, 0x4, 0xff, 0xff, 0xff, 0xff, 0xfd,
    0xff, 0xff, 0xff, 0xff, 0xff, 0x20, 0x4, 0xff,
    0xff, 0xff, 0xff, 0xfd, 0xff, 0xff, 0xff, 0xff,
    0xff, 0x20, 0x4, 0xff, 0xff, 0xff, 0xff, 0xfd,
    0xff, 0xff, 0xff, 0xff, 0xff, 0x20, 0x4, 0xff,
    0xff, 0xff, 0xff, 0xfd, 0xff, 0xff, 0xff, 0xff,
    0xff, 0x20, 0x4, 0xff, 0xff, 0xff, 0xff, 0xfd,
    0xff, 0xff, 0xff, 0xff, 0xff, 0x20, 0x4, 0xff,
    0xff, 0xff, 0xff, 0xfd, 0xff, 0xff, 0xff, 0xff,
    0xff, 0x20, 0x4, 0xff, 0xff, 0xff, 0xff, 0xfd,
    0xff, 0xff, 0xff, 0xff, 0xff, 0x20, 0x4, 0xff,
    0xff, 0xff, 0xff, 0xfd, 0xff, 0xff, 0xff, 0xff,
    0xff, 0x20, 0x4, 0xff, 0xff, 0xff, 0xff, 0xfd,
    0xff, 0xff, 0xff, 0xff, 0xff, 0x20, 0x4, 0xff,
    0xff, 0xff, 0xff, 0xfd, 0xff, 0xff, 0xff, 0xff,
    0xff, 0x20, 0x4, 0xff, 0xff, 0xff, 0xff, 0xfd,
    0xff, 0xff, 0xff, 0xff, 0xff, 0x20, 0x4, 0xff,
    0xff, 0xff, 0xff, 0xfd, 0xef, 0xff, 0xff, 0xff,
    0xff, 0x0, 0x3, 0xff, 0xff, 0xff, 0xff, 0xfc,
    0x8f, 0xff, 0xff, 0xff, 0xfa, 0x0, 0x0, 0xcf,
    0xff, 0xff, 0xff, 0xf6, 0x5, 0x9a, 0xaa, 0xaa,
    0x60, 0x0, 0x0, 0x7, 0xaa, 0xaa, 0xa9, 0x40,

    /* U+F04D "" */
    0x1a, 0xef, 0xff, 0xff, 0xff, 0xff, 0xff, 0xff,
    0xff, 0xff, 0xfe, 0x70, 0xbf, 0xff, 0xff, 0xff,
    0xff, 0xff, 0xff, 0xff, 0xff, 0xff, 0xff, 0xf5,
    0xff, 0xff, 0xff, 0xff, 0xff, 0xff, 0xff, 0xff,
    0xff, 0xff, 0xff, 0xf9, 0xff, 0xff, 0xff, 0xff,
    0xff, 0xff, 0xff, 0xff, 0xff, 0xff, 0xff, 0xfa,
    0xff, 0xff, 0xff, 0xff, 0xff, 0xff, 0xff, 0xff,
    0xff, 0xff, 0xff, 0xfa, 0xff, 0xff, 0xff, 0xff,
    0xff, 0xff, 0xff, 0xff, 0xff, 0xff, 0xff, 0xfa,
    0xff, 0xff, 0xff, 0xff, 0xff, 0xff, 0xff, 0xff,
    0xff, 0xff, 0xff, 0xfa, 0xff, 0xff, 0xff, 0xff,
    0xff, 0xff, 0xff, 0xff, 0xff, 0xff, 0xff, 0xfa,
    0xff, 0xff, 0xff, 0xff, 0xff, 0xff, 0xff, 0xff,
    0xff, 0xff, 0xff, 0xfa, 0xff, 0xff, 0xff, 0xff,
    0xff, 0xff, 0xff, 0xff, 0xff, 0xff, 0xff, 0xfa,
    0xff, 0xff, 0xff, 0xff, 0xff, 0xff, 0xff, 0xff,
    0xff, 0xff, 0xff, 0xfa, 0xff, 0xff, 0xff, 0xff,
    0xff, 0xff, 0xff, 0xff, 0xff, 0xff, 0xff, 0xfa,
    0xff, 0xff, 0xff, 0xff, 0xff, 0xff, 0xff, 0xff,
    0xff, 0xff, 0xff, 0xfa, 0xff, 0xff, 0xff, 0xff,
    0xff, 0xff, 0xff, 0xff, 0xff, 0xff, 0xff, 0xfa,
    0xff, 0xff, 0xff, 0xff, 0xff, 0xff, 0xff, 0xff,
    0xff, 0xff, 0xff, 0xfa, 0xff, 0xff, 0xff, 0xff,
    0xff, 0xff, 0xff, 0xff, 0xff, 0xff, 0xff, 0xfa,
    0xff, 0xff, 0xff, 0xff, 0xff, 0xff, 0xff, 0xff,
    0xff, 0xff, 0xff, 0xfa, 0xff, 0xff, 0xff, 0xff,
    0xff, 0xff, 0xff, 0xff, 0xff, 0xff, 0xff, 0xfa,
    0xff, 0xff, 0xff, 0xff, 0xff, 0xff, 0xff, 0xff,
    0xff, 0xff, 0xff, 0xfa, 0xff, 0xff, 0xff, 0xff,
    0xff, 0xff, 0xff, 0xff, 0xff, 0xff, 0xff, 0xfa,
    0xff, 0xff, 0xff, 0xff, 0xff, 0xff, 0xff, 0xff,
    0xff, 0xff, 0xff, 0xfa, 0xef, 0xff, 0xff, 0xff,
    0xff, 0xff, 0xff, 0xff, 0xff, 0xff, 0xff, 0xf8,
    0x8f, 0xff, 0xff, 0xff, 0xff, 0xff, 0xff, 0xff,
    0xff, 0xff, 0xff, 0xf3, 0x6, 0xaa, 0xaa, 0xaa,
    0xaa, 0xaa, 0xaa, 0xaa, 0xaa, 0xaa, 0xa9, 0x30,

    /* U+F051 "" */
    0x0, 0x0, 0x0, 0x0, 0x0, 0x0, 0x0, 0x0,
    0x0, 0x3e, 0xd2, 0x0, 0x0, 0x0, 0x0, 0x9,
    0xff, 0xe0, 0xbf, 0xfe, 0x30, 0x0, 0x0, 0x0,
    0xb, 0xff, 0xf1, 0xcf, 0xff, 0xf4, 0x0, 0x0,
    0x0, 0xb, 0xff, 0xf1, 0xcf, 0xff, 0xff, 0x50,
    0x0, 0x0, 0xb, 0xff, 0xf1, 0xcf, 0xff, 0xff,
    0xf6, 0x0, 0x0, 0xb, 0xff, 0xf1, 0xcf, 0xff,
    0xff, 0xff, 0x70, 0x0, 0xb, 0xff, 0xf1, 0xcf,
    0xff, 0xff, 0xff, 0xf9, 0x0, 0xb, 0xff, 0xf1,
    0xcf, 0xff, 0xff, 0xff, 0xff, 0xa0, 0xb, 0xff,
    0xf1, 0xcf, 0xff, 0xff, 0xff, 0xff, 0xfb, 0xb,
    0xff, 0xf1, 0xcf, 0xff, 0xff, 0xff, 0xff, 0xff,
    0xcc, 0xff, 0xf1, 0xcf, 0xff, 0xff, 0xff, 0xff,
    0xff, 0xff, 0xff, 0xf1, 0xcf, 0xff, 0xff, 0xff,
    0xff, 0xff, 0xff, 0xff, 0xf1, 0xcf, 0xff, 0xff,
    0xff, 0xff, 0xff, 0xff, 0xff, 0xf1, 0xcf, 0xff,
    0xff, 0xff, 0xff, 0xff, 0xff, 0xff, 0xf1, 0xcf,
    0xff, 0xff, 0xff, 0xff, 0xff, 0x7b, 0xff, 0xf1,
    0xcf, 0xff, 0xff, 0xff, 0xff, 0xf6, 0xb, 0xff,
    0xf1, 0xcf, 0xff, 0xff, 0xff, 0xff, 0x50, 0xb,
    0xff, 0xf1, 0xcf, 0xff, 0xff, 0xff, 0xf4, 0x0,
    0xb, 0xff, 0xf1, 0xcf, 0xff, 0xff, 0xfe, 0x30,
    0x0, 0xb, 0xff, 0xf1, 0xcf, 0xff, 0xff, 0xe2,
    0x0, 0x0, 0xb, 0xff, 0xf1, 0xcf, 0xff, 0xfd,
    0x20, 0x0, 0x0, 0xb, 0xff, 0xf1, 0xcf, 0xff,
    0xc1, 0x0, 0x0, 0x0, 0xb, 0xff, 0xf1, 0xaf,
    0xfc, 0x0, 0x0, 0x0, 0x0, 0xb, 0xff, 0xf1,
    0x19, 0x80, 0x0, 0x0, 0x0, 0x0, 0x6, 0xaa,
    0x90,

    /* U+F052 "" */
    0x0, 0x0, 0x0, 0x0, 0x0, 0x8, 0xec, 0x30,
    0x0, 0x0, 0x0, 0x0, 0x0, 0x0, 0x0, 0x0,
    0x0, 0x0, 0x9f, 0xff, 0xf3, 0x0, 0x0, 0x0,
    0x0, 0x0, 0x0, 0x0, 0x0, 0x0, 0x8, 0xff,
    0xff, 0xff, 0x30, 0x0, 0x0, 0x0, 0x0, 0x0,
    0x0, 0x0, 0x0, 0x6f, 0xff, 0xff, 0xff, 0xe2,
    0x0, 0x0, 0x0, 0x0, 0x0, 0x0, 0x0, 0x5,
    0xff, 0xff, 0xff, 0xff, 0xfd, 0x10, 0x0, 0x0,
    0x0, 0x0, 0x0, 0x0, 0x4f, 0xff, 0xff, 0xff,
    0xff, 0xff, 0xd0, 0x0, 0x0, 0x0, 0x0, 0x0,
    0x3, 0xff, 0xff, 0xff, 0xff, 0xff, 0xff, 0xfc,
    0x0, 0x0, 0x0, 0x0, 0x0, 0x2e, 0xff, 0xff,
    0xff, 0xff, 0xff, 0xff, 0xff, 0xb0, 0x0, 0x0,
    0x0, 0x1, 0xef, 0xff, 0xff, 0xff, 0xff, 0xff,
    0xff, 0xff, 0xfa, 0x0, 0x0, 0x0, 0x1d, 0xff,
    0xff, 0xff, 0xff, 0xff, 0xff, 0xff, 0xff, 0xff,
    0x80, 0x0, 0x0, 0xcf, 0xff, 0xff, 0xff, 0xff,
    0xff, 0xff, 0xff, 0xff, 0xff, 0xf7, 0x0, 0xa,
    0xff, 0xff, 0xff, 0xff, 0xff, 0xff, 0xff, 0xff,
    0xff, 0xff, 0xff, 0x40, 0xf, 0xff, 0xff, 0xff,
    0xff, 0xff, 0xff, 0xff, 0xff, 0xff, 0xff, 0xff,
    0x90, 0xd, 0xff, 0xff, 0xff, 0xff, 0xff, 0xff,
    0xff, 0xff, 0xff, 0xff, 0xff, 0x70, 0x4, 0xff,
    0xff, 0xff, 0xff, 0xff, 0xff, 0xff, 0xff, 0xff,
    0xff, 0xfc, 0x0, 0x0, 0x3, 0x33, 0x33, 0x33,
    0x33, 0x33, 0x33, 0x33, 0x33, 0x33, 0x20, 0x0,
    0x0, 0x0, 0x0, 0x0, 0x0, 0x0, 0x0, 0x0,
    0x0, 0x0, 0x0, 0x0, 0x0, 0x7, 0xff, 0xff,
    0xff, 0xff, 0xff, 0xff, 0xff, 0xff, 0xff, 0xff,
    0xfe, 0x20, 0xf, 0xff, 0xff, 0xff, 0xff, 0xff,
    0xff, 0xff, 0xff, 0xff, 0xff, 0xff, 0x90, 0xf,
    0xff, 0xff, 0xff, 0xff, 0xff, 0xff, 0xff, 0xff,
    0xff, 0xff, 0xff, 0xa0, 0xf, 0xff, 0xff, 0xff,
    0xff, 0xff, 0xff, 0xff, 0xff, 0xff, 0xff, 0xff,
    0xa0, 0xf, 0xff, 0xff, 0xff, 0xff, 0xff, 0xff,
    0xff, 0xff, 0xff, 0xff, 0xff, 0xa0, 0xe, 0xff,
    0xff, 0xff, 0xff, 0xff, 0xff, 0xff, 0xff, 0xff,
    0xff, 0xff, 0x80, 0x3, 0xab, 0xbb, 0xbb, 0xbb,
    0xbb, 0xbb, 0xbb, 0xbb, 0xbb, 0xbb, 0xb8, 0x0,

    /* U+F053 "" */
    0x0, 0x0, 0x0, 0x0, 0x0, 0x1b, 0xa0, 0x0,
    0x0, 0x0, 0x0, 0x0, 0x1d, 0xff, 0xc0, 0x0,
    0x0, 0x0, 0x0, 0x1d, 0xff, 0xff, 0x50, 0x0,
    0x0, 0x0, 0x1d, 0xff, 0xff, 0xe1, 0x0, 0x0,
    0x0, 0x1d, 0xff, 0xff, 0xe2, 0x0, 0x0, 0x0,
    0x1d, 0xff, 0xff, 0xe2, 0x0, 0x0, 0x0, 0x1d,
    0xff, 0xff, 0xe2, 0x0, 0x0, 0x0, 0x1d, 0xff,
    0xff, 0xe2, 0x0, 0x0, 0x0, 0x1d, 0xff, 0xff,
    0xe2, 0x0, 0x0, 0x0, 0x1d, 0xff, 0xff, 0xe2,
    0x0, 0x0, 0x0, 0x1d, 0xff, 0xff, 0xe2, 0x0,
    0x0, 0x0, 0x8, 0xff, 0xff, 0xf3, 0x0, 0x0,
    0x0, 0x0, 0x3f, 0xff, 0xff, 0xb0, 0x0, 0x0,
    0x0, 0x0, 0x3f, 0xff, 0xff, 0xb0, 0x0, 0x0,
    0x0, 0x0, 0x3f, 0xff, 0xff, 0xb0, 0x0, 0x0,
    0x0, 0x0, 0x3f, 0xff, 0xff, 0xb0, 0x0, 0x0,
    0x0, 0x0, 0x3f, 0xff, 0xff, 0xb0, 0x0, 0x0,
    0x0, 0x0, 0x3f, 0xff, 0xff, 0xb0, 0x0, 0x0,
    0x0, 0x0, 0x3f, 0xff, 0xff, 0xb0, 0x0, 0x0,
    0x0, 0x0, 0x3f, 0xff, 0xff, 0xb0, 0x0, 0x0,
    0x0, 0x0, 0x3f, 0xff, 0xff, 0x50, 0x0, 0x0,
    0x0, 0x0, 0x3f, 0xff, 0xf2, 0x0, 0x0, 0x0,
    0x0, 0x0, 0x3f, 0xe3, 0x0, 0x0, 0x0, 0x0,
    0x0, 0x0, 0x0, 0x0,

    /* U+F054 "" */
    0x1, 0xba, 0x0, 0x0, 0x0, 0x0, 0x0, 0x1,
    0xdf, 0xfb, 0x0, 0x0, 0x0, 0x0, 0x0, 0x7f,
    0xff, 0xfb, 0x0, 0x0, 0x0, 0x0, 0x3, 0xff,
    0xff, 0xfb, 0x0, 0x0, 0x0, 0x0, 0x3, 0xff,
    0xff, 0xfb, 0x0, 0x0, 0x0, 0x0, 0x3, 0xff,
    0xff, 0xfb, 0x0, 0x0, 0x0, 0x0, 0x3, 0xff,
    0xff, 0xfb, 0x0, 0x0, 0x0, 0x0, 0x3, 0xff,
    0xff, 0xfb, 0x0, 0x0, 0x0, 0x0, 0x3, 0xff,
    0xff, 0xfb, 0x0, 0x0, 0x0, 0x0, 0x3, 0xff,
    0xff, 0xfb, 0x0, 0x0, 0x0, 0x0, 0x3, 0xff,
    0xff, 0xfb, 0x0, 0x0, 0x0, 0x0, 0x4, 0xff,
    0xff, 0xf6, 0x0, 0x0, 0x0, 0x1, 0xcf, 0xff,
    0xfe, 0x20, 0x0, 0x0, 0x1, 0xcf, 0xff, 0xfe,
    0x20, 0x0, 0x0, 0x1, 0xcf, 0xff, 0xfe, 0x20,
    0x0, 0x0, 0x1, 0xcf, 0xff, 0xfe, 0x20, 0x0,
    0x0, 0x1, 0xcf, 0xff, 0xfe, 0x20, 0x0, 0x0,
    0x1, 0xcf, 0xff, 0xfe, 0x20, 0x0, 0x0, 0x1,
    0xcf, 0xff, 0xfe, 0x20, 0x0, 0x0, 0x1, 0xcf,
    0xff, 0xfe, 0x20, 0x0, 0x0, 0x0, 0x7f, 0xff,
    0xfe, 0x20, 0x0, 0x0, 0x0, 0x3, 0xff, 0xfe,
    0x20, 0x0, 0x0, 0x0, 0x0, 0x4, 0xfe, 0x20,
    0x0, 0x0, 0x0, 0x0, 0x0, 0x1, 0x0, 0x0,
    0x0, 0x0, 0x0, 0x0,

    /* U+F067 "" */
    0x0, 0x0, 0x0, 0x0, 0x2, 0xdf, 0xea, 0x0,
    0x0, 0x0, 0x0, 0x0, 0x0, 0x0, 0x0, 0x0,
    0xa, 0xff, 0xff, 0x40, 0x0, 0x0, 0x0, 0x0,
    0x0, 0x0, 0x0, 0x0, 0xb, 0xff, 0xff, 0x50,
    0x0, 0x0, 0x0, 0x0, 0x0, 0x0, 0x0, 0x0,
    0xb, 0xff, 0xff, 0x50, 0x0, 0x0, 0x0, 0x0,
    0x0, 0x0, 0x0, 0x0, 0xb, 0xff, 0xff, 0x50,
    0x0, 0x0, 0x0, 0x0, 0x0, 0x0, 0x0, 0x0,
    0xb, 0xff, 0xff, 0x50, 0x0, 0x0, 0x0, 0x0,
    0x0, 0x0, 0x0, 0x0, 0xb, 0xff, 0xff, 0x50,
    0x0, 0x0, 0x0, 0x0, 0x0, 0x0, 0x0, 0x0,
    0xb, 0xff, 0xff, 0x50, 0x0, 0x0, 0x0, 0x0,
    0x0, 0x0, 0x0, 0x0, 0xb, 0xff, 0xff, 0x50,
    0x0, 0x0, 0x0, 0x0, 0x29, 0xaa, 0xaa, 0xaa,
    0xae, 0xff, 0xff, 0xca, 0xaa, 0xaa, 0xaa, 0x80,
    0xdf, 0xff, 0xff, 0xff, 0xff, 0xff, 0xff, 0xff,
    0xff, 0xff, 0xff, 0xf7, 0xff, 0xff, 0xff, 0xff,
    0xff, 0xff, 0xff, 0xff, 0xff, 0xff, 0xff, 0xf9,
    0xff, 0xff, 0xff, 0xff, 0xff, 0xff, 0xff, 0xff,
    0xff, 0xff, 0xff, 0xf9, 0xbf, 0xff, 0xff, 0xff,
    0xff, 0xff, 0xff, 0xff, 0xff, 0xff, 0xff, 0xf5,
    0x5, 0x66, 0x66, 0x66, 0x6d, 0xff, 0xff, 0x96,
    0x66, 0x66, 0x66, 0x40, 0x0, 0x0, 0x0, 0x0,
    0xb, 0xff, 0xff, 0x50, 0x0, 0x0, 0x0, 0x0,
    0x0, 0x0, 0x0, 0x0, 0xb, 0xff, 0xff, 0x50,
    0x0, 0x0, 0x0, 0x0, 0x0, 0x0, 0x0, 0x0,
    0xb, 0xff, 0xff, 0x50, 0x0, 0x0, 0x0, 0x0,
    0x0, 0x0, 0x0, 0x0, 0xb, 0xff, 0xff, 0x50,
    0x0, 0x0, 0x0, 0x0, 0x0, 0x0, 0x0, 0x0,
    0xb, 0xff, 0xff, 0x50, 0x0, 0x0, 0x0, 0x0,
    0x0, 0x0, 0x0, 0x0, 0xb, 0xff, 0xff, 0x50,
    0x0, 0x0, 0x0, 0x0, 0x0, 0x0, 0x0, 0x0,
    0xb, 0xff, 0xff, 0x50, 0x0, 0x0, 0x0, 0x0,
    0x0, 0x0, 0x0, 0x0, 0x9, 0xff, 0xff, 0x30,
    0x0, 0x0, 0x0, 0x0, 0x0, 0x0, 0x0, 0x0,
    0x1, 0x9b, 0xa6, 0x0, 0x0, 0x0, 0x0, 0x0,

    /* U+F068 "" */
    0x5d, 0xee, 0xee, 0xee, 0xee, 0xee, 0xee, 0xee,
    0xee, 0xee, 0xed, 0xb1, 0xef, 0xff, 0xff, 0xff,
    0xff, 0xff, 0xff, 0xff, 0xff, 0xff, 0xff, 0xf8,
    0xff, 0xff, 0xff, 0xff, 0xff, 0xff, 0xff, 0xff,
    0xff, 0xff, 0xff, 0xfa, 0xff, 0xff, 0xff, 0xff,
    0xff, 0xff, 0xff, 0xff, 0xff, 0xff, 0xff, 0xf9,
    0x9f, 0xff, 0xff, 0xff, 0xff, 0xff, 0xff, 0xff,
    0xff, 0xff, 0xff, 0xf3, 0x2, 0x33, 0x33, 0x33,
    0x33, 0x33, 0x33, 0x33, 0x33, 0x33, 0x32, 0x10,

    /* U+F06E "" */
    0x0, 0x0, 0x0, 0x0, 0x0, 0x0, 0x0, 0x11,
    0x0, 0x0, 0x0, 0x0, 0x0, 0x0, 0x0, 0x0,
    0x0, 0x0, 0x0, 0x0, 0x17, 0xbe, 0xff, 0xff,
    0xfc, 0x83, 0x0, 0x0, 0x0, 0x0, 0x0, 0x0,
    0x0, 0x0, 0x3, 0xbf, 0xff, 0xff, 0xff, 0xff,
    0xff, 0xfd, 0x60, 0x0, 0x0, 0x0, 0x0, 0x0,
    0x0, 0x1a, 0xff, 0xff, 0xfe, 0x97, 0x68, 0xcf,
    0xff, 0xff, 0xd3, 0x0, 0x0, 0x0, 0x0, 0x0,
    0x3e, 0xff, 0xff, 0xe5, 0x0, 0x0, 0x0, 0x2b,
    0xff, 0xff, 0xf7, 0x0, 0x0, 0x0, 0x0, 0x4f,
    0xff, 0xff, 0xd1, 0x0, 0x1, 0x20, 0x0, 0x9,
    0xff, 0xff, 0xfa, 0x0, 0x0, 0x0, 0x4f, 0xff,
    0xff, 0xe2, 0x0, 0x0, 0xef, 0xf9, 0x10, 0xa,
    0xff, 0xff, 0xfa, 0x0, 0x0, 0x2f, 0xff, 0xff,
    0xf6, 0x0, 0x0, 0xb, 0xff, 0xfd, 0x10, 0x1f,
    0xff, 0xff, 0xf7, 0x0, 0xd, 0xff, 0xff, 0xff,
    0x0, 0x0, 0x0, 0xef, 0xff, 0xfa, 0x0, 0xaf,
    0xff, 0xff, 0xf3, 0x7, 0xff, 0xff, 0xff, 0xb0,
    0x3, 0x1, 0xaf, 0xff, 0xff, 0xf1, 0x5, 0xff,
    0xff, 0xff, 0xc0, 0xef, 0xff, 0xff, 0xfa, 0x0,
    0xcf, 0xff, 0xff, 0xff, 0xff, 0x30, 0x4f, 0xff,
    0xff, 0xff, 0x4d, 0xff, 0xff, 0xff, 0xa0, 0xd,
    0xff, 0xff, 0xff, 0xff, 0xf2, 0x4, 0xff, 0xff,
    0xff, 0xf3, 0x5f, 0xff, 0xff, 0xfc, 0x0, 0x9f,
    0xff, 0xff, 0xff, 0xff, 0x0, 0x6f, 0xff, 0xff,
    0xfb, 0x0, 0xbf, 0xff, 0xff, 0xf1, 0x2, 0xff,
    0xff, 0xff, 0xff, 0x70, 0xa, 0xff, 0xff, 0xff,
    0x20, 0x1, 0xef, 0xff, 0xff, 0x80, 0x4, 0xff,
    0xff, 0xff, 0xa0, 0x2, 0xff, 0xff, 0xff, 0x50,
    0x0, 0x2, 0xef, 0xff, 0xff, 0x30, 0x2, 0x9d,
    0xec, 0x50, 0x0, 0xcf, 0xff, 0xff, 0x80, 0x0,
    0x0, 0x3, 0xef, 0xff, 0xfe, 0x30, 0x0, 0x0,
    0x0, 0x0, 0xbf, 0xff, 0xff, 0x80, 0x0, 0x0,
    0x0, 0x1, 0xcf, 0xff, 0xff, 0x70, 0x0, 0x0,
    0x4, 0xdf, 0xff, 0xff, 0x50, 0x0, 0x0, 0x0,
    0x0, 0x0, 0x7f, 0xff, 0xff, 0xfb, 0x98, 0xae,
    0xff, 0xff, 0xfb, 0x20, 0x0, 0x0, 0x0, 0x0,
    0x0, 0x0, 0x18, 0xff, 0xff, 0xff, 0xff, 0xff,
    0xff, 0xb4, 0x0, 0x0, 0x0, 0x0, 0x0, 0x0,
    0x0, 0x0, 0x0, 0x49, 0xce, 0xff, 0xed, 0xa6,
    0x10, 0x0, 0x0, 0x0, 0x0, 0x0,

    /* U+F070 "" */
    0x5, 0x30, 0x0, 0x0, 0x0, 0x0, 0x0, 0x0,
    0x0, 0x0, 0x0, 0x0, 0x0, 0x0, 0x0, 0x0,
    0x0, 0x5f, 0xf7, 0x0, 0x0, 0x0, 0x0, 0x0,
    0x0, 0x0, 0x0, 0x0, 0x0, 0x0, 0x0, 0x0,
    0x0, 0x0, 0xef, 0xff, 0xb1, 0x0, 0x0, 0x0,
    0x0, 0x0, 0x0, 0x0, 0x0, 0x0, 0x0, 0x0,
    0x0, 0x0, 0x0, 0x6f, 0xff, 0xfd, 0x30, 0x0,
    0x0, 0x0, 0x0, 0x11, 0x0, 0x0, 0x0, 0x0,
    0x0, 0x0, 0x0, 0x0, 0x3, 0xef, 0xff, 0xf6,
    0x0, 0x2, 0x6a, 0xef, 0xff, 0xfe, 0xb7, 0x20,
    0x0, 0x0, 0x0, 0x0, 0x0, 0x0, 0x1c, 0xff,
    0xff, 0x95, 0xcf, 0xff, 0xff, 0xff, 0xff, 0xff,
    0xfb, 0x30, 0x0, 0x0, 0x0, 0x0, 0x0, 0x0,
    0x8f, 0xff, 0xff, 0xff, 0xff, 0xd9, 0x67, 0x9d,
    0xff, 0xff, 0xfa, 0x10, 0x0, 0x0, 0x0, 0x0,
    0x0, 0x4, 0xff, 0xff, 0xff, 0xc3, 0x0, 0x0,
    0x0, 0x4e, 0xff, 0xff, 0xe4, 0x0, 0x0, 0x0,
    0x0, 0x0, 0x0, 0x2c, 0xff, 0xff, 0x90, 0x0,
    0x12, 0x0, 0x1, 0xcf, 0xff, 0xff, 0x50, 0x0,
    0x0, 0x0, 0x0, 0x0, 0x0, 0x9f, 0xff, 0xfc,
    0x23, 0xff, 0xe6, 0x0, 0x1e, 0xff, 0xff, 0xf5,
    0x0, 0x0, 0x0, 0x6, 0x40, 0x0, 0x6, 0xff,
    0xff, 0xe5, 0xff, 0xff, 0x90, 0x5, 0xff, 0xff,
    0xff, 0x30, 0x0, 0x0, 0x3f, 0xf7, 0x0, 0x0,
    0x3d, 0xff, 0xff, 0xff, 0xff, 0xf5, 0x0, 0xef,
    0xff, 0xff, 0xd0, 0x0, 0x0, 0xcf, 0xff, 0xb1,
    0x0, 0x0, 0xbf, 0xff, 0xff, 0xff, 0xfb, 0x0,
    0xaf, 0xff, 0xff, 0xf8, 0x0, 0x3, 0xff, 0xff,
    0xfe, 0x30, 0x0, 0x7, 0xff, 0xff, 0xff, 0xfe,
    0x0, 0x9f, 0xff, 0xff, 0xff, 0x0, 0x2, 0xff,
    0xff, 0xff, 0xf4, 0x0, 0x0, 0x3e, 0xff, 0xff,
    0xfe, 0x0, 0x9f, 0xff, 0xff, 0xfe, 0x0, 0x0,
    0xaf, 0xff, 0xff, 0xf8, 0x0, 0x0, 0x1, 0xcf,
    0xff, 0xfd, 0x0, 0xbf, 0xff, 0xff, 0xf6, 0x0,
    0x0, 0x1e, 0xff, 0xff, 0xfc, 0x0, 0x0, 0x0,
    0x8, 0xff, 0xff, 0xd4, 0xff, 0xff, 0xff, 0xb0,
    0x0, 0x0, 0x4, 0xff, 0xff, 0xff, 0x40, 0x0,
    0x0, 0x0, 0x5f, 0xff, 0xff, 0xff, 0xff, 0xfe,
    0x10, 0x0, 0x0, 0x0, 0x7f, 0xff, 0xff, 0xd1,
    0x0, 0x0, 0x0, 0x2, 0xdf, 0xff, 0xff, 0xff,
    0xf2, 0x0, 0x0, 0x0, 0x0, 0x6, 0xff, 0xff,
    0xfc, 0x10, 0x0, 0x0, 0x0, 0x9, 0xff, 0xff,
    0xfe, 0x30, 0x0, 0x0, 0x0, 0x0, 0x0, 0x5e,
    0xff, 0xff, 0xe5, 0x0, 0x0, 0x0, 0x0, 0x6f,
    0xff, 0xfe, 0x40, 0x0, 0x0, 0x0, 0x0, 0x0,
    0x1, 0xbf, 0xff, 0xff, 0xeb, 0x99, 0x70, 0x0,
    0x3, 0xdf, 0xff, 0xf7, 0x0, 0x0, 0x0, 0x0,
    0x0, 0x0, 0x3, 0xbf, 0xff, 0xff, 0xff, 0xfb,
    0x0, 0x0, 0x1b, 0xff, 0xff, 0xb1, 0x0, 0x0,
    0x0, 0x0, 0x0, 0x0, 0x1, 0x6a, 0xde, 0xff,
    0xec, 0x60, 0x0, 0x0, 0x7f, 0xff, 0xfe, 0x30,
    0x0, 0x0, 0x0, 0x0, 0x0, 0x0, 0x0, 0x0,
    0x0, 0x0, 0x0, 0x0, 0x0, 0x4, 0xef, 0xff,
    0xf5, 0x0, 0x0, 0x0, 0x0, 0x0, 0x0, 0x0,
    0x0, 0x0, 0x0, 0x0, 0x0, 0x0, 0x0, 0x1c,
    0xff, 0xfa, 0x0, 0x0, 0x0, 0x0, 0x0, 0x0,
    0x0, 0x0, 0x0, 0x0, 0x0, 0x0, 0x0, 0x0,
    0x0, 0x8f, 0xe1, 0x0, 0x0, 0x0, 0x0, 0x0,
    0x0, 0x0, 0x0, 0x0, 0x0, 0x0, 0x0, 0x0,
    0x0, 0x0, 0x3, 0x20,

    /* U+F071 "" */
    0x0, 0x0, 0x0, 0x0, 0x0, 0x0, 0x0, 0x4,
    0x51, 0x0, 0x0, 0x0, 0x0, 0x0, 0x0, 0x0,
    0x0, 0x0, 0x0, 0x0, 0x0, 0x0, 0x0, 0xbf,
    0xff, 0x20, 0x0, 0x0, 0x0, 0x0, 0x0, 0x0,
    0x0, 0x0, 0x0, 0x0, 0x0, 0x0, 0x6, 0xff,
    0xff, 0xc0, 0x0, 0x0, 0x0, 0x0, 0x0, 0x0,
    0x0, 0x0, 0x0, 0x0, 0x0, 0x0, 0x1e, 0xff,
    0xff, 0xf5, 0x0, 0x0, 0x0, 0x0, 0x0, 0x0,
    0x0, 0x0, 0x0, 0x0, 0x0, 0x0, 0x9f, 0xff,
    0xff, 0xfe, 0x0, 0x0, 0x0, 0x0, 0x0, 0x0,
    0x0, 0x0, 0x0, 0x0, 0x0, 0x2, 0xff, 0xff,
    0xff, 0xff, 0x80, 0x0, 0x0, 0x0, 0x0, 0x0,
    0x0, 0x0, 0x0, 0x0, 0x0, 0xb, 0xff, 0xff,
    0xff, 0xff, 0xf2, 0x0, 0x0, 0x0, 0x0, 0x0,
    0x0, 0x0, 0x0, 0x0, 0x0, 0x5f, 0xff, 0xff,
    0xff, 0xff, 0xfb, 0x0, 0x0, 0x0, 0x0, 0x0,
    0x0, 0x0, 0x0, 0x0, 0x0, 0xdf, 0xff, 0xff,
    0xff, 0xff, 0xff, 0x40, 0x0, 0x0, 0x0, 0x0,
    0x0, 0x0, 0x0, 0x0, 0x7, 0xff, 0xff, 0xee,
    0xee, 0xff, 0xff, 0xd0, 0x0, 0x0, 0x0, 0x0,
    0x0, 0x0, 0x0, 0x0, 0x1f, 0xff, 0xfe, 0x0,
    0x0, 0x8f, 0xff, 0xf7, 0x0, 0x0, 0x0, 0x0,
    0x0, 0x0, 0x0, 0x0, 0xaf, 0xff, 0xfe, 0x0,
    0x0, 0x8f, 0xff, 0xff, 0x10, 0x0, 0x0, 0x0,
    0x0, 0x0, 0x0, 0x3, 0xff, 0xff, 0xff, 0x0,
    0x0, 0x9f, 0xff, 0xff, 0x90, 0x0, 0x0, 0x0,
    0x0, 0x0, 0x0, 0xc, 0xff, 0xff, 0xff, 0x0,
    0x0, 0xaf, 0xff, 0xff, 0xf3, 0x0, 0x0, 0x0,
    0x0, 0x0, 0x0, 0x6f, 0xff, 0xff, 0xff, 0x10,
    0x0, 0xbf, 0xff, 0xff, 0xfc, 0x0, 0x0, 0x0,
    0x0, 0x0, 0x0, 0xef, 0xff, 0xff, 0xff, 0x20,
    0x0, 0xcf, 0xff, 0xff, 0xff, 0x50, 0x0, 0x0,
    0x0, 0x0, 0x8, 0xff, 0xff, 0xff, 0xff, 0x30,
    0x0, 0xdf, 0xff, 0xff, 0xff, 0xe0, 0x0, 0x0,
    0x0, 0x0, 0x2f, 0xff, 0xff, 0xff, 0xff, 0x50,
    0x0, 0xef, 0xff, 0xff, 0xff, 0xf8, 0x0, 0x0,
    0x0, 0x0, 0xbf, 0xff, 0xff, 0xff, 0xff, 0xff,
    0xff, 0xff, 0xff, 0xff, 0xff, 0xff, 0x20, 0x0,
    0x0, 0x4, 0xff, 0xff, 0xff, 0xff, 0xff, 0xb2,
    0x17, 0xff, 0xff, 0xff, 0xff, 0xff, 0xa0, 0x0,
    0x0, 0xd, 0xff, 0xff, 0xff, 0xff, 0xff, 0x0,
    0x0, 0xaf, 0xff, 0xff, 0xff, 0xff, 0xf4, 0x0,
    0x0, 0x7f, 0xff, 0xff, 0xff, 0xff, 0xfd, 0x0,
    0x0, 0x7f, 0xff, 0xff, 0xff, 0xff, 0xfd, 0x0,
    0x1, 0xff, 0xff, 0xff, 0xff, 0xff, 0xff, 0x10,
    0x0, 0xbf, 0xff, 0xff, 0xff, 0xff, 0xff, 0x60,
    0x9, 0xff, 0xff, 0xff, 0xff, 0xff, 0xff, 0xc4,
    0x39, 0xff, 0xff, 0xff, 0xff, 0xff, 0xff, 0xe0,
    0xf, 0xff, 0xff, 0xff, 0xff, 0xff, 0xff, 0xff,
    0xff, 0xff, 0xff, 0xff, 0xff, 0xff, 0xff, 0xf5,
    0xe, 0xff, 0xff, 0xff, 0xff, 0xff, 0xff, 0xff,
    0xff, 0xff, 0xff, 0xff, 0xff, 0xff, 0xff, 0xf4,
    0x5, 0xff, 0xff, 0xff, 0xff, 0xff, 0xff, 0xff,
    0xff, 0xff, 0xff, 0xff, 0xff, 0xff, 0xff, 0xb0,
    0x0, 0x25, 0x55, 0x55, 0x55, 0x55, 0x55, 0x55,
    0x55, 0x55, 0x55, 0x55, 0x55, 0x55, 0x54, 0x0,

    /* U+F074 "" */
    0x0, 0x0, 0x0, 0x0, 0x0, 0x0, 0x0, 0x0,
    0x0, 0x0, 0x3a, 0x30, 0x0, 0x0, 0x0, 0x0,
    0x0, 0x0, 0x0, 0x0, 0x0, 0x0, 0x0, 0xb,
    0xff, 0x40, 0x0, 0x0, 0x0, 0x0, 0x0, 0x0,
    0x0, 0x0, 0x0, 0x0, 0x0, 0xcf, 0xff, 0x40,
    0x4, 0x55, 0x55, 0x54, 0x0, 0x0, 0x0, 0x0,
    0x1, 0x55, 0x5d, 0xff, 0xff, 0x40, 0xff, 0xff,
    0xff, 0xf8, 0x0, 0x0, 0x0, 0x1, 0xdf, 0xff,
    0xff, 0xff, 0xff, 0x4f, 0xff, 0xff, 0xff, 0xf7,
    0x0, 0x0, 0x1, 0xdf, 0xff, 0xff, 0xff, 0xff,
    0xfe, 0xff, 0xff, 0xff, 0xff, 0xf6, 0x0, 0x0,
    0xcf, 0xff, 0xff, 0xff, 0xff, 0xff, 0xbc, 0xee,
    0xee, 0xff, 0xff, 0xf5, 0x0, 0xcf, 0xff, 0xff,
    0xef, 0xff, 0xff, 0xb0, 0x0, 0x0, 0x5, 0xff,
    0xfe, 0x20, 0xbf, 0xff, 0xfd, 0x10, 0xcf, 0xff,
    0xb0, 0x0, 0x0, 0x0, 0x6, 0xfe, 0x20, 0xaf,
    0xff, 0xfe, 0x20, 0xb, 0xff, 0xb0, 0x0, 0x0,
    0x0, 0x0, 0x6, 0x30, 0xaf, 0xff, 0xfe, 0x20,
    0x0, 0x8f, 0xb0, 0x0, 0x0, 0x0, 0x0, 0x0,
    0x0, 0x9f, 0xff, 0xfe, 0x20, 0x0, 0x0, 0x20,
    0x0, 0x0, 0x0, 0x0, 0x0, 0x0, 0x8f, 0xff,
    0xff, 0x30, 0x0, 0x0, 0x4, 0x0, 0x0, 0x0,
    0x0, 0x0, 0x0, 0x8f, 0xff, 0xff, 0x30, 0x82,
    0x0, 0x9, 0xfc, 0x10, 0x0, 0x0, 0x0, 0x0,
    0x7f, 0xff, 0xff, 0x40, 0x8f, 0xe2, 0x0, 0xcf,
    0xfc, 0x10, 0x0, 0x0, 0x0, 0x6f, 0xff, 0xff,
    0x50, 0x7f, 0xff, 0xe2, 0xc, 0xff, 0xfc, 0x10,
    0xdf, 0xff, 0xff, 0xff, 0xff, 0x50, 0xa, 0xff,
    0xff, 0xff, 0xff, 0xff, 0xfc, 0x1f, 0xff, 0xff,
    0xff, 0xff, 0x60, 0x0, 0xb, 0xff, 0xff, 0xff,
    0xff, 0xff, 0xfb, 0xff, 0xff, 0xff, 0xff, 0x70,
    0x0, 0x0, 0xb, 0xff, 0xff, 0xff, 0xff, 0xff,
    0xef, 0xff, 0xff, 0xff, 0x70, 0x0, 0x0, 0x0,
    0xc, 0xff, 0xff, 0xff, 0xff, 0xf3, 0x24, 0x44,
    0x44, 0x30, 0x0, 0x0, 0x0, 0x0, 0x4, 0x44,
    0xdf, 0xff, 0xf3, 0x0, 0x0, 0x0, 0x0, 0x0,
    0x0, 0x0, 0x0, 0x0, 0x0, 0xc, 0xff, 0xf3,
    0x0, 0x0, 0x0, 0x0, 0x0, 0x0, 0x0, 0x0,
    0x0, 0x0, 0x0, 0xbf, 0xf3, 0x0, 0x0, 0x0,
    0x0, 0x0, 0x0, 0x0, 0x0, 0x0, 0x0, 0x0,
    0x2, 0x93, 0x0, 0x0,

    /* U+F077 "" */
    0x0, 0x0, 0x0, 0x0, 0x0, 0x1, 0x0, 0x0,
    0x0, 0x0, 0x0, 0x0, 0x0, 0x0, 0x0, 0x0,
    0x0, 0x6f, 0xc0, 0x0, 0x0, 0x0, 0x0, 0x0,
    0x0, 0x0, 0x0, 0x0, 0x6, 0xff, 0xfc, 0x0,
    0x0, 0x0, 0x0, 0x0, 0x0, 0x0, 0x0, 0x0,
    0x6f, 0xff, 0xff, 0xc0, 0x0, 0x0, 0x0, 0x0,
    0x0, 0x0, 0x0, 0x6, 0xff, 0xff, 0xff, 0xfc,
    0x0, 0x0, 0x0, 0x0, 0x0, 0x0, 0x0, 0x6f,
    0xff, 0xff, 0xff, 0xff, 0xc0, 0x0, 0x0, 0x0,
    0x0, 0x0, 0x6, 0xff, 0xff, 0xfa, 0xef, 0xff,
    0xfc, 0x0, 0x0, 0x0, 0x0, 0x0, 0x6f, 0xff,
    0xff, 0x90, 0x3e, 0xff, 0xff, 0xc0, 0x0, 0x0,
    0x0, 0x6, 0xff, 0xff, 0xf9, 0x0, 0x3, 0xef,
    0xff, 0xfc, 0x0, 0x0, 0x0, 0x6f, 0xff, 0xff,
    0x90, 0x0, 0x0, 0x3e, 0xff, 0xff, 0xc0, 0x0,
    0x6, 0xff, 0xff, 0xf9, 0x0, 0x0, 0x0, 0x3,
    0xef, 0xff, 0xfc, 0x0, 0x5f, 0xff, 0xff, 0x90,
    0x0, 0x0, 0x0, 0x0, 0x3e, 0xff, 0xff, 0xc0,
    0xbf, 0xff, 0xf9, 0x0, 0x0, 0x0, 0x0, 0x0,
    0x3, 0xef, 0xff, 0xf2, 0x3f, 0xff, 0x90, 0x0,
    0x0, 0x0, 0x0, 0x0, 0x0, 0x3e, 0xff, 0xa0,
    0x3, 0xc8, 0x0, 0x0, 0x0, 0x0, 0x0, 0x0,
    0x0, 0x2, 0xc9, 0x0,

    /* U+F078 "" */
    0x0, 0x0, 0x0, 0x0, 0x0, 0x0, 0x0, 0x0,
    0x0, 0x0, 0x0, 0x0, 0x7, 0xfc, 0x0, 0x0,
    0x0, 0x0, 0x0, 0x0, 0x0, 0x5, 0xfd, 0x10,
    0x6f, 0xff, 0xc0, 0x0, 0x0, 0x0, 0x0, 0x0,
    0x0, 0x5f, 0xff, 0xd0, 0xbf, 0xff, 0xfc, 0x0,
    0x0, 0x0, 0x0, 0x0, 0x5, 0xff, 0xff, 0xf2,
    0x3e, 0xff, 0xff, 0xc0, 0x0, 0x0, 0x0, 0x0,
    0x5f, 0xff, 0xff, 0x90, 0x3, 0xef, 0xff, 0xfc,
    0x0, 0x0, 0x0, 0x5, 0xff, 0xff, 0xf9, 0x0,
    0x0, 0x3e, 0xff, 0xff, 0xc0, 0x0, 0x0, 0x5f,
    0xff, 0xff, 0x90, 0x0, 0x0, 0x3, 0xef, 0xff,
    0xfc, 0x0, 0x5, 0xff, 0xff, 0xf9, 0x0, 0x0,
    0x0, 0x0, 0x3e, 0xff, 0xff, 0xc0, 0x5f, 0xff,
    0xff, 0x90, 0x0, 0x0, 0x0, 0x0, 0x3, 0xef,
    0xff, 0xfd, 0xff, 0xff, 0xf9, 0x0, 0x0, 0x0,
    0x0, 0x0, 0x0, 0x3e, 0xff, 0xff, 0xff, 0xff,
    0x90, 0x0, 0x0, 0x0, 0x0, 0x0, 0x0, 0x3,
    0xef, 0xff, 0xff, 0xf9, 0x0, 0x0, 0x0, 0x0,
    0x0, 0x0, 0x0, 0x0, 0x3e, 0xff, 0xff, 0x90,
    0x0, 0x0, 0x0, 0x0, 0x0, 0x0, 0x0, 0x0,
    0x3, 0xef, 0xf9, 0x0, 0x0, 0x0, 0x0, 0x0,
    0x0, 0x0, 0x0, 0x0, 0x0, 0x3c, 0x80, 0x0,
    0x0, 0x0, 0x0, 0x0,

    /* U+F079 "" */
    0x0, 0x0, 0x0, 0x31, 0x0, 0x0, 0x0, 0x0,
    0x0, 0x0, 0x0, 0x0, 0x0, 0x0, 0x0, 0x0,
    0x0, 0x0, 0x0, 0x8, 0xfe, 0x20, 0x0, 0x0,
    0x0, 0x0, 0x0, 0x0, 0x0, 0x0, 0x0, 0x0,
    0x0, 0x0, 0x0, 0x0, 0x8f, 0xff, 0xe2, 0x0,
    0x1, 0x66, 0x66, 0x66, 0x66, 0x66, 0x66, 0x65,
    0x0, 0x0, 0x0, 0x0, 0x9, 0xff, 0xff, 0xfe,
    0x20, 0xc, 0xff, 0xff, 0xff, 0xff, 0xff, 0xff,
    0xff, 0x50, 0x0, 0x0, 0x0, 0x9f, 0xff, 0xff,
    0xff, 0xe2, 0xa, 0xff, 0xff, 0xff, 0xff, 0xff,
    0xff, 0xff, 0x70, 0x0, 0x0, 0x9, 0xff, 0xff,
    0xff, 0xff, 0xfe, 0x20, 0xbf, 0xff, 0xff, 0xff,
    0xff, 0xff, 0xff, 0x70, 0x0, 0x0, 0x8f, 0xff,
    0xef, 0xff, 0xdf, 0xff, 0xe1, 0x0, 0x0, 0x0,
    0x0, 0x0, 0xe, 0xff, 0x70, 0x0, 0x0, 0xcf,
    0xfe, 0x2f, 0xff, 0x79, 0xff, 0xf4, 0x0, 0x0,
    0x0, 0x0, 0x0, 0xe, 0xff, 0x70, 0x0, 0x0,
    0x2e, 0xe3, 0xf, 0xff, 0x70, 0xaf, 0x90, 0x0,
    0x0, 0x0, 0x0, 0x0, 0xe, 0xff, 0x70, 0x0,
    0x0, 0x0, 0x0, 0xf, 0xff, 0x70, 0x0, 0x0,
    0x0, 0x0, 0x0, 0x0, 0x0, 0xe, 0xff, 0x70,
    0x0, 0x0, 0x0, 0x0, 0xf, 0xff, 0x70, 0x0,
    0x0, 0x0, 0x0, 0x0, 0x0, 0x0, 0xe, 0xff,
    0x70, 0x0, 0x0, 0x0, 0x0, 0xf, 0xff, 0x70,
    0x0, 0x0, 0x0, 0x0, 0x0, 0x0, 0x0, 0xe,
    0xff, 0x70, 0x0, 0x0, 0x0, 0x0, 0xf, 0xff,
    0x70, 0x0, 0x0, 0x0, 0x0, 0x0, 0x1, 0x10,
    0xe, 0xff, 0x70, 0x2, 0x0, 0x0, 0x0, 0xf,
    0xff, 0x70, 0x0, 0x0, 0x0, 0x0, 0x0, 0x3e,
    0xf4, 0xe, 0xff, 0x70, 0xbf, 0xb0, 0x0, 0x0,
    0xf, 0xff, 0x70, 0x0, 0x0, 0x0, 0x0, 0x0,
    0xcf, 0xff, 0x4e, 0xff, 0x7a, 0xff, 0xf5, 0x0,
    0x0, 0xf, 0xff, 0x71, 0x11, 0x11, 0x11, 0x11,
    0x0, 0x6f, 0xff, 0xff, 0xff, 0xef, 0xff, 0xe1,
    0x0, 0x0, 0xf, 0xff, 0xff, 0xff, 0xff, 0xff,
    0xff, 0xf6, 0x7, 0xff, 0xff, 0xff, 0xff, 0xfe,
    0x20, 0x0, 0x0, 0xf, 0xff, 0xff, 0xff, 0xff,
    0xff, 0xff, 0xff, 0x40, 0x7f, 0xff, 0xff, 0xff,
    0xe2, 0x0, 0x0, 0x0, 0xc, 0xff, 0xff, 0xff,
    0xff, 0xff, 0xff, 0xff, 0x40, 0x6, 0xff, 0xff,
    0xfd, 0x10, 0x0, 0x0, 0x0, 0x1, 0x45, 0x55,
    0x55, 0x55, 0x55, 0x55, 0x53, 0x0, 0x0, 0x6f,
    0xff, 0xd1, 0x0, 0x0, 0x0, 0x0, 0x0, 0x0,
    0x0, 0x0, 0x0, 0x0, 0x0, 0x0, 0x0, 0x0,
    0x6, 0xfd, 0x10, 0x0, 0x0, 0x0, 0x0, 0x0,
    0x0, 0x0, 0x0, 0x0, 0x0, 0x0, 0x0, 0x0,
    0x0, 0x0, 0x10, 0x0, 0x0, 0x0,

    /* U+F07B "" */
    0x0, 0x34, 0x44, 0x44, 0x44, 0x30, 0x0, 0x0,
    0x0, 0x0, 0x0, 0x0, 0x0, 0x4, 0xef, 0xff,
    0xff, 0xff, 0xff, 0xb0, 0x0, 0x0, 0x0, 0x0,
    0x0, 0x0, 0x0, 0xdf, 0xff, 0xff, 0xff, 0xff,
    0xff, 0xb0, 0x0, 0x0, 0x0, 0x0, 0x0, 0x0,
    0xf, 0xff, 0xff, 0xff, 0xff, 0xff, 0xff, 0xb0,
    0x0, 0x0, 0x0, 0x0, 0x0, 0x0, 0xff, 0xff,
    0xff, 0xff, 0xff, 0xff, 0xff, 0xee, 0xee, 0xee,
    0xee, 0xee, 0xd9, 0x1f, 0xff, 0xff, 0xff, 0xff,
    0xff, 0xff, 0xff, 0xff, 0xff, 0xff, 0xff, 0xff,
    0xfa, 0xff, 0xff, 0xff, 0xff, 0xff, 0xff, 0xff,
    0xff, 0xff, 0xff, 0xff, 0xff, 0xff, 0xff, 0xff,
    0xff, 0xff, 0xff, 0xff, 0xff, 0xff, 0xff, 0xff,
    0xff, 0xff, 0xff, 0xff, 0xff, 0xff, 0xff, 0xff,
    0xff, 0xff, 0xff, 0xff, 0xff, 0xff, 0xff, 0xff,
    0xff, 0xff, 0xff, 0xff, 0xff, 0xff, 0xff, 0xff,
    0xff, 0xff, 0xff, 0xff, 0xff, 0xff, 0xff, 0xff,
    0xff, 0xff, 0xff, 0xff, 0xff, 0xff, 0xff, 0xff,
    0xff, 0xff, 0xff, 0xff, 0xff, 0xff, 0xff, 0xff,
    0xff, 0xff, 0xff, 0xff, 0xff, 0xff, 0xff, 0xff,
    0xff, 0xff, 0xff, 0xff, 0xff, 0xff, 0xff, 0xff,
    0xff, 0xff, 0xff, 0xff, 0xff, 0xff, 0xff, 0xff,
    0xff, 0xff, 0xff, 0xff, 0xff, 0xff, 0xff, 0xff,
    0xff, 0xff, 0xff, 0xff, 0xff, 0xff, 0xff, 0xff,
    0xff, 0xff, 0xff, 0xff, 0xff, 0xff, 0xff, 0xff,
    0xff, 0xff, 0xff, 0xff, 0xff, 0xff, 0xff, 0xff,
    0xff, 0xff, 0xff, 0xff, 0xff, 0xff, 0xff, 0xff,
    0xff, 0xff, 0xff, 0xff, 0xff, 0xff, 0xff, 0xff,
    0xff, 0xff, 0xff, 0xff, 0xff, 0xff, 0xff, 0xff,
    0xff, 0xff, 0xff, 0xff, 0xff, 0xff, 0xff, 0xff,
    0xff, 0xff, 0xff, 0xff, 0xff, 0xff, 0xff, 0xff,
    0xff, 0xff, 0xff, 0xff, 0xff, 0xff, 0xff, 0xff,
    0xfb, 0xff, 0xff, 0xff, 0xff, 0xff, 0xff, 0xff,
    0xff, 0xff, 0xff, 0xff, 0xff, 0xfb, 0x1b, 0xff,
    0xff, 0xff, 0xff, 0xff, 0xff, 0xff, 0xff, 0xff,
    0xff, 0xff, 0xfb, 0x10,

    /* U+F093 "" */
    0x0, 0x0, 0x0, 0x0, 0x0, 0x0, 0x28, 0x10,
    0x0, 0x0, 0x0, 0x0, 0x0, 0x0, 0x0, 0x0,
    0x0, 0x0, 0x0, 0x2e, 0xfd, 0x10, 0x0, 0x0,
    0x0, 0x0, 0x0, 0x0, 0x0, 0x0, 0x0, 0x0,
    0x2e, 0xff, 0xfd, 0x10, 0x0, 0x0, 0x0, 0x0,
    0x0, 0x0, 0x0, 0x0, 0x0, 0x2e, 0xff, 0xff,
    0xfd, 0x10, 0x0, 0x0, 0x0, 0x0, 0x0, 0x0,
    0x0, 0x0, 0x2e, 0xff, 0xff, 0xff, 0xfd, 0x10,
    0x0, 0x0, 0x0, 0x0, 0x0, 0x0, 0x0, 0x2e,
    0xff, 0xff, 0xff, 0xff, 0xfd, 0x10, 0x0, 0x0,
    0x0, 0x0, 0x0, 0x0, 0x2e, 0xff, 0xff, 0xff,
    0xff, 0xff, 0xfd, 0x10, 0x0, 0x0, 0x0, 0x0,
    0x0, 0x2e, 0xff, 0xff, 0xff, 0xff, 0xff, 0xff,
    0xfd, 0x10, 0x0, 0x0, 0x0, 0x0, 0x2e, 0xff,
    0xff, 0xff, 0xff, 0xff, 0xff, 0xff, 0xfd, 0x10,
    0x0, 0x0, 0x0, 0x8, 0xff, 0xff, 0xff, 0xff,
    0xff, 0xff, 0xff, 0xff, 0xf7, 0x0, 0x0, 0x0,
    0x0, 0x17, 0x88, 0x88, 0xff, 0xff, 0xff, 0xe8,
    0x88, 0x87, 0x10, 0x0, 0x0, 0x0, 0x0, 0x0,
    0x0, 0xe, 0xff, 0xff, 0xfd, 0x0, 0x0, 0x0,
    0x0, 0x0, 0x0, 0x0, 0x0, 0x0, 0x0, 0xef,
    0xff, 0xff, 0xd0, 0x0, 0x0, 0x0, 0x0, 0x0,
    0x0, 0x0, 0x0, 0x0, 0xe, 0xff, 0xff, 0xfd,
    0x0, 0x0, 0x0, 0x0, 0x0, 0x0, 0x0, 0x0,
    0x0, 0x0, 0xef, 0xff, 0xff, 0xd0, 0x0, 0x0,
    0x0, 0x0, 0x0, 0x0, 0x0, 0x0, 0x0, 0xe,
    0xff, 0xff, 0xfd, 0x0, 0x0, 0x0, 0x0, 0x0,
    0x0, 0x0, 0x0, 0x0, 0x0, 0xef, 0xff, 0xff,
    0xd0, 0x0, 0x0, 0x0, 0x0, 0x0, 0x0, 0x0,
    0x0, 0x0, 0xe, 0xff, 0xff, 0xfd, 0x0, 0x0,
    0x0, 0x0, 0x0, 0x0, 0x0, 0x0, 0x0, 0x0,
    0xef, 0xff, 0xff, 0xd0, 0x0, 0x0, 0x0, 0x0,
    0xb, 0xff, 0xff, 0xff, 0xf7, 0xe, 0xff, 0xff,
    0xfc, 0x7, 0xff, 0xff, 0xff, 0xfa, 0xff, 0xff,
    0xff, 0xff, 0xb0, 0x49, 0xaa, 0xa9, 0x30, 0xbf,
    0xff, 0xff, 0xff, 0xff, 0xff, 0xff, 0xff, 0xff,
    0x70, 0x0, 0x0, 0x0, 0x7f, 0xff, 0xff, 0xff,
    0xff, 0xff, 0xff, 0xff, 0xff, 0xff, 0xdb, 0xbb,
    0xbb, 0xdf, 0xff, 0xff, 0xff, 0xff, 0xff, 0xff,
    0xff, 0xff, 0xff, 0xff, 0xff, 0xff, 0xff, 0xff,
    0xdf, 0xfe, 0xff, 0xff, 0xff, 0xff, 0xff, 0xff,
    0xff, 0xff, 0xff, 0xff, 0xff, 0x70, 0xad, 0x4,
    0xff, 0xff, 0xff, 0xff, 0xff, 0xff, 0xff, 0xff,
    0xff, 0xff, 0xfa, 0x2c, 0xe3, 0x7f, 0xff, 0xef,
    0xff, 0xff, 0xff, 0xff, 0xff, 0xff, 0xff, 0xff,
    0xff, 0xff, 0xff, 0xff, 0xe2, 0x56, 0x66, 0x66,
    0x66, 0x66, 0x66, 0x66, 0x66, 0x66, 0x66, 0x66,
    0x66, 0x52,

    /* U+F095 "" */
    0x0, 0x0, 0x0, 0x0, 0x0, 0x0, 0x0, 0x0,
    0x0, 0x0, 0x59, 0x51, 0x0, 0x0, 0x0, 0x0,
    0x0, 0x0, 0x0, 0x0, 0x0, 0x0, 0x0, 0x1,
    0xff, 0xff, 0xea, 0x61, 0x0, 0x0, 0x0, 0x0,
    0x0, 0x0, 0x0, 0x0, 0x0, 0x8, 0xff, 0xff,
    0xff, 0xfd, 0x0, 0x0, 0x0, 0x0, 0x0, 0x0,
    0x0, 0x0, 0x0, 0xe, 0xff, 0xff, 0xff, 0xff,
    0x0, 0x0, 0x0, 0x0, 0x0, 0x0, 0x0, 0x0,
    0x0, 0x5f, 0xff, 0xff, 0xff, 0xfe, 0x0, 0x0,
    0x0, 0x0, 0x0, 0x0, 0x0, 0x0, 0x0, 0xcf,
    0xff, 0xff, 0xff, 0xfd, 0x0, 0x0, 0x0, 0x0,
    0x0, 0x0, 0x0, 0x0, 0x3, 0xff, 0xff, 0xff,
    0xff, 0xfb, 0x0, 0x0, 0x0, 0x0, 0x0, 0x0,
    0x0, 0x0, 0x8, 0xff, 0xff, 0xff, 0xff, 0xf9,
    0x0, 0x0, 0x0, 0x0, 0x0, 0x0, 0x0, 0x0,
    0x2, 0xef, 0xff, 0xff, 0xff, 0xf5, 0x0, 0x0,
    0x0, 0x0, 0x0, 0x0, 0x0, 0x0, 0x0, 0x1c,
    0xff, 0xff, 0xff, 0xf2, 0x0, 0x0, 0x0, 0x0,
    0x0, 0x0, 0x0, 0x0, 0x0, 0x0, 0xaf, 0xff,
    0xff, 0xd0, 0x0, 0x0, 0x0, 0x0, 0x0, 0x0,
    0x0, 0x0, 0x0, 0x0, 0x2f, 0xff, 0xff, 0x70,
    0x0, 0x0, 0x0, 0x0, 0x0, 0x0, 0x0, 0x0,
    0x0, 0x0, 0xbf, 0xff, 0xff, 0x10, 0x0, 0x0,
    0x0, 0x0, 0x0, 0x0, 0x0, 0x0, 0x0, 0x4,
    0xff, 0xff, 0xfa, 0x0, 0x0, 0x0, 0x0, 0x0,
    0x0, 0x0, 0x0, 0x0, 0x0, 0x1e, 0xff, 0xff,
    0xf2, 0x0, 0x0, 0x0, 0x0, 0x0, 0x0, 0x0,
    0x0, 0x0, 0x0, 0xcf, 0xff, 0xff, 0x80, 0x0,
    0x0, 0x0, 0x0, 0x0, 0x10, 0x0, 0x0, 0x0,
    0xa, 0xff, 0xff, 0xfd, 0x0, 0x0, 0x0, 0x0,
    0x2, 0x8e, 0xf5, 0x0, 0x0, 0x0, 0xbf, 0xff,
    0xff, 0xf3, 0x0, 0x0, 0x0, 0x4, 0xbf, 0xff,
    0xff, 0x30, 0x0, 0x2d, 0xff, 0xff, 0xff, 0x60,
    0x0, 0x0, 0x5, 0xdf, 0xff, 0xff, 0xff, 0xe1,
    0x8, 0xff, 0xff, 0xff, 0xf7, 0x0, 0x0, 0x0,
    0xf, 0xff, 0xff, 0xff, 0xff, 0xfd, 0xef, 0xff,
    0xff, 0xff, 0x80, 0x0, 0x0, 0x0, 0xd, 0xff,
    0xff, 0xff, 0xff, 0xff, 0xff, 0xff, 0xff, 0xf6,
    0x0, 0x0, 0x0, 0x0, 0x9, 0xff, 0xff, 0xff,
    0xff, 0xff, 0xff, 0xff, 0xfe, 0x40, 0x0, 0x0,
    0x0, 0x0, 0x5, 0xff, 0xff, 0xff, 0xff, 0xff,
    0xff, 0xff, 0xa1, 0x0, 0x0, 0x0, 0x0, 0x0,
    0x1, 0xff, 0xff, 0xff, 0xff, 0xff, 0xff, 0xd4,
    0x0, 0x0, 0x0, 0x0, 0x0, 0x0, 0x0, 0xef,
    0xff, 0xff, 0xff, 0xff, 0xb4, 0x0, 0x0, 0x0,
    0x0, 0x0, 0x0, 0x0, 0x0, 0x9f, 0xff, 0xff,
    0xea, 0x61, 0x0, 0x0, 0x0, 0x0, 0x0, 0x0,
    0x0, 0x0, 0x0, 0x5, 0x54, 0x30, 0x0, 0x0,
    0x0, 0x0, 0x0, 0x0, 0x0, 0x0, 0x0, 0x0,

    /* U+F0C4 "" */
    0x0, 0x3a, 0xee, 0xb4, 0x0, 0x0, 0x0, 0x0,
    0x0, 0x0, 0x10, 0x0, 0x7, 0xff, 0xff, 0xff,
    0x80, 0x0, 0x0, 0x0, 0x2, 0xbf, 0xfe, 0x70,
    0x4f, 0xff, 0xff, 0xff, 0xf5, 0x0, 0x0, 0x0,
    0x2e, 0xff, 0xff, 0xf7, 0xbf, 0xff, 0x98, 0xff,
    0xfd, 0x0, 0x0, 0x2, 0xef, 0xff, 0xff, 0xe2,
    0xff, 0xf8, 0x0, 0x6f, 0xff, 0x10, 0x0, 0x3e,
    0xff, 0xff, 0xfe, 0x20, 0xff, 0xf7, 0x0, 0x5f,
    0xff, 0x10, 0x3, 0xef, 0xff, 0xff, 0xe2, 0x0,
    0xcf, 0xfe, 0x54, 0xdf, 0xfe, 0x0, 0x3e, 0xff,
    0xff, 0xfe, 0x20, 0x0, 0x6f, 0xff, 0xff, 0xff,
    0xff, 0x43, 0xef, 0xff, 0xff, 0xe2, 0x0, 0x0,
    0xb, 0xff, 0xff, 0xff, 0xff, 0xff, 0xff, 0xff,
    0xfe, 0x20, 0x0, 0x0, 0x0, 0x7e, 0xff, 0xff,
    0xff, 0xff, 0xff, 0xff, 0xe2, 0x0, 0x0, 0x0,
    0x0, 0x0, 0x23, 0xdf, 0xff, 0xff, 0xff, 0xfe,
    0x30, 0x0, 0x0, 0x0, 0x0, 0x0, 0x0, 0x1d,
    0xff, 0xff, 0xff, 0xe3, 0x0, 0x0, 0x0, 0x0,
    0x0, 0x0, 0x0, 0x3e, 0xff, 0xff, 0xff, 0xf3,
    0x0, 0x0, 0x0, 0x0, 0x0, 0x2, 0x67, 0xef,
    0xff, 0xff, 0xff, 0xff, 0x30, 0x0, 0x0, 0x0,
    0x1, 0xbf, 0xff, 0xff, 0xff, 0xff, 0xff, 0xff,
    0xf3, 0x0, 0x0, 0x0, 0xd, 0xff, 0xff, 0xff,
    0xff, 0xed, 0xff, 0xff, 0xff, 0x30, 0x0, 0x0,
    0x8f, 0xff, 0xff, 0xff, 0xfe, 0x21, 0xdf, 0xff,
    0xff, 0xf3, 0x0, 0x0, 0xdf, 0xfd, 0x11, 0xcf,
    0xff, 0x0, 0x1d, 0xff, 0xff, 0xff, 0x30, 0x0,
    0xff, 0xf6, 0x0, 0x4f, 0xff, 0x10, 0x1, 0xdf,
    0xff, 0xff, 0xf3, 0x0, 0xef, 0xf9, 0x0, 0x7f,
    0xff, 0x0, 0x0, 0x1d, 0xff, 0xff, 0xff, 0x30,
    0xaf, 0xff, 0xaa, 0xff, 0xfc, 0x0, 0x0, 0x1,
    0xdf, 0xff, 0xff, 0xe3, 0x3f, 0xff, 0xff, 0xff,
    0xf4, 0x0, 0x0, 0x0, 0x1d, 0xff, 0xff, 0xf7,
    0x5, 0xff, 0xff, 0xff, 0x70, 0x0, 0x0, 0x0,
    0x1, 0x9e, 0xfd, 0x60, 0x0, 0x29, 0xcd, 0xa3,
    0x0, 0x0, 0x0, 0x0, 0x0, 0x0, 0x0, 0x0,

    /* U+F0C5 "" */
    0x0, 0x0, 0x0, 0xa, 0xdd, 0xdd, 0xdd, 0xdd,
    0xc0, 0x2b, 0x10, 0x0, 0x0, 0x0, 0x0, 0x2f,
    0xff, 0xff, 0xff, 0xff, 0xe0, 0x3f, 0xd1, 0x0,
    0x0, 0x0, 0x0, 0x3f, 0xff, 0xff, 0xff, 0xff,
    0xe0, 0x3f, 0xfd, 0x10, 0x0, 0x0, 0x0, 0x3f,
    0xff, 0xff, 0xff, 0xff, 0xe0, 0x3f, 0xff, 0xd1,
    0x0, 0x0, 0x0, 0x3f, 0xff, 0xff, 0xff, 0xff,
    0xe0, 0x3f, 0xff, 0xfb, 0x7c, 0xcc, 0xc0, 0x3f,
    0xff, 0xff, 0xff, 0xff, 0xe0, 0x3, 0x33, 0x32,
    0xff, 0xff, 0xf1, 0x3f, 0xff, 0xff, 0xff, 0xff,
    0xf3, 0x0, 0x0, 0x0, 0xff, 0xff, 0xf1, 0x3f,
    0xff, 0xff, 0xff, 0xff, 0xff, 0xff, 0xff, 0xfc,
    0xff, 0xff, 0xf1, 0x3f, 0xff, 0xff, 0xff, 0xff,
    0xff, 0xff, 0xff, 0xfd, 0xff, 0xff, 0xf1, 0x3f,
    0xff, 0xff, 0xff, 0xff, 0xff, 0xff, 0xff, 0xfd,
    0xff, 0xff, 0xf1, 0x3f, 0xff, 0xff, 0xff, 0xff,
    0xff, 0xff, 0xff, 0xfd, 0xff, 0xff, 0xf1, 0x3f,
    0xff, 0xff, 0xff, 0xff, 0xff, 0xff, 0xff, 0xfd,
    0xff, 0xff, 0xf1, 0x3f, 0xff, 0xff, 0xff, 0xff,
    0xff, 0xff, 0xff, 0xfd, 0xff, 0xff, 0xf1, 0x3f,
    0xff, 0xff, 0xff, 0xff, 0xff, 0xff, 0xff, 0xfd,
    0xff, 0xff, 0xf1, 0x3f, 0xff, 0xff, 0xff, 0xff,
    0xff, 0xff, 0xff, 0xfd, 0xff, 0xff, 0xf1, 0x3f,
    0xff, 0xff, 0xff, 0xff, 0xff, 0xff, 0xff, 0xfd,
    0xff, 0xff, 0xf1, 0x3f, 0xff, 0xff, 0xff, 0xff,
    0xff, 0xff, 0xff, 0xfd, 0xff, 0xff, 0xf1, 0x3f,
    0xff, 0xff, 0xff, 0xff, 0xff, 0xff, 0xff, 0xfd,
    0xff, 0xff, 0xf1, 0x3f, 0xff, 0xff, 0xff, 0xff,
    0xff, 0xff, 0xff, 0xfd, 0xff, 0xff, 0xf1, 0x3f,
    0xff, 0xff, 0xff, 0xff, 0xff, 0xff, 0xff, 0xfd,
    0xff, 0xff, 0xf1, 0x3f, 0xff, 0xff, 0xff, 0xff,
    0xff, 0xff, 0xff, 0xfd, 0xff, 0xff, 0xf2, 0x1f,
    0xff, 0xff, 0xff, 0xff, 0xff, 0xff, 0xff, 0xfa,
    0xff, 0xff, 0xf8, 0x1, 0x33, 0x33, 0x33, 0x33,
    0x33, 0x33, 0x33, 0x30, 0xff, 0xff, 0xff, 0x71,
    0x0, 0x0, 0x0, 0x0, 0x0, 0x0, 0x0, 0x0,
    0xff, 0xff, 0xff, 0xff, 0xff, 0xff, 0xff, 0xff,
    0xe0, 0x0, 0x0, 0x0, 0xff, 0xff, 0xff, 0xff,
    0xff, 0xff, 0xff, 0xff, 0xe0, 0x0, 0x0, 0x0,
    0xef, 0xff, 0xff, 0xff, 0xff, 0xff, 0xff, 0xff,
    0xc0, 0x0, 0x0, 0x0, 0x25, 0x66, 0x66, 0x66,
    0x66, 0x66, 0x66, 0x65, 0x10, 0x0, 0x0, 0x0,

    /* U+F0C7 "" */
    0x1a, 0xef, 0xff, 0xff, 0xff, 0xff, 0xff, 0xff,
    0xfc, 0x30, 0x0, 0x0, 0xbf, 0xff, 0xff, 0xff,
    0xff, 0xff, 0xff, 0xff, 0xff, 0xf3, 0x0, 0x0,
    0xff, 0xff, 0xff, 0xff, 0xff, 0xff, 0xff, 0xff,
    0xff, 0xff, 0x30, 0x0, 0xff, 0xfb, 0x66, 0x66,
    0x66, 0x66, 0x66, 0x66, 0xaf, 0xff, 0xf3, 0x0,
    0xff, 0xf6, 0x0, 0x0, 0x0, 0x0, 0x0, 0x0,
    0x1f, 0xff, 0xff, 0x30, 0xff, 0xf6, 0x0, 0x0,
    0x0, 0x0, 0x0, 0x0, 0x1f, 0xff, 0xff, 0xf2,
    0xff, 0xf6, 0x0, 0x0, 0x0, 0x0, 0x0, 0x0,
    0x1f, 0xff, 0xff, 0xf8, 0xff, 0xf6, 0x0, 0x0,
    0x0, 0x0, 0x0, 0x0, 0x1f, 0xff, 0xff, 0xfa,
    0xff, 0xf6, 0x0, 0x0, 0x0, 0x0, 0x0, 0x0,
    0x1f, 0xff, 0xff, 0xfa, 0xff, 0xf7, 0x0, 0x0,
    0x0, 0x0, 0x0, 0x0, 0x2f, 0xff, 0xff, 0xfa,
    0xff, 0xff, 0xff, 0xff, 0xff, 0xff, 0xff, 0xff,
    0xff, 0xff, 0xff, 0xfa, 0xff, 0xff, 0xff, 0xff,
    0xff, 0xff, 0xff, 0xff, 0xff, 0xff, 0xff, 0xfa,
    0xff, 0xff, 0xff, 0xff, 0xff, 0xff, 0xff, 0xff,
    0xff, 0xff, 0xff, 0xfa, 0xff, 0xff, 0xff, 0xff,
    0xff, 0xb7, 0x8d, 0xff, 0xff, 0xff, 0xff, 0xfa,
    0xff, 0xff, 0xff, 0xff, 0xf7, 0x0, 0x0, 0xbf,
    0xff, 0xff, 0xff, 0xfa, 0xff, 0xff, 0xff, 0xff,
    0xc0, 0x0, 0x0, 0x1f, 0xff, 0xff, 0xff, 0xfa,
    0xff, 0xff, 0xff, 0xff, 0x80, 0x0, 0x0, 0xd,
    0xff, 0xff, 0xff, 0xfa, 0xff, 0xff, 0xff, 0xff,
    0x80, 0x0, 0x0, 0xd, 0xff, 0xff, 0xff, 0xfa,
    0xff, 0xff, 0xff, 0xff, 0xc0, 0x0, 0x0, 0x2f,
    0xff, 0xff, 0xff, 0xfa, 0xff, 0xff, 0xff, 0xff,
    0xf7, 0x0, 0x0, 0xcf, 0xff, 0xff, 0xff, 0xfa,
    0xff, 0xff, 0xff, 0xff, 0xff, 0xc8, 0x8e, 0xff,
    0xff, 0xff, 0xff, 0xfa, 0xff, 0xff, 0xff, 0xff,
    0xff, 0xff, 0xff, 0xff, 0xff, 0xff, 0xff, 0xfa,
    0xaf, 0xff, 0xff, 0xff, 0xff, 0xff, 0xff, 0xff,
    0xff, 0xff, 0xff, 0xf5, 0x1a, 0xee, 0xee, 0xee,
    0xee, 0xee, 0xee, 0xee, 0xee, 0xee, 0xed, 0x70,

    /* U+F0C9 "" */
    0x7b, 0xbb, 0xbb, 0xbb, 0xbb, 0xbb, 0xbb, 0xbb,
    0xbb, 0xbb, 0xbb, 0xa3, 0xff, 0xff, 0xff, 0xff,
    0xff, 0xff, 0xff, 0xff, 0xff, 0xff, 0xff, 0xf9,
    0xff, 0xff, 0xff, 0xff, 0xff, 0xff, 0xff, 0xff,
    0xff, 0xff, 0xff, 0xfa, 0xef, 0xff, 0xff, 0xff,
    0xff, 0xff, 0xff, 0xff, 0xff, 0xff, 0xff, 0xf8,
    0x1, 0x11, 0x11, 0x11, 0x11, 0x11, 0x11, 0x11,
    0x11, 0x11, 0x11, 0x10, 0x0, 0x0, 0x0, 0x0,
    0x0, 0x0, 0x0, 0x0, 0x0, 0x0, 0x0, 0x0,
    0x0, 0x0, 0x0, 0x0, 0x0, 0x0, 0x0, 0x0,
    0x0, 0x0, 0x0, 0x0, 0x0, 0x0, 0x0, 0x0,
    0x0, 0x0, 0x0, 0x0, 0x0, 0x0, 0x0, 0x0,
    0x0, 0x0, 0x0, 0x0, 0x0, 0x0, 0x0, 0x0,
    0x0, 0x0, 0x0, 0x0, 0xdf, 0xff, 0xff, 0xff,
    0xff, 0xff, 0xff, 0xff, 0xff, 0xff, 0xff, 0xf7,
    0xff, 0xff, 0xff, 0xff, 0xff, 0xff, 0xff, 0xff,
    0xff, 0xff, 0xff, 0xfa, 0xff, 0xff, 0xff, 0xff,
    0xff, 0xff, 0xff, 0xff, 0xff, 0xff, 0xff, 0xf9,
    0x9c, 0xcc, 0xcc, 0xcc, 0xcc, 0xcc, 0xcc, 0xcc,
    0xcc, 0xcc, 0xcc, 0xc4, 0x0, 0x0, 0x0, 0x0,
    0x0, 0x0, 0x0, 0x0, 0x0, 0x0, 0x0, 0x0,
    0x0, 0x0, 0x0, 0x0, 0x0, 0x0, 0x0, 0x0,
    0x0, 0x0, 0x0, 0x0, 0x0, 0x0, 0x0, 0x0,
    0x0, 0x0, 0x0, 0x0, 0x0, 0x0, 0x0, 0x0,
    0x0, 0x0, 0x0, 0x0, 0x0, 0x0, 0x0, 0x0,
    0x0, 0x0, 0x0, 0x0, 0x9c, 0xcc, 0xcc, 0xcc,
    0xcc, 0xcc, 0xcc, 0xcc, 0xcc, 0xcc, 0xcc, 0xc4,
    0xff, 0xff, 0xff, 0xff, 0xff, 0xff, 0xff, 0xff,
    0xff, 0xff, 0xff, 0xf9, 0xff, 0xff, 0xff, 0xff,
    0xff, 0xff, 0xff, 0xff, 0xff, 0xff, 0xff, 0xfa,
    0xdf, 0xff, 0xff, 0xff, 0xff, 0xff, 0xff, 0xff,
    0xff, 0xff, 0xff, 0xf7, 0x0, 0x0, 0x0, 0x0,
    0x0, 0x0, 0x0, 0x0, 0x0, 0x0, 0x0, 0x0,

    /* U+F0E0 "" */
    0x3, 0x67, 0x77, 0x77, 0x77, 0x77, 0x77, 0x77,
    0x77, 0x77, 0x77, 0x77, 0x63, 0x6, 0xff, 0xff,
    0xff, 0xff, 0xff, 0xff, 0xff, 0xff, 0xff, 0xff,
    0xff, 0xff, 0xf6, 0xef, 0xff, 0xff, 0xff, 0xff,
    0xff, 0xff, 0xff, 0xff, 0xff, 0xff, 0xff, 0xff,
    0xef, 0xff, 0xff, 0xff, 0xff, 0xff, 0xff, 0xff,
    0xff, 0xff, 0xff, 0xff, 0xff, 0xff, 0xef, 0xff,
    0xff, 0xff, 0xff, 0xff, 0xff, 0xff, 0xff, 0xff,
    0xff, 0xff, 0xff, 0xd2, 0xdf, 0xff, 0xff, 0xff,
    0xff, 0xff, 0xff, 0xff, 0xff, 0xff, 0xff, 0xff,
    0xd2, 0x0, 0x9f, 0xff, 0xff, 0xff, 0xff, 0xff,
    0xff, 0xff, 0xff, 0xff, 0xff, 0x90, 0xa, 0x10,
    0x5f, 0xff, 0xff, 0xff, 0xff, 0xff, 0xff, 0xff,
    0xff, 0xff, 0x50, 0x7, 0xfe, 0x40, 0x2c, 0xff,
    0xff, 0xff, 0xff, 0xff, 0xff, 0xff, 0xfd, 0x20,
    0x2c, 0xff, 0xff, 0x80, 0x9, 0xff, 0xff, 0xff,
    0xff, 0xff, 0xff, 0xf9, 0x0, 0x5f, 0xff, 0xff,
    0xff, 0xb1, 0x5, 0xef, 0xff, 0xff, 0xff, 0xff,
    0xe5, 0x0, 0x9f, 0xff, 0xff, 0xff, 0xff, 0xe4,
    0x1, 0xcf, 0xff, 0xff, 0xff, 0xc1, 0x2, 0xdf,
    0xff, 0xff, 0xff, 0xff, 0xff, 0xf8, 0x0, 0x8f,
    0xff, 0xff, 0x70, 0x6, 0xff, 0xff, 0xff, 0xff,
    0xff, 0xff, 0xff, 0xfb, 0x10, 0x3c, 0xfc, 0x30,
    0xa, 0xff, 0xff, 0xff, 0xff, 0xff, 0xff, 0xff,
    0xff, 0xfe, 0x30, 0x0, 0x0, 0x3d, 0xff, 0xff,
    0xff, 0xff, 0xff, 0xff, 0xff, 0xff, 0xff, 0xff,
    0xa3, 0x13, 0x9f, 0xff, 0xff, 0xff, 0xff, 0xff,
    0xff, 0xff, 0xff, 0xff, 0xff, 0xff, 0xff, 0xff,
    0xff, 0xff, 0xff, 0xff, 0xff, 0xff, 0xff, 0xff,
    0xff, 0xff, 0xff, 0xff, 0xff, 0xff, 0xff, 0xff,
    0xff, 0xff, 0xff, 0xff, 0xff, 0xff, 0xff, 0xff,
    0xff, 0xff, 0xff, 0xff, 0xff, 0xff, 0xff, 0xff,
    0xfb, 0xff, 0xff, 0xff, 0xff, 0xff, 0xff, 0xff,
    0xff, 0xff, 0xff, 0xff, 0xff, 0xfb, 0x1b, 0xff,
    0xff, 0xff, 0xff, 0xff, 0xff, 0xff, 0xff, 0xff,
    0xff, 0xff, 0xfb, 0x10,

    /* U+F0E7 "" */
    0x0, 0xb, 0xdd, 0xdd, 0xdd, 0xdd, 0x50, 0x0,
    0x0, 0x0, 0x5, 0xff, 0xff, 0xff, 0xff, 0xfc,
    0x0, 0x0, 0x0, 0x0, 0x7f, 0xff, 0xff, 0xff,
    0xff, 0x80, 0x0, 0x0, 0x0, 0x9, 0xff, 0xff,
    0xff, 0xff, 0xf3, 0x0, 0x0, 0x0, 0x0, 0xbf,
    0xff, 0xff, 0xff, 0xfd, 0x0, 0x0, 0x0, 0x0,
    0xe, 0xff, 0xff, 0xff, 0xff, 0x80, 0x0, 0x0,
    0x0, 0x0, 0xff, 0xff, 0xff, 0xff, 0xf3, 0x0,
    0x0, 0x0, 0x0, 0x2f, 0xff, 0xff, 0xff, 0xfe,
    0x0, 0x0, 0x0, 0x0, 0x4, 0xff, 0xff, 0xff,
    0xff, 0xc6, 0x66, 0x66, 0x61, 0x0, 0x6f, 0xff,
    0xff, 0xff, 0xff, 0xff, 0xff, 0xff, 0xc0, 0x8,
    0xff, 0xff, 0xff, 0xff, 0xff, 0xff, 0xff, 0xfa,
    0x0, 0xaf, 0xff, 0xff, 0xff, 0xff, 0xff, 0xff,
    0xff, 0x20, 0xd, 0xff, 0xff, 0xff, 0xff, 0xff,
    0xff, 0xff, 0x80, 0x0, 0xff, 0xff, 0xff, 0xff,
    0xff, 0xff, 0xff, 0xe0, 0x0, 0xd, 0xff, 0xff,
    0xff, 0xff, 0xff, 0xff, 0xf6, 0x0, 0x0, 0x15,
    0x55, 0x55, 0x5b, 0xff, 0xff, 0xfc, 0x0, 0x0,
    0x0, 0x0, 0x0, 0x0, 0xbf, 0xff, 0xff, 0x30,
    0x0, 0x0, 0x0, 0x0, 0x0, 0xf, 0xff, 0xff,
    0xa0, 0x0, 0x0, 0x0, 0x0, 0x0, 0x3, 0xff,
    0xff, 0xf1, 0x0, 0x0, 0x0, 0x0, 0x0, 0x0,
    0x7f, 0xff, 0xf8, 0x0, 0x0, 0x0, 0x0, 0x0,
    0x0, 0xa, 0xff, 0xfe, 0x0, 0x0, 0x0, 0x0,
    0x0, 0x0, 0x0, 0xef, 0xff, 0x50, 0x0, 0x0,
    0x0, 0x0, 0x0, 0x0, 0x2f, 0xff, 0xc0, 0x0,
    0x0, 0x0, 0x0, 0x0, 0x0, 0x6, 0xff, 0xf3,
    0x0, 0x0, 0x0, 0x0, 0x0, 0x0, 0x0, 0xaf,
    0xf9, 0x0, 0x0, 0x0, 0x0, 0x0, 0x0, 0x0,
    0xd, 0xff, 0x10, 0x0, 0x0, 0x0, 0x0, 0x0,
    0x0, 0x0, 0xbf, 0x60, 0x0, 0x0, 0x0, 0x0,
    0x0, 0x0, 0x0, 0x0, 0x10, 0x0, 0x0, 0x0,
    0x0, 0x0,

    /* U+F0EA "" */
    0x0, 0x0, 0x0, 0x3b, 0xda, 0x30, 0x0, 0x0,
    0x0, 0x0, 0x0, 0x0, 0x2, 0x22, 0x24, 0xff,
    0xff, 0xf4, 0x22, 0x22, 0x0, 0x0, 0x0, 0x0,
    0xcf, 0xff, 0xff, 0xfb, 0x5c, 0xff, 0xff, 0xff,
    0xa0, 0x0, 0x0, 0x0, 0xff, 0xff, 0xff, 0xf3,
    0x4, 0xff, 0xff, 0xff, 0xe0, 0x0, 0x0, 0x0,
    0xff, 0xff, 0xff, 0xf8, 0x9, 0xff, 0xff, 0xff,
    0xe0, 0x0, 0x0, 0x0, 0xff, 0xff, 0xff, 0xff,
    0xff, 0xff, 0xff, 0xff, 0xe0, 0x0, 0x0, 0x0,
    0xff, 0xff, 0xff, 0xff, 0xff, 0xff, 0xff, 0xff,
    0xe0, 0x0, 0x0, 0x0, 0xff, 0xff, 0xff, 0xff,
    0x72, 0x22, 0x22, 0x22, 0x10, 0x0, 0x0, 0x0,
    0xff, 0xff, 0xff, 0xf4, 0x0, 0x11, 0x11, 0x11,
    0x10, 0x0, 0x0, 0x0, 0xff, 0xff, 0xff, 0xd0,
    0x4f, 0xff, 0xff, 0xff, 0xe0, 0x3f, 0x40, 0x0,
    0xff, 0xff, 0xff, 0xc0, 0x8f, 0xff, 0xff, 0xff,
    0xe0, 0x3f, 0xf4, 0x0, 0xff, 0xff, 0xff, 0xc0,
    0x8f, 0xff, 0xff, 0xff, 0xe0, 0x3f, 0xff, 0x40,
    0xff, 0xff, 0xff, 0xc0, 0x8f, 0xff, 0xff, 0xff,
    0xe0, 0x3f, 0xff, 0xf4, 0xff, 0xff, 0xff, 0xc0,
    0x8f, 0xff, 0xff, 0xff, 0xe0, 0x3f, 0xff, 0xfc,
    0xff, 0xff, 0xff, 0xc0, 0x8f, 0xff, 0xff, 0xff,
    0xf0, 0x0, 0x0, 0x0, 0xff, 0xff, 0xff, 0xc0,
    0x8f, 0xff, 0xff, 0xff, 0xfd, 0xaa, 0xaa, 0xa8,
    0xff, 0xff, 0xff, 0xc0, 0x8f, 0xff, 0xff, 0xff,
    0xff, 0xff, 0xff, 0xfd, 0xff, 0xff, 0xff, 0xc0,
    0x8f, 0xff, 0xff, 0xff, 0xff, 0xff, 0xff, 0xfd,
    0xff, 0xff, 0xff, 0xc0, 0x8f, 0xff, 0xff, 0xff,
    0xff, 0xff, 0xff, 0xfd, 0xff, 0xff, 0xff, 0xc0,
    0x8f, 0xff, 0xff, 0xff, 0xff, 0xff, 0xff, 0xfd,
    0xff, 0xff, 0xff, 0xc0, 0x8f, 0xff, 0xff, 0xff,
    0xff, 0xff, 0xff, 0xfd, 0xbf, 0xff, 0xff, 0xc0,
    0x8f, 0xff, 0xff, 0xff, 0xff, 0xff, 0xff, 0xfd,
    0x1, 0x11, 0x11, 0x10, 0x8f, 0xff, 0xff, 0xff,
    0xff, 0xff, 0xff, 0xfd, 0x0, 0x0, 0x0, 0x0,
    0x8f, 0xff, 0xff, 0xff, 0xff, 0xff, 0xff, 0xfd,
    0x0, 0x0, 0x0, 0x0, 0x8f, 0xff, 0xff, 0xff,
    0xff, 0xff, 0xff, 0xfd, 0x0, 0x0, 0x0, 0x0,
    0x8f, 0xff, 0xff, 0xff, 0xff, 0xff, 0xff, 0xfd,
    0x0, 0x0, 0x0, 0x0, 0x4f, 0xff, 0xff, 0xff,
    0xff, 0xff, 0xff, 0xf9, 0x0, 0x0, 0x0, 0x0,
    0x1, 0x22, 0x22, 0x22, 0x22, 0x22, 0x22, 0x20,

    /* U+F0F3 "" */
    0x0, 0x0, 0x0, 0x0, 0x0, 0x3c, 0xa0, 0x0,
    0x0, 0x0, 0x0, 0x0, 0x0, 0x0, 0x0, 0x0,
    0x0, 0xcf, 0xf6, 0x0, 0x0, 0x0, 0x0, 0x0,
    0x0, 0x0, 0x0, 0x0, 0x0, 0xef, 0xf8, 0x0,
    0x0, 0x0, 0x0, 0x0, 0x0, 0x0, 0x0, 0x1,
    0x8d, 0xff, 0xff, 0xb6, 0x0, 0x0, 0x0, 0x0,
    0x0, 0x0, 0x0, 0x5f, 0xff, 0xff, 0xff, 0xff,
    0xc2, 0x0, 0x0, 0x0, 0x0, 0x0, 0x6, 0xff,
    0xff, 0xff, 0xff, 0xff, 0xfe, 0x20, 0x0, 0x0,
    0x0, 0x0, 0x3f, 0xff, 0xff, 0xff, 0xff, 0xff,
    0xff, 0xc0, 0x0, 0x0, 0x0, 0x0, 0xcf, 0xff,
    0xff, 0xff, 0xff, 0xff, 0xff, 0xf6, 0x0, 0x0,
    0x0, 0x3, 0xff, 0xff, 0xff, 0xff, 0xff, 0xff,
    0xff, 0xfc, 0x0, 0x0, 0x0, 0x7, 0xff, 0xff,
    0xff, 0xff, 0xff, 0xff, 0xff, 0xff, 0x10, 0x0,
    0x0, 0x9, 0xff, 0xff, 0xff, 0xff, 0xff, 0xff,
    0xff, 0xff, 0x20, 0x0, 0x0, 0xa, 0xff, 0xff,
    0xff, 0xff, 0xff, 0xff, 0xff, 0xff, 0x40, 0x0,
    0x0, 0xb, 0xff, 0xff, 0xff, 0xff, 0xff, 0xff,
    0xff, 0xff, 0x50, 0x0, 0x0, 0xc, 0xff, 0xff,
    0xff, 0xff, 0xff, 0xff, 0xff, 0xff, 0x60, 0x0,
    0x0, 0xf, 0xff, 0xff, 0xff, 0xff, 0xff, 0xff,
    0xff, 0xff, 0xa0, 0x0, 0x0, 0x3f, 0xff, 0xff,
    0xff, 0xff, 0xff, 0xff, 0xff, 0xff, 0xd0, 0x0,
    0x0, 0x9f, 0xff, 0xff, 0xff, 0xff, 0xff, 0xff,
    0xff, 0xff, 0xf3, 0x0, 0x1, 0xff, 0xff, 0xff,
    0xff, 0xff, 0xff, 0xff, 0xff, 0xff, 0xfb, 0x0,
    0xc, 0xff, 0xff, 0xff, 0xff, 0xff, 0xff, 0xff,
    0xff, 0xff, 0xff, 0x70, 0xaf, 0xff, 0xff, 0xff,
    0xff, 0xff, 0xff, 0xff, 0xff, 0xff, 0xff, 0xf4,
    0xff, 0xff, 0xff, 0xff, 0xff, 0xff, 0xff, 0xff,
    0xff, 0xff, 0xff, 0xf9, 0x8f, 0xff, 0xff, 0xff,
    0xff, 0xff, 0xff, 0xff, 0xff, 0xff, 0xff, 0xe3,
    0x0, 0x11, 0x11, 0x11, 0x11, 0x11, 0x11, 0x11,
    0x11, 0x11, 0x11, 0x0, 0x0, 0x0, 0x0, 0x0,
    0x0, 0x0, 0x0, 0x0, 0x0, 0x0, 0x0, 0x0,
    0x0, 0x0, 0x0, 0x0, 0x7f, 0xff, 0xff, 0xf1,
    0x0, 0x0, 0x0, 0x0, 0x0, 0x0, 0x0, 0x0,
    0x2f, 0xff, 0xff, 0xc0, 0x0, 0x0, 0x0, 0x0,
    0x0, 0x0, 0x0, 0x0, 0x6, 0xff, 0xfd, 0x20,
    0x0, 0x0, 0x0, 0x0, 0x0, 0x0, 0x0, 0x0,
    0x0, 0x14, 0x30, 0x0, 0x0, 0x0, 0x0, 0x0,

    /* U+F11C "" */
    0x0, 0x34, 0x44, 0x44, 0x44, 0x44, 0x44, 0x44,
    0x44, 0x44, 0x44, 0x44, 0x44, 0x43, 0x10, 0x4,
    0xef, 0xff, 0xff, 0xff, 0xff, 0xff, 0xff, 0xff,
    0xff, 0xff, 0xff, 0xff, 0xff, 0xff, 0x80, 0xdf,
    0xff, 0xff, 0xff, 0xff, 0xff, 0xff, 0xff, 0xff,
    0xff, 0xff, 0xff, 0xff, 0xff, 0xff, 0x3f, 0xff,
    0xff, 0xff, 0xff, 0xff, 0xff, 0xff, 0xff, 0xff,
    0xff, 0xff, 0xff, 0xff, 0xff, 0xf5, 0xff, 0xf8,
    0x22, 0x4f, 0xb2, 0x24, 0xfb, 0x22, 0x4f, 0xb2,
    0x24, 0xfc, 0x22, 0x3f, 0xff, 0x6f, 0xff, 0x60,
    0x1, 0xf9, 0x0, 0x1f, 0x90, 0x1, 0xf9, 0x0,
    0x1f, 0xa0, 0x0, 0xff, 0xf6, 0xff, 0xf6, 0x0,
    0x1f, 0x90, 0x1, 0xf9, 0x0, 0x1f, 0x90, 0x1,
    0xfa, 0x0, 0xf, 0xff, 0x6f, 0xff, 0xda, 0xac,
    0xfe, 0xaa, 0xcf, 0xea, 0xac, 0xfe, 0xaa, 0xbf,
    0xfa, 0xab, 0xff, 0xf6, 0xff, 0xff, 0xff, 0xff,
    0xff, 0xff, 0xff, 0xff, 0xff, 0xff, 0xff, 0xff,
    0xff, 0xff, 0xff, 0x6f, 0xff, 0xff, 0xf1, 0x0,
    0xaf, 0x30, 0xa, 0xf3, 0x0, 0xaf, 0x30, 0xa,
    0xff, 0xff, 0xf6, 0xff, 0xff, 0xfe, 0x0, 0x9,
    0xf1, 0x0, 0x9f, 0x10, 0x9, 0xf1, 0x0, 0x8f,
    0xff, 0xff, 0x6f, 0xff, 0xff, 0xe0, 0x0, 0x9f,
    0x10, 0x9, 0xf1, 0x0, 0x9f, 0x10, 0x8, 0xff,
    0xff, 0xf6, 0xff, 0xff, 0xff, 0xba, 0xae, 0xfc,
    0xaa, 0xef, 0xca, 0xae, 0xfc, 0xaa, 0xef, 0xff,
    0xff, 0x6f, 0xff, 0xff, 0xff, 0xff, 0xff, 0xff,
    0xff, 0xff, 0xff, 0xff, 0xff, 0xff, 0xff, 0xff,
    0xf6, 0xff, 0xf8, 0x0, 0x3f, 0xb0, 0x0, 0x0,
    0x0, 0x0, 0x0, 0x3, 0xfb, 0x0, 0x2f, 0xff,
    0x6f, 0xff, 0x60, 0x1, 0xf9, 0x0, 0x0, 0x0,
    0x0, 0x0, 0x0, 0x1f, 0xa0, 0x0, 0xff, 0xf6,
    0xff, 0xf6, 0x0, 0x1f, 0x90, 0x0, 0x0, 0x0,
    0x0, 0x0, 0x1, 0xfa, 0x0, 0xf, 0xff, 0x6f,
    0xff, 0xb6, 0x68, 0xfd, 0x66, 0x66, 0x66, 0x66,
    0x66, 0x66, 0x8f, 0xd6, 0x67, 0xff, 0xf6, 0xff,
    0xff, 0xff, 0xff, 0xff, 0xff, 0xff, 0xff, 0xff,
    0xff, 0xff, 0xff, 0xff, 0xff, 0xff, 0x5b, 0xff,
    0xff, 0xff, 0xff, 0xff, 0xff, 0xff, 0xff, 0xff,
    0xff, 0xff, 0xff, 0xff, 0xff, 0xf2, 0x1b, 0xff,
    0xff, 0xff, 0xff, 0xff, 0xff, 0xff, 0xff, 0xff,
    0xff, 0xff, 0xff, 0xff, 0xd5, 0x0,

    /* U+F124 "" */
    0x0, 0x0, 0x0, 0x0, 0x0, 0x0, 0x0, 0x0,
    0x0, 0x0, 0x0, 0x0, 0x0, 0x0, 0x0, 0x0,
    0x0, 0x0, 0x0, 0x0, 0x0, 0x0, 0x0, 0x0,
    0x0, 0x0, 0x6, 0x94, 0x0, 0x0, 0x0, 0x0,
    0x0, 0x0, 0x0, 0x0, 0x0, 0x0, 0x0, 0x1,
    0x8e, 0xff, 0xf6, 0x0, 0x0, 0x0, 0x0, 0x0,
    0x0, 0x0, 0x0, 0x0, 0x0, 0x29, 0xff, 0xff,
    0xff, 0xe0, 0x0, 0x0, 0x0, 0x0, 0x0, 0x0,
    0x0, 0x0, 0x3, 0xaf, 0xff, 0xff, 0xff, 0xfe,
    0x0, 0x0, 0x0, 0x0, 0x0, 0x0, 0x0, 0x0,
    0x4c, 0xff, 0xff, 0xff, 0xff, 0xff, 0x80, 0x0,
    0x0, 0x0, 0x0, 0x0, 0x0, 0x6, 0xdf, 0xff,
    0xff, 0xff, 0xff, 0xff, 0xf1, 0x0, 0x0, 0x0,
    0x0, 0x0, 0x0, 0x7e, 0xff, 0xff, 0xff, 0xff,
    0xff, 0xff, 0xf9, 0x0, 0x0, 0x0, 0x0, 0x0,
    0x18, 0xff, 0xff, 0xff, 0xff, 0xff, 0xff, 0xff,
    0xff, 0x20, 0x0, 0x0, 0x0, 0x2, 0xaf, 0xff,
    0xff, 0xff, 0xff, 0xff, 0xff, 0xff, 0xff, 0xa0,
    0x0, 0x0, 0x0, 0x3b, 0xff, 0xff, 0xff, 0xff,
    0xff, 0xff, 0xff, 0xff, 0xff, 0xf3, 0x0, 0x0,
    0x4, 0xcf, 0xff, 0xff, 0xff, 0xff, 0xff, 0xff,
    0xff, 0xff, 0xff, 0xfc, 0x0, 0x0, 0x7, 0xff,
    0xff, 0xff, 0xff, 0xff, 0xff, 0xff, 0xff, 0xff,
    0xff, 0xff, 0x40, 0x0, 0x0, 0xef, 0xff, 0xff,
    0xff, 0xff, 0xff, 0xff, 0xff, 0xff, 0xff, 0xff,
    0xd0, 0x0, 0x0, 0xe, 0xff, 0xff, 0xff, 0xff,
    0xff, 0xff, 0xff, 0xff, 0xff, 0xff, 0xf6, 0x0,
    0x0, 0x0, 0x7f, 0xff, 0xff, 0xff, 0xff, 0xff,
    0xff, 0xff, 0xff, 0xff, 0xfe, 0x0, 0x0, 0x0,
    0x0, 0x48, 0x99, 0x99, 0x99, 0x99, 0xaf, 0xff,
    0xff, 0xff, 0xff, 0x70, 0x0, 0x0, 0x0, 0x0,
    0x0, 0x0, 0x0, 0x0, 0x3, 0xff, 0xff, 0xff,
    0xff, 0xf1, 0x0, 0x0, 0x0, 0x0, 0x0, 0x0,
    0x0, 0x0, 0x0, 0x3f, 0xff, 0xff, 0xff, 0xf8,
    0x0, 0x0, 0x0, 0x0, 0x0, 0x0, 0x0, 0x0,
    0x0, 0x3, 0xff, 0xff, 0xff, 0xff, 0x10, 0x0,
    0x0, 0x0, 0x0, 0x0, 0x0, 0x0, 0x0, 0x0,
    0x3f, 0xff, 0xff, 0xff, 0xa0, 0x0, 0x0, 0x0,
    0x0, 0x0, 0x0, 0x0, 0x0, 0x0, 0x3, 0xff,
    0xff, 0xff, 0xf2, 0x0, 0x0, 0x0, 0x0, 0x0,
    0x0, 0x0, 0x0, 0x0, 0x0, 0x3f, 0xff, 0xff,
    0xfb, 0x0, 0x0, 0x0, 0x0, 0x0, 0x0, 0x0,
    0x0, 0x0, 0x0, 0x3, 0xff, 0xff, 0xff, 0x40,
    0x0, 0x0, 0x0, 0x0, 0x0, 0x0, 0x0, 0x0,
    0x0, 0x0, 0x3f, 0xff, 0xff, 0xc0, 0x0, 0x0,
    0x0, 0x0, 0x0, 0x0, 0x0, 0x0, 0x0, 0x0,
    0x2, 0xff, 0xff, 0xf5, 0x0, 0x0, 0x0, 0x0,
    0x0, 0x0, 0x0, 0x0, 0x0, 0x0, 0x0, 0x1f,
    0xff, 0xfd, 0x0, 0x0, 0x0, 0x0, 0x0, 0x0,
    0x0, 0x0, 0x0, 0x0, 0x0, 0x0, 0x7f, 0xff,
    0x40, 0x0, 0x0, 0x0, 0x0, 0x0, 0x0, 0x0,
    0x0, 0x0, 0x0, 0x0, 0x0, 0x35, 0x10, 0x0,
    0x0, 0x0, 0x0, 0x0, 0x0,

    /* U+F15B "" */
    0x5b, 0xbb, 0xbb, 0xbb, 0xbb, 0xb9, 0x7, 0x50,
    0x0, 0x0, 0xf, 0xff, 0xff, 0xff, 0xff, 0xff,
    0xd0, 0xaf, 0x60, 0x0, 0x0, 0xff, 0xff, 0xff,
    0xff, 0xff, 0xfd, 0xa, 0xff, 0x60, 0x0, 0xf,
    0xff, 0xff, 0xff, 0xff, 0xff, 0xd0, 0xaf, 0xff,
    0x60, 0x0, 0xff, 0xff, 0xff, 0xff, 0xff, 0xfd,
    0xa, 0xff, 0xff, 0x60, 0xf, 0xff, 0xff, 0xff,
    0xff, 0xff, 0xd0, 0xaf, 0xff, 0xff, 0x60, 0xff,
    0xff, 0xff, 0xff, 0xff, 0xfd, 0xa, 0xff, 0xff,
    0xff, 0xf, 0xff, 0xff, 0xff, 0xff, 0xff, 0xd0,
    0x0, 0x0, 0x0, 0x0, 0xff, 0xff, 0xff, 0xff,
    0xff, 0xff, 0x30, 0x0, 0x0, 0x0, 0xf, 0xff,
    0xff, 0xff, 0xff, 0xff, 0xff, 0xff, 0xff, 0xff,
    0xf1, 0xff, 0xff, 0xff, 0xff, 0xff, 0xff, 0xff,
    0xff, 0xff, 0xff, 0x1f, 0xff, 0xff, 0xff, 0xff,
    0xff, 0xff, 0xff, 0xff, 0xff, 0xf1, 0xff, 0xff,
    0xff, 0xff, 0xff, 0xff, 0xff, 0xff, 0xff, 0xff,
    0x1f, 0xff, 0xff, 0xff, 0xff, 0xff, 0xff, 0xff,
    0xff, 0xff, 0xf1, 0xff, 0xff, 0xff, 0xff, 0xff,
    0xff, 0xff, 0xff, 0xff, 0xff, 0x1f, 0xff, 0xff,
    0xff, 0xff, 0xff, 0xff, 0xff, 0xff, 0xff, 0xf1,
    0xff, 0xff, 0xff, 0xff, 0xff, 0xff, 0xff, 0xff,
    0xff, 0xff, 0x1f, 0xff, 0xff, 0xff, 0xff, 0xff,
    0xff, 0xff, 0xff, 0xff, 0xf1, 0xff, 0xff, 0xff,
    0xff, 0xff, 0xff, 0xff, 0xff, 0xff, 0xff, 0x1f,
    0xff, 0xff, 0xff, 0xff, 0xff, 0xff, 0xff, 0xff,
    0xff, 0xf1, 0xff, 0xff, 0xff, 0xff, 0xff, 0xff,
    0xff, 0xff, 0xff, 0xff, 0x1f, 0xff, 0xff, 0xff,
    0xff, 0xff, 0xff, 0xff, 0xff, 0xff, 0xf1, 0xff,
    0xff, 0xff, 0xff, 0xff, 0xff, 0xff, 0xff, 0xff,
    0xff, 0x1f, 0xff, 0xff, 0xff, 0xff, 0xff, 0xff,
    0xff, 0xff, 0xff, 0xf1, 0xff, 0xff, 0xff, 0xff,
    0xff, 0xff, 0xff, 0xff, 0xff, 0xff, 0x1f, 0xff,
    0xff, 0xff, 0xff, 0xff, 0xff, 0xff, 0xff, 0xff,
    0xf1, 0xef, 0xff, 0xff, 0xff, 0xff, 0xff, 0xff,
    0xff, 0xff, 0xff, 0x3, 0x88, 0x88, 0x88, 0x88,
    0x88, 0x88, 0x88, 0x88, 0x88, 0x40,

    /* U+F1EB "" */
    0x0, 0x0, 0x0, 0x0, 0x0, 0x0, 0x0, 0x0,
    0x0, 0x0, 0x0, 0x0, 0x0, 0x0, 0x0, 0x0,
    0x0, 0x0, 0x0, 0x0, 0x0, 0x0, 0x3, 0x69,
    0xab, 0xcc, 0xba, 0x85, 0x20, 0x0, 0x0, 0x0,
    0x0, 0x0, 0x0, 0x0, 0x0, 0x0, 0x5a, 0xff,
    0xff, 0xff, 0xff, 0xff, 0xff, 0xfe, 0x93, 0x0,
    0x0, 0x0, 0x0, 0x0, 0x0, 0x1, 0x7e, 0xff,
    0xff, 0xff, 0xff, 0xff, 0xff, 0xff, 0xff, 0xff,
    0xd5, 0x0, 0x0, 0x0, 0x0, 0x0, 0x6f, 0xff,
    0xff, 0xff, 0xff, 0xff, 0xff, 0xff, 0xff, 0xff,
    0xff, 0xff, 0xd4, 0x0, 0x0, 0x0, 0x2c, 0xff,
    0xff, 0xff, 0xff, 0xeb, 0x97, 0x77, 0x79, 0xbe,
    0xff, 0xff, 0xff, 0xff, 0xa1, 0x0, 0x5, 0xff,
    0xff, 0xff, 0xfc, 0x61, 0x0, 0x0, 0x0, 0x0,
    0x0, 0x28, 0xdf, 0xff, 0xff, 0xfd, 0x20, 0x7f,
    0xff, 0xff, 0xfa, 0x30, 0x0, 0x0, 0x0, 0x0,
    0x0, 0x0, 0x0, 0x4, 0xdf, 0xff, 0xff, 0xf4,
    0xef, 0xff, 0xfd, 0x30, 0x0, 0x0, 0x0, 0x0,
    0x0, 0x0, 0x0, 0x0, 0x0, 0x6, 0xff, 0xff,
    0xfa, 0x3e, 0xff, 0xa0, 0x0, 0x0, 0x0, 0x0,
    0x23, 0x54, 0x32, 0x0, 0x0, 0x0, 0x0, 0x2c,
    0xff, 0xc1, 0x3, 0xe7, 0x0, 0x0, 0x0, 0x17,
    0xbf, 0xff, 0xff, 0xff, 0xea, 0x50, 0x0, 0x0,
    0x0, 0xac, 0x10, 0x0, 0x0, 0x0, 0x0, 0x19,
    0xff, 0xff, 0xff, 0xff, 0xff, 0xff, 0xfe, 0x70,
    0x0, 0x0, 0x0, 0x0, 0x0, 0x0, 0x0, 0x5,
    0xff, 0xff, 0xff, 0xff, 0xff, 0xff, 0xff, 0xff,
    0xfd, 0x20, 0x0, 0x0, 0x0, 0x0, 0x0, 0x0,
    0x9f, 0xff, 0xff, 0xff, 0xff, 0xee, 0xff, 0xff,
    0xff, 0xff, 0xf5, 0x0, 0x0, 0x0, 0x0, 0x0,
    0x0, 0xff, 0xff, 0xff, 0xa5, 0x10, 0x0, 0x2,
    0x6c, 0xff, 0xff, 0xfb, 0x0, 0x0, 0x0, 0x0,
    0x0, 0x0, 0x4f, 0xff, 0xb2, 0x0, 0x0, 0x0,
    0x0, 0x0, 0x4d, 0xff, 0xd1, 0x0, 0x0, 0x0,
    0x0, 0x0, 0x0, 0x4, 0xe6, 0x0, 0x0, 0x0,
    0x0, 0x0, 0x0, 0x0, 0x9d, 0x10, 0x0, 0x0,
    0x0, 0x0, 0x0, 0x0, 0x0, 0x0, 0x0, 0x0,
    0x0, 0x0, 0x0, 0x0, 0x0, 0x0, 0x0, 0x0,
    0x0, 0x0, 0x0, 0x0, 0x0, 0x0, 0x0, 0x0,
    0x0, 0x2b, 0xff, 0x90, 0x0, 0x0, 0x0, 0x0,
    0x0, 0x0, 0x0, 0x0, 0x0, 0x0, 0x0, 0x0,
    0x0, 0x0, 0xdf, 0xff, 0xfa, 0x0, 0x0, 0x0,
    0x0, 0x0, 0x0, 0x0, 0x0, 0x0, 0x0, 0x0,
    0x0, 0x0, 0x5, 0xff, 0xff, 0xff, 0x10, 0x0,
    0x0, 0x0, 0x0, 0x0, 0x0, 0x0, 0x0, 0x0,
    0x0, 0x0, 0x0, 0x7, 0xff, 0xff, 0xff, 0x30,
    0x0, 0x0, 0x0, 0x0, 0x0, 0x0, 0x0, 0x0,
    0x0, 0x0, 0x0, 0x0, 0x3, 0xff, 0xff, 0xff,
    0x0, 0x0, 0x0, 0x0, 0x0, 0x0, 0x0, 0x0,
    0x0, 0x0, 0x0, 0x0, 0x0, 0x0, 0xaf, 0xff,
    0xf6, 0x0, 0x0, 0x0, 0x0, 0x0, 0x0, 0x0,
    0x0, 0x0, 0x0, 0x0, 0x0, 0x0, 0x0, 0x5,
    0x99, 0x30, 0x0, 0x0, 0x0, 0x0, 0x0, 0x0,
    0x0,

    /* U+F240 "" */
    0x2, 0x66, 0x66, 0x66, 0x66, 0x66, 0x66, 0x66,
    0x66, 0x66, 0x66, 0x66, 0x66, 0x66, 0x66, 0x30,
    0x0, 0x5f, 0xff, 0xff, 0xff, 0xff, 0xff, 0xff,
    0xff, 0xff, 0xff, 0xff, 0xff, 0xff, 0xff, 0xff,
    0xf9, 0x0, 0xef, 0xff, 0xff, 0xff, 0xff, 0xff,
    0xff, 0xff, 0xff, 0xff, 0xff, 0xff, 0xff, 0xff,
    0xff, 0xff, 0x10, 0xff, 0xff, 0xff, 0xff, 0xff,
    0xff, 0xff, 0xff, 0xff, 0xff, 0xff, 0xff, 0xff,
    0xff, 0xff, 0xff, 0x40, 0xff, 0xf6, 0x0, 0x0,
    0x0, 0x0, 0x0, 0x0, 0x0, 0x0, 0x0, 0x0,
    0x0, 0x0, 0x2f, 0xff, 0xf9, 0xff, 0xf6, 0xa,
    0xbb, 0xbb, 0xbb, 0xbb, 0xbb, 0xbb, 0xbb, 0xbb,
    0xbb, 0xbb, 0xb0, 0x2f, 0xff, 0xfe, 0xff, 0xf6,
    0xf, 0xff, 0xff, 0xff, 0xff, 0xff, 0xff, 0xff,
    0xff, 0xff, 0xff, 0xf0, 0x2f, 0xff, 0xfe, 0xff,
    0xf6, 0xf, 0xff, 0xff, 0xff, 0xff, 0xff, 0xff,
    0xff, 0xff, 0xff, 0xff, 0xf0, 0x5, 0xaf, 0xfe,
    0xff, 0xf6, 0xf, 0xff, 0xff, 0xff, 0xff, 0xff,
    0xff, 0xff, 0xff, 0xff, 0xff, 0xf0, 0x0, 0x7f,
    0xfe, 0xff, 0xf6, 0xf, 0xff, 0xff, 0xff, 0xff,
    0xff, 0xff, 0xff, 0xff, 0xff, 0xff, 0xf0, 0x0,
    0x7f, 0xfe, 0xff, 0xf6, 0xf, 0xff, 0xff, 0xff,
    0xff, 0xff, 0xff, 0xff, 0xff, 0xff, 0xff, 0xf0,
    0x7, 0xbf, 0xfe, 0xff, 0xf6, 0xf, 0xff, 0xff,
    0xff, 0xff, 0xff, 0xff, 0xff, 0xff, 0xff, 0xff,
    0xf0, 0x2f, 0xff, 0xfe, 0xff, 0xf6, 0x0, 0x0,
    0x0, 0x0, 0x0, 0x0, 0x0, 0x0, 0x0, 0x0,
    0x0, 0x0, 0x2f, 0xff, 0xfe, 0xff, 0xf6, 0x11,
    0x11, 0x11, 0x11, 0x11, 0x11, 0x11, 0x11, 0x11,
    0x11, 0x11, 0x11, 0x3f, 0xff, 0xf8, 0xff, 0xff,
    0xff, 0xff, 0xff, 0xff, 0xff, 0xff, 0xff, 0xff,
    0xff, 0xff, 0xff, 0xff, 0xff, 0xff, 0x30, 0xdf,
    0xff, 0xff, 0xff, 0xff, 0xff, 0xff, 0xff, 0xff,
    0xff, 0xff, 0xff, 0xff, 0xff, 0xff, 0xff, 0x10,
    0x4f, 0xff, 0xff, 0xff, 0xff, 0xff, 0xff, 0xff,
    0xff, 0xff, 0xff, 0xff, 0xff, 0xff, 0xff, 0xf7,
    0x0, 0x1, 0x45, 0x55, 0x55, 0x55, 0x55, 0x55,
    0x55, 0x55, 0x55, 0x55, 0x55, 0x55, 0x55, 0x54,
    0x20, 0x0,

    /* U+F241 "" */
    0x2, 0x66, 0x66, 0x66, 0x66, 0x66, 0x66, 0x66,
    0x66, 0x66, 0x66, 0x66, 0x66, 0x66, 0x66, 0x30,
    0x0, 0x5f, 0xff, 0xff, 0xff, 0xff, 0xff, 0xff,
    0xff, 0xff, 0xff, 0xff, 0xff, 0xff, 0xff, 0xff,
    0xf9, 0x0, 0xef, 0xff, 0xff, 0xff, 0xff, 0xff,
    0xff, 0xff, 0xff, 0xff, 0xff, 0xff, 0xff, 0xff,
    0xff, 0xff, 0x10, 0xff, 0xff, 0xff, 0xff, 0xff,
    0xff, 0xff, 0xff, 0xff, 0xff, 0xff, 0xff, 0xff,
    0xff, 0xff, 0xff, 0x40, 0xff, 0xf6, 0x0, 0x0,
    0x0, 0x0, 0x0, 0x0, 0x0, 0x0, 0x0, 0x0,
    0x0, 0x0, 0x2f, 0xff, 0xf9, 0xff, 0xf6, 0xa,
    0xbb, 0xbb, 0xbb, 0xbb, 0xbb, 0xbb, 0xbb, 0xba,
    0x0, 0x0, 0x0, 0x2f, 0xff, 0xfe, 0xff, 0xf6,
    0xf, 0xff, 0xff, 0xff, 0xff, 0xff, 0xff, 0xff,
    0xff, 0x0, 0x0, 0x0, 0x2f, 0xff, 0xfe, 0xff,
    0xf6, 0xf, 0xff, 0xff, 0xff, 0xff, 0xff, 0xff,
    0xff, 0xff, 0x0, 0x0, 0x0, 0x5, 0xaf, 0xfe,
    0xff, 0xf6, 0xf, 0xff, 0xff, 0xff, 0xff, 0xff,
    0xff, 0xff, 0xff, 0x0, 0x0, 0x0, 0x0, 0x7f,
    0xfe, 0xff, 0xf6, 0xf, 0xff, 0xff, 0xff, 0xff,
    0xff, 0xff, 0xff, 0xff, 0x0, 0x0, 0x0, 0x0,
    0x7f, 0xfe, 0xff, 0xf6, 0xf, 0xff, 0xff, 0xff,
    0xff, 0xff, 0xff, 0xff, 0xff, 0x0, 0x0, 0x0,
    0x7, 0xbf, 0xfe, 0xff, 0xf6, 0xf, 0xff, 0xff,
    0xff, 0xff, 0xff, 0xff, 0xff, 0xff, 0x0, 0x0,
    0x0, 0x2f, 0xff, 0xfe, 0xff, 0xf6, 0x0, 0x0,
    0x0, 0x0, 0x0, 0x0, 0x0, 0x0, 0x0, 0x0,
    0x0, 0x0, 0x2f, 0xff, 0xfe, 0xff, 0xf6, 0x11,
    0x11, 0x11, 0x11, 0x11, 0x11, 0x11, 0x11, 0x11,
    0x11, 0x11, 0x11, 0x3f, 0xff, 0xf8, 0xff, 0xff,
    0xff, 0xff, 0xff, 0xff, 0xff, 0xff, 0xff, 0xff,
    0xff, 0xff, 0xff, 0xff, 0xff, 0xff, 0x30, 0xdf,
    0xff, 0xff, 0xff, 0xff, 0xff, 0xff, 0xff, 0xff,
    0xff, 0xff, 0xff, 0xff, 0xff, 0xff, 0xff, 0x10,
    0x4f, 0xff, 0xff, 0xff, 0xff, 0xff, 0xff, 0xff,
    0xff, 0xff, 0xff, 0xff, 0xff, 0xff, 0xff, 0xf7,
    0x0, 0x1, 0x45, 0x55, 0x55, 0x55, 0x55, 0x55,
    0x55, 0x55, 0x55, 0x55, 0x55, 0x55, 0x55, 0x54,
    0x20, 0x0,

    /* U+F242 "" */
    0x2, 0x66, 0x66, 0x66, 0x66, 0x66, 0x66, 0x66,
    0x66, 0x66, 0x66, 0x66, 0x66, 0x66, 0x66, 0x30,
    0x0, 0x5f, 0xff, 0xff, 0xff, 0xff, 0xff, 0xff,
    0xff, 0xff, 0xff, 0xff, 0xff, 0xff, 0xff, 0xff,
    0xf9, 0x0, 0xef, 0xff, 0xff, 0xff, 0xff, 0xff,
    0xff, 0xff, 0xff, 0xff, 0xff, 0xff, 0xff, 0xff,
    0xff, 0xff, 0x10, 0xff, 0xff, 0xff, 0xff, 0xff,
    0xff, 0xff, 0xff, 0xff, 0xff, 0xff, 0xff, 0xff,
    0xff, 0xff, 0xff, 0x40, 0xff, 0xf6, 0x0, 0x0,
    0x0, 0x0, 0x0, 0x0, 0x0, 0x0, 0x0, 0x0,
    0x0, 0x0, 0x2f, 0xff, 0xf9, 0xff, 0xf6, 0xa,
    0xbb, 0xbb, 0xbb, 0xbb, 0xbb, 0x90, 0x0, 0x0,
    0x0, 0x0, 0x0, 0x2f, 0xff, 0xfe, 0xff, 0xf6,
    0xf, 0xff, 0xff, 0xff, 0xff, 0xff, 0xe0, 0x0,
    0x0, 0x0, 0x0, 0x0, 0x2f, 0xff, 0xfe, 0xff,
    0xf6, 0xf, 0xff, 0xff, 0xff, 0xff, 0xff, 0xe0,
    0x0, 0x0, 0x0, 0x0, 0x0, 0x5, 0xaf, 0xfe,
    0xff, 0xf6, 0xf, 0xff, 0xff, 0xff, 0xff, 0xff,
    0xe0, 0x0, 0x0, 0x0, 0x0, 0x0, 0x0, 0x7f,
    0xfe, 0xff, 0xf6, 0xf, 0xff, 0xff, 0xff, 0xff,
    0xff, 0xe0, 0x0, 0x0, 0x0, 0x0, 0x0, 0x0,
    0x7f, 0xfe, 0xff, 0xf6, 0xf, 0xff, 0xff, 0xff,
    0xff, 0xff, 0xe0, 0x0, 0x0, 0x0, 0x0, 0x0,
    0x7, 0xbf, 0xfe, 0xff, 0xf6, 0xf, 0xff, 0xff,
    0xff, 0xff, 0xff, 0xe0, 0x0, 0x0, 0x0, 0x0,
    0x0, 0x2f, 0xff, 0xfe, 0xff, 0xf6, 0x0, 0x0,
    0x0, 0x0, 0x0, 0x0, 0x0, 0x0, 0x0, 0x0,
    0x0, 0x0, 0x2f, 0xff, 0xfe, 0xff, 0xf6, 0x11,
    0x11, 0x11, 0x11, 0x11, 0x11, 0x11, 0x11, 0x11,
    0x11, 0x11, 0x11, 0x3f, 0xff, 0xf8, 0xff, 0xff,
    0xff, 0xff, 0xff, 0xff, 0xff, 0xff, 0xff, 0xff,
    0xff, 0xff, 0xff, 0xff, 0xff, 0xff, 0x30, 0xdf,
    0xff, 0xff, 0xff, 0xff, 0xff, 0xff, 0xff, 0xff,
    0xff, 0xff, 0xff, 0xff, 0xff, 0xff, 0xff, 0x10,
    0x4f, 0xff, 0xff, 0xff, 0xff, 0xff, 0xff, 0xff,
    0xff, 0xff, 0xff, 0xff, 0xff, 0xff, 0xff, 0xf7,
    0x0, 0x1, 0x45, 0x55, 0x55, 0x55, 0x55, 0x55,
    0x55, 0x55, 0x55, 0x55, 0x55, 0x55, 0x55, 0x54,
    0x20, 0x0,

    /* U+F243 "" */
    0x2, 0x66, 0x66, 0x66, 0x66, 0x66, 0x66, 0x66,
    0x66, 0x66, 0x66, 0x66, 0x66, 0x66, 0x66, 0x30,
    0x0, 0x5f, 0xff, 0xff, 0xff, 0xff, 0xff, 0xff,
    0xff, 0xff, 0xff, 0xff, 0xff, 0xff, 0xff, 0xff,
    0xf9, 0x0, 0xef, 0xff, 0xff, 0xff, 0xff, 0xff,
    0xff, 0xff, 0xff, 0xff, 0xff, 0xff, 0xff, 0xff,
    0xff, 0xff, 0x10, 0xff, 0xff, 0xff, 0xff, 0xff,
    0xff, 0xff, 0xff, 0xff, 0xff, 0xff, 0xff, 0xff,
    0xff, 0xff, 0xff, 0x40, 0xff, 0xf6, 0x0, 0x0,
    0x0, 0x0, 0x0, 0x0, 0x0, 0x0, 0x0, 0x0,
    0x0, 0x0, 0x2f, 0xff, 0xf9, 0xff, 0xf6, 0xa,
    0xbb, 0xbb, 0xb9, 0x0, 0x0, 0x0, 0x0, 0x0,
    0x0, 0x0, 0x0, 0x2f, 0xff, 0xfe, 0xff, 0xf6,
    0xf, 0xff, 0xff, 0xfd, 0x0, 0x0, 0x0, 0x0,
    0x0, 0x0, 0x0, 0x0, 0x2f, 0xff, 0xfe, 0xff,
    0xf6, 0xf, 0xff, 0xff, 0xfd, 0x0, 0x0, 0x0,
    0x0, 0x0, 0x0, 0x0, 0x0, 0x5, 0xaf, 0xfe,
    0xff, 0xf6, 0xf, 0xff, 0xff, 0xfd, 0x0, 0x0,
    0x0, 0x0, 0x0, 0x0, 0x0, 0x0, 0x0, 0x7f,
    0xfe, 0xff, 0xf6, 0xf, 0xff, 0xff, 0xfd, 0x0,
    0x0, 0x0, 0x0, 0x0, 0x0, 0x0, 0x0, 0x0,
    0x7f, 0xfe, 0xff, 0xf6, 0xf, 0xff, 0xff, 0xfd,
    0x0, 0x0, 0x0, 0x0, 0x0, 0x0, 0x0, 0x0,
    0x7, 0xbf, 0xfe, 0xff, 0xf6, 0xf, 0xff, 0xff,
    0xfd, 0x0, 0x0, 0x0, 0x0, 0x0, 0x0, 0x0,
    0x0, 0x2f, 0xff, 0xfe, 0xff, 0xf6, 0x0, 0x0,
    0x0, 0x0, 0x0, 0x0, 0x0, 0x0, 0x0, 0x0,
    0x0, 0x0, 0x2f, 0xff, 0xfe, 0xff, 0xf6, 0x11,
    0x11, 0x11, 0x11, 0x11, 0x11, 0x11, 0x11, 0x11,
    0x11, 0x11, 0x11, 0x3f, 0xff, 0xf8, 0xff, 0xff,
    0xff, 0xff, 0xff, 0xff, 0xff, 0xff, 0xff, 0xff,
    0xff, 0xff, 0xff, 0xff, 0xff, 0xff, 0x30, 0xdf,
    0xff, 0xff, 0xff, 0xff, 0xff, 0xff, 0xff, 0xff,
    0xff, 0xff, 0xff, 0xff, 0xff, 0xff, 0xff, 0x10,
    0x4f, 0xff, 0xff, 0xff, 0xff, 0xff, 0xff, 0xff,
    0xff, 0xff, 0xff, 0xff, 0xff, 0xff, 0xff, 0xf7,
    0x0, 0x1, 0x45, 0x55, 0x55, 0x55, 0x55, 0x55,
    0x55, 0x55, 0x55, 0x55, 0x55, 0x55, 0x55, 0x54,
    0x20, 0x0,

    /* U+F244 "" */
    0x2, 0x66, 0x66, 0x66, 0x66, 0x66, 0x66, 0x66,
    0x66, 0x66, 0x66, 0x66, 0x66, 0x66, 0x66, 0x30,
    0x0, 0x5f, 0xff, 0xff, 0xff, 0xff, 0xff, 0xff,
    0xff, 0xff, 0xff, 0xff, 0xff, 0xff, 0xff, 0xff,
    0xf9, 0x0, 0xef, 0xff, 0xff, 0xff, 0xff, 0xff,
    0xff, 0xff, 0xff, 0xff, 0xff, 0xff, 0xff, 0xff,
    0xff, 0xff, 0x10, 0xff, 0xff, 0xff, 0xff, 0xff,
    0xff, 0xff, 0xff, 0xff, 0xff, 0xff, 0xff, 0xff,
    0xff, 0xff, 0xff, 0x40, 0xff, 0xf6, 0x0, 0x0,
    0x0, 0x0, 0x0, 0x0, 0x0, 0x0, 0x0, 0x0,
    0x0, 0x0, 0x2f, 0xff, 0xf9, 0xff, 0xf6, 0x0,
    0x0, 0x0, 0x0, 0x0, 0x0, 0x0, 0x0, 0x0,
    0x0, 0x0, 0x0, 0x2f, 0xff, 0xfe, 0xff, 0xf6,
    0x0, 0x0, 0x0, 0x0, 0x0, 0x0, 0x0, 0x0,
    0x0, 0x0, 0x0, 0x0, 0x2f, 0xff, 0xfe, 0xff,
    0xf6, 0x0, 0x0, 0x0, 0x0, 0x0, 0x0, 0x0,
    0x0, 0x0, 0x0, 0x0, 0x0, 0x5, 0xaf, 0xfe,
    0xff, 0xf6, 0x0, 0x0, 0x0, 0x0, 0x0, 0x0,
    0x0, 0x0, 0x0, 0x0, 0x0, 0x0, 0x0, 0x7f,
    0xfe, 0xff, 0xf6, 0x0, 0x0, 0x0, 0x0, 0x0,
    0x0, 0x0, 0x0, 0x0, 0x0, 0x0, 0x0, 0x0,
    0x7f, 0xfe, 0xff, 0xf6, 0x0, 0x0, 0x0, 0x0,
    0x0, 0x0, 0x0, 0x0, 0x0, 0x0, 0x0, 0x0,
    0x7, 0xbf, 0xfe, 0xff, 0xf6, 0x0, 0x0, 0x0,
    0x0, 0x0, 0x0, 0x0, 0x0, 0x0, 0x0, 0x0,
    0x0, 0x2f, 0xff, 0xfe, 0xff, 0xf6, 0x0, 0x0,
    0x0, 0x0, 0x0, 0x0, 0x0, 0x0, 0x0, 0x0,
    0x0, 0x0, 0x2f, 0xff, 0xfe, 0xff, 0xf6, 0x11,
    0x11, 0x11, 0x11, 0x11, 0x11, 0x11, 0x11, 0x11,
    0x11, 0x11, 0x11, 0x3f, 0xff, 0xf8, 0xff, 0xff,
    0xff, 0xff, 0xff, 0xff, 0xff, 0xff, 0xff, 0xff,
    0xff, 0xff, 0xff, 0xff, 0xff, 0xff, 0x30, 0xdf,
    0xff, 0xff, 0xff, 0xff, 0xff, 0xff, 0xff, 0xff,
    0xff, 0xff, 0xff, 0xff, 0xff, 0xff, 0xff, 0x10,
    0x4f, 0xff, 0xff, 0xff, 0xff, 0xff, 0xff, 0xff,
    0xff, 0xff, 0xff, 0xff, 0xff, 0xff, 0xff, 0xf7,
    0x0, 0x1, 0x45, 0x55, 0x55, 0x55, 0x55, 0x55,
    0x55, 0x55, 0x55, 0x55, 0x55, 0x55, 0x55, 0x54,
    0x20, 0x0,

    /* U+F287 "" */
    0x0, 0x0, 0x0, 0x0, 0x0, 0x0, 0x0, 0x0,
    0x0, 0x37, 0x50, 0x0, 0x0, 0x0, 0x0, 0x0,
    0x0, 0x0, 0x0, 0x0, 0x0, 0x0, 0x0, 0x0,
    0x0, 0x5, 0xff, 0xfc, 0x0, 0x0, 0x0, 0x0,
    0x0, 0x0, 0x0, 0x0, 0x0, 0x0, 0x0, 0x0,
    0x0, 0x69, 0x9e, 0xff, 0xff, 0x50, 0x0, 0x0,
    0x0, 0x0, 0x0, 0x0, 0x0, 0x0, 0x0, 0x0,
    0x0, 0xc, 0xff, 0xff, 0xff, 0xff, 0x80, 0x0,
    0x0, 0x0, 0x0, 0x0, 0x0, 0x0, 0x0, 0x0,
    0x0, 0x0, 0x8f, 0xd5, 0x4c, 0xff, 0xff, 0x40,
    0x0, 0x0, 0x0, 0x0, 0x0, 0x0, 0x0, 0x0,
    0x0, 0x0, 0x1, 0xff, 0x10, 0x2, 0xdf, 0xf7,
    0x0, 0x0, 0x0, 0x0, 0x0, 0x0, 0x0, 0x0,
    0x0, 0x0, 0x0, 0x8, 0xf8, 0x0, 0x0, 0x1,
    0x0, 0x0, 0x0, 0x0, 0x0, 0x0, 0x0, 0x2,
    0xad, 0xc6, 0x0, 0x0, 0x1f, 0xf1, 0x0, 0x0,
    0x0, 0x0, 0x0, 0x0, 0x0, 0x41, 0x0, 0x0,
    0x2e, 0xff, 0xff, 0x90, 0x0, 0x8f, 0x90, 0x0,
    0x0, 0x0, 0x0, 0x0, 0x0, 0x0, 0xde, 0x60,
    0x0, 0xbf, 0xff, 0xff, 0xf3, 0x4, 0xff, 0x21,
    0x11, 0x11, 0x11, 0x11, 0x11, 0x11, 0x11, 0xdf,
    0xfc, 0x20, 0xff, 0xff, 0xff, 0xff, 0xff, 0xff,
    0xff, 0xff, 0xff, 0xff, 0xff, 0xff, 0xff, 0xff,
    0xff, 0xff, 0xf8, 0xef, 0xff, 0xff, 0xfe, 0xdd,
    0xdd, 0xdf, 0xff, 0xdd, 0xdd, 0xdd, 0xdd, 0xdd,
    0xdd, 0xff, 0xff, 0xe5, 0x9f, 0xff, 0xff, 0xf1,
    0x0, 0x0, 0x4, 0xfe, 0x0, 0x0, 0x0, 0x0,
    0x0, 0x0, 0xdf, 0xf8, 0x0, 0x1c, 0xff, 0xff,
    0x50, 0x0, 0x0, 0x0, 0x9f, 0x70, 0x0, 0x0,
    0x0, 0x0, 0x0, 0xdb, 0x20, 0x0, 0x0, 0x69,
    0x82, 0x0, 0x0, 0x0, 0x0, 0x1f, 0xe0, 0x0,
    0x0, 0x0, 0x0, 0x0, 0x10, 0x0, 0x0, 0x0,
    0x0, 0x0, 0x0, 0x0, 0x0, 0x0, 0xa, 0xf7,
    0x0, 0x29, 0x99, 0x99, 0x20, 0x0, 0x0, 0x0,
    0x0, 0x0, 0x0, 0x0, 0x0, 0x0, 0x0, 0x2,
    0xfe, 0x20, 0x5f, 0xff, 0xff, 0x50, 0x0, 0x0,
    0x0, 0x0, 0x0, 0x0, 0x0, 0x0, 0x0, 0x0,
    0x0, 0x7f, 0xeb, 0xcf, 0xff, 0xff, 0x50, 0x0,
    0x0, 0x0, 0x0, 0x0, 0x0, 0x0, 0x0, 0x0,
    0x0, 0x0, 0x8, 0xff, 0xff, 0xff, 0xff, 0x50,
    0x0, 0x0, 0x0, 0x0, 0x0, 0x0, 0x0, 0x0,
    0x0, 0x0, 0x0, 0x0, 0x2, 0x6f, 0xff, 0xff,
    0x50, 0x0, 0x0, 0x0, 0x0, 0x0, 0x0, 0x0,
    0x0, 0x0, 0x0, 0x0, 0x0, 0x0, 0x4f, 0xff,
    0xff, 0x40, 0x0, 0x0, 0x0, 0x0, 0x0, 0x0,
    0x0, 0x0, 0x0, 0x0, 0x0, 0x0, 0x0, 0x0,
    0x0, 0x0, 0x0, 0x0, 0x0, 0x0,

    /* U+F293 "" */
    0x0, 0x0, 0x0, 0x16, 0x9b, 0xcc, 0xb9, 0x50,
    0x0, 0x0, 0x0, 0x0, 0x0, 0x8f, 0xff, 0xff,
    0xff, 0xff, 0xe6, 0x0, 0x0, 0x0, 0x1, 0xdf,
    0xff, 0xff, 0x9f, 0xff, 0xff, 0xf9, 0x0, 0x0,
    0x1, 0xdf, 0xff, 0xff, 0xf1, 0x9f, 0xff, 0xff,
    0xf8, 0x0, 0x0, 0x9f, 0xff, 0xff, 0xff, 0x10,
    0xaf, 0xff, 0xff, 0xf2, 0x0, 0x1f, 0xff, 0xff,
    0xff, 0xf1, 0x0, 0xbf, 0xff, 0xff, 0x90, 0x7,
    0xff, 0xff, 0xff, 0xff, 0x10, 0x0, 0xcf, 0xff,
    0xfe, 0x0, 0xbf, 0xff, 0xfd, 0xff, 0xf1, 0x9,
    0x1, 0xdf, 0xff, 0xf3, 0xf, 0xff, 0xf3, 0xc,
    0xff, 0x10, 0xfa, 0x1, 0xdf, 0xff, 0x62, 0xff,
    0xff, 0x50, 0xc, 0xf1, 0xf, 0xe1, 0xa, 0xff,
    0xf9, 0x4f, 0xff, 0xff, 0x50, 0xc, 0x10, 0xd2,
    0x8, 0xff, 0xff, 0xa5, 0xff, 0xff, 0xff, 0x50,
    0x0, 0x1, 0x6, 0xff, 0xff, 0xfc, 0x6f, 0xff,
    0xff, 0xff, 0x50, 0x0, 0x5, 0xff, 0xff, 0xff,
    0xc6, 0xff, 0xff, 0xff, 0xff, 0x40, 0x3, 0xff,
    0xff, 0xff, 0xfd, 0x6f, 0xff, 0xff, 0xff, 0xe2,
    0x0, 0xc, 0xff, 0xff, 0xff, 0xc6, 0xff, 0xff,
    0xff, 0xd2, 0x0, 0x0, 0x1d, 0xff, 0xff, 0xfc,
    0x5f, 0xff, 0xff, 0xd1, 0x3, 0x0, 0x40, 0x1e,
    0xff, 0xff, 0xb3, 0xff, 0xff, 0xd1, 0x3, 0xe1,
    0xe, 0x50, 0x2e, 0xff, 0xfa, 0x1f, 0xff, 0xf1,
    0x3, 0xff, 0x10, 0xff, 0x10, 0x5f, 0xff, 0x80,
    0xef, 0xff, 0x83, 0xff, 0xf1, 0xf, 0x40, 0x3e,
    0xff, 0xf5, 0xa, 0xff, 0xff, 0xff, 0xff, 0x10,
    0x40, 0x2e, 0xff, 0xff, 0x20, 0x4f, 0xff, 0xff,
    0xff, 0xf2, 0x0, 0x2e, 0xff, 0xff, 0xd0, 0x0,
    0xdf, 0xff, 0xff, 0xff, 0x20, 0x2e, 0xff, 0xff,
    0xf6, 0x0, 0x4, 0xff, 0xff, 0xff, 0xf2, 0x2e,
    0xff, 0xff, 0xfd, 0x0, 0x0, 0x6, 0xff, 0xff,
    0xff, 0x5e, 0xff, 0xff, 0xff, 0x30, 0x0, 0x0,
    0x4, 0xef, 0xff, 0xff, 0xff, 0xff, 0xfe, 0x40,
    0x0, 0x0, 0x0, 0x0, 0x6b, 0xef, 0xff, 0xff,
    0xc6, 0x0, 0x0, 0x0, 0x0, 0x0, 0x0, 0x0,
    0x1, 0x21, 0x0, 0x0, 0x0, 0x0,

    /* U+F2ED "" */
    0x0, 0x0, 0x0, 0x0, 0x8a, 0xaa, 0xaa, 0xa5,
    0x0, 0x0, 0x0, 0x0, 0x0, 0x0, 0x0, 0x9,
    0xff, 0xff, 0xff, 0xff, 0x30, 0x0, 0x0, 0x0,
    0xcf, 0xff, 0xff, 0xff, 0xff, 0xff, 0xff, 0xff,
    0xff, 0xff, 0xff, 0xf6, 0xff, 0xff, 0xff, 0xff,
    0xff, 0xff, 0xff, 0xff, 0xff, 0xff, 0xff, 0xfa,
    0xff, 0xff, 0xff, 0xff, 0xff, 0xff, 0xff, 0xff,
    0xff, 0xff, 0xff, 0xf9, 0x46, 0x66, 0x66, 0x66,
    0x66, 0x66, 0x66, 0x66, 0x66, 0x66, 0x66, 0x61,
    0x0, 0x0, 0x0, 0x0, 0x0, 0x0, 0x0, 0x0,
    0x0, 0x0, 0x0, 0x0, 0x4, 0xff, 0xff, 0xff,
    0xff, 0xff, 0xff, 0xff, 0xff, 0xff, 0xfe, 0x0,
    0x5, 0xff, 0xff, 0xff, 0xff, 0xff, 0xff, 0xff,
    0xff, 0xff, 0xff, 0x0, 0x5, 0xff, 0xff, 0xff,
    0xff, 0xff, 0xff, 0xff, 0xff, 0xff, 0xff, 0x0,
    0x5, 0xff, 0xff, 0x9d, 0xff, 0xf9, 0xcf, 0xff,
    0xac, 0xff, 0xff, 0x0, 0x5, 0xff, 0xfe, 0x6,
    0xff, 0xf0, 0x5f, 0xff, 0x4, 0xff, 0xff, 0x0,
    0x5, 0xff, 0xfe, 0x6, 0xff, 0xf0, 0x5f, 0xff,
    0x4, 0xff, 0xff, 0x0, 0x5, 0xff, 0xfe, 0x6,
    0xff, 0xf0, 0x5f, 0xff, 0x4, 0xff, 0xff, 0x0,
    0x5, 0xff, 0xfe, 0x6, 0xff, 0xf0, 0x5f, 0xff,
    0x4, 0xff, 0xff, 0x0, 0x5, 0xff, 0xfe, 0x6,
    0xff, 0xf0, 0x5f, 0xff, 0x4, 0xff, 0xff, 0x0,
    0x5, 0xff, 0xfe, 0x6, 0xff, 0xf0, 0x5f, 0xff,
    0x4, 0xff, 0xff, 0x0, 0x5, 0xff, 0xfe, 0x6,
    0xff, 0xf0, 0x5f, 0xff, 0x4, 0xff, 0xff, 0x0,
    0x5, 0xff, 0xfe, 0x6, 0xff, 0xf0, 0x5f, 0xff,
    0x4, 0xff, 0xff, 0x0, 0x5, 0xff, 0xfe, 0x6,
    0xff, 0xf0, 0x5f, 0xff, 0x4, 0xff, 0xff, 0x0,
    0x5, 0xff, 0xfe, 0x6, 0xff, 0xf0, 0x5f, 0xff,
    0x4, 0xff, 0xff, 0x0, 0x5, 0xff, 0xfe, 0x6,
    0xff, 0xf0, 0x5f, 0xff, 0x4, 0xff, 0xff, 0x0,
    0x5, 0xff, 0xfe, 0x6, 0xff, 0xf0, 0x5f, 0xff,
    0x4, 0xff, 0xff, 0x0, 0x5, 0xff, 0xff, 0x29,
    0xff, 0xf2, 0x8f, 0xff, 0x37, 0xff, 0xff, 0x0,
    0x4, 0xff, 0xff, 0xff, 0xff, 0xff, 0xff, 0xff,
    0xff, 0xff, 0xfe, 0x0, 0x2, 0xff, 0xff, 0xff,
    0xff, 0xff, 0xff, 0xff, 0xff, 0xff, 0xfc, 0x0,
    0x0, 0x9f, 0xff, 0xff, 0xff, 0xff, 0xff, 0xff,
    0xff, 0xff, 0xf4, 0x0, 0x0, 0x3, 0x56, 0x66,
    0x66, 0x66, 0x66, 0x66, 0x66, 0x65, 0x10, 0x0,

    /* U+F304 "" */
    0x0, 0x0, 0x0, 0x0, 0x0, 0x0, 0x0, 0x0,
    0x0, 0x0, 0x7, 0x94, 0x0, 0x0, 0x0, 0x0,
    0x0, 0x0, 0x0, 0x0, 0x0, 0x0, 0x0, 0x1,
    0xcf, 0xff, 0x70, 0x0, 0x0, 0x0, 0x0, 0x0,
    0x0, 0x0, 0x0, 0x0, 0x0, 0x1c, 0xff, 0xff,
    0xf7, 0x0, 0x0, 0x0, 0x0, 0x0, 0x0, 0x0,
    0x0, 0x0, 0x1, 0xcf, 0xff, 0xff, 0xff, 0x70,
    0x0, 0x0, 0x0, 0x0, 0x0, 0x0, 0x0, 0x0,
    0x2, 0xef, 0xff, 0xff, 0xff, 0xf6, 0x0, 0x0,
    0x0, 0x0, 0x0, 0x0, 0x0, 0x1, 0x70, 0x3e,
    0xff, 0xff, 0xff, 0xfe, 0x0, 0x0, 0x0, 0x0,
    0x0, 0x0, 0x0, 0x1c, 0xf8, 0x3, 0xef, 0xff,
    0xff, 0xfe, 0x0, 0x0, 0x0, 0x0, 0x0, 0x0,
    0x1, 0xcf, 0xff, 0x80, 0x3e, 0xff, 0xff, 0xf8,
    0x0, 0x0, 0x0, 0x0, 0x0, 0x0, 0x1c, 0xff,
    0xff, 0xf8, 0x3, 0xef, 0xff, 0x90, 0x0, 0x0,
    0x0, 0x0, 0x0, 0x1, 0xcf, 0xff, 0xff, 0xff,
    0x80, 0x3e, 0xf9, 0x0, 0x0, 0x0, 0x0, 0x0,
    0x0, 0x1c, 0xff, 0xff, 0xff, 0xff, 0xf8, 0x3,
    0x90, 0x0, 0x0, 0x0, 0x0, 0x0, 0x1, 0xcf,
    0xff, 0xff, 0xff, 0xff, 0xff, 0x80, 0x0, 0x0,
    0x0, 0x0, 0x0, 0x0, 0x1c, 0xff, 0xff, 0xff,
    0xff, 0xff, 0xff, 0x90, 0x0, 0x0, 0x0, 0x0,
    0x0, 0x1, 0xcf, 0xff, 0xff, 0xff, 0xff, 0xff,
    0xf9, 0x0, 0x0, 0x0, 0x0, 0x0, 0x0, 0x1c,
    0xff, 0xff, 0xff, 0xff, 0xff, 0xff, 0x90, 0x0,
    0x0, 0x0, 0x0, 0x0, 0x1, 0xcf, 0xff, 0xff,
    0xff, 0xff, 0xff, 0xf9, 0x0, 0x0, 0x0, 0x0,
    0x0, 0x0, 0x1c, 0xff, 0xff, 0xff, 0xff, 0xff,
    0xff, 0x90, 0x0, 0x0, 0x0, 0x0, 0x0, 0x1,
    0xcf, 0xff, 0xff, 0xff, 0xff, 0xff, 0xf9, 0x0,
    0x0, 0x0, 0x0, 0x0, 0x0, 0x1c, 0xff, 0xff,
    0xff, 0xff, 0xff, 0xff, 0x90, 0x0, 0x0, 0x0,
    0x0, 0x0, 0x1, 0xcf, 0xff, 0xff, 0xff, 0xff,
    0xff, 0xf9, 0x0, 0x0, 0x0, 0x0, 0x0, 0x0,
    0x6, 0xff, 0xff, 0xff, 0xff, 0xff, 0xff, 0x90,
    0x0, 0x0, 0x0, 0x0, 0x0, 0x0, 0x7, 0xff,
    0xff, 0xff, 0xff, 0xff, 0xf9, 0x0, 0x0, 0x0,
    0x0, 0x0, 0x0, 0x0, 0x9, 0xff, 0xff, 0xff,
    0xff, 0xff, 0x90, 0x0, 0x0, 0x0, 0x0, 0x0,
    0x0, 0x0, 0xb, 0xff, 0xff, 0xff, 0xff, 0xf9,
    0x0, 0x0, 0x0, 0x0, 0x0, 0x0, 0x0, 0x0,
    0xd, 0xff, 0xff, 0xff, 0xff, 0x90, 0x0, 0x0,
    0x0, 0x0, 0x0, 0x0, 0x0, 0x0, 0xf, 0xff,
    0xff, 0xff, 0xf9, 0x0, 0x0, 0x0, 0x0, 0x0,
    0x0, 0x0, 0x0, 0x0, 0xe, 0xff, 0xff, 0xec,
    0x80, 0x0, 0x0, 0x0, 0x0, 0x0, 0x0, 0x0,
    0x0, 0x0, 0x1, 0x54, 0x20, 0x0, 0x0, 0x0,
    0x0, 0x0, 0x0, 0x0, 0x0, 0x0, 0x0, 0x0,

    /* U+F55A "" */
    0x0, 0x0, 0x0, 0x0, 0x0, 0x24, 0x44, 0x44,
    0x44, 0x44, 0x44, 0x44, 0x44, 0x44, 0x44, 0x30,
    0x0, 0x0, 0x0, 0x0, 0x0, 0x4e, 0xff, 0xff,
    0xff, 0xff, 0xff, 0xff, 0xff, 0xff, 0xff, 0xff,
    0xff, 0x60, 0x0, 0x0, 0x0, 0x5, 0xff, 0xff,
    0xff, 0xff, 0xff, 0xff, 0xff, 0xff, 0xff, 0xff,
    0xff, 0xff, 0xf4, 0x0, 0x0, 0x0, 0x5f, 0xff,
    0xff, 0xff, 0xff, 0xff, 0xff, 0xff, 0xff, 0xff,
    0xff, 0xff, 0xff, 0xfa, 0x0, 0x0, 0x5, 0xff,
    0xff, 0xff, 0xff, 0xff, 0xff, 0xff, 0xff, 0xff,
    0xff, 0xff, 0xff, 0xff, 0xfb, 0x0, 0x0, 0x5f,
    0xff, 0xff, 0xff, 0xff, 0xf8, 0xb, 0xff, 0xff,
    0xf4, 0x2e, 0xff, 0xff, 0xff, 0xfc, 0x0, 0x5,
    0xff, 0xff, 0xff, 0xff, 0xff, 0x90, 0x0, 0xbf,
    0xff, 0x40, 0x2, 0xff, 0xff, 0xff, 0xfc, 0x0,
    0x5f, 0xff, 0xff, 0xff, 0xff, 0xff, 0x80, 0x0,
    0xb, 0xf4, 0x0, 0x2, 0xef, 0xff, 0xff, 0xfc,
    0x5, 0xff, 0xff, 0xff, 0xff, 0xff, 0xff, 0xf8,
    0x0, 0x0, 0x30, 0x0, 0x1e, 0xff, 0xff, 0xff,
    0xfc, 0x5f, 0xff, 0xff, 0xff, 0xff, 0xff, 0xff,
    0xff, 0x80, 0x0, 0x0, 0x1, 0xef, 0xff, 0xff,
    0xff, 0xfc, 0xef, 0xff, 0xff, 0xff, 0xff, 0xff,
    0xff, 0xff, 0xf7, 0x0, 0x0, 0x1e, 0xff, 0xff,
    0xff, 0xff, 0xfc, 0xdf, 0xff, 0xff, 0xff, 0xff,
    0xff, 0xff, 0xff, 0xf4, 0x0, 0x0, 0xb, 0xff,
    0xff, 0xff, 0xff, 0xfc, 0x3e, 0xff, 0xff, 0xff,
    0xff, 0xff, 0xff, 0xff, 0x40, 0x0, 0x0, 0x0,
    0xbf, 0xff, 0xff, 0xff, 0xfc, 0x3, 0xef, 0xff,
    0xff, 0xff, 0xff, 0xff, 0xf4, 0x0, 0x1, 0x60,
    0x0, 0xb, 0xff, 0xff, 0xff, 0xfc, 0x0, 0x2e,
    0xff, 0xff, 0xff, 0xff, 0xff, 0x60, 0x0, 0x1e,
    0xf8, 0x0, 0x0, 0xef, 0xff, 0xff, 0xfc, 0x0,
    0x2, 0xef, 0xff, 0xff, 0xff, 0xff, 0xb0, 0x1,
    0xef, 0xff, 0x80, 0x4, 0xff, 0xff, 0xff, 0xfc,
    0x0, 0x0, 0x2e, 0xff, 0xff, 0xff, 0xff, 0xfb,
    0x4e, 0xff, 0xff, 0xf8, 0x5f, 0xff, 0xff, 0xff,
    0xfc, 0x0, 0x0, 0x2, 0xef, 0xff, 0xff, 0xff,
    0xff, 0xff, 0xff, 0xff, 0xff, 0xff, 0xff, 0xff,
    0xff, 0xfb, 0x0, 0x0, 0x0, 0x2e, 0xff, 0xff,
    0xff, 0xff, 0xff, 0xff, 0xff, 0xff, 0xff, 0xff,
    0xff, 0xff, 0xf9, 0x0, 0x0, 0x0, 0x2, 0xef,
    0xff, 0xff, 0xff, 0xff, 0xff, 0xff, 0xff, 0xff,
    0xff, 0xff, 0xff, 0xf2, 0x0, 0x0, 0x0, 0x0,
    0x1a, 0xef, 0xff, 0xff, 0xff, 0xff, 0xff, 0xff,
    0xff, 0xff, 0xff, 0xfc, 0x30,

    /* U+F7C2 "" */
    0x0, 0x0, 0x0, 0x36, 0x66, 0x66, 0x66, 0x66,
    0x64, 0x0, 0x0, 0x0, 0x0, 0x3f, 0xff, 0xff,
    0xff, 0xff, 0xff, 0xfe, 0x20, 0x0, 0x0, 0x3f,
    0xff, 0xff, 0xff, 0xff, 0xff, 0xff, 0xfd, 0x0,
    0x0, 0x3f, 0xff, 0xff, 0xff, 0xff, 0xff, 0xff,
    0xff, 0xf2, 0x0, 0x3f, 0xfe, 0x0, 0x9f, 0x10,
    0x2f, 0x90, 0x2f, 0xff, 0x40, 0x4f, 0xff, 0xe0,
    0x9, 0xf1, 0x2, 0xf9, 0x2, 0xff, 0xf4, 0x4f,
    0xff, 0xfe, 0x0, 0x9f, 0x10, 0x2f, 0x90, 0x2f,
    0xff, 0x4f, 0xff, 0xff, 0xe0, 0x9, 0xf1, 0x2,
    0xf9, 0x2, 0xff, 0xf4, 0xff, 0xff, 0xfe, 0x0,
    0xaf, 0x10, 0x2f, 0x90, 0x2f, 0xff, 0x4f, 0xff,
    0xff, 0xff, 0xff, 0xff, 0xff, 0xff, 0xff, 0xff,
    0xf4, 0xff, 0xff, 0xff, 0xff, 0xff, 0xff, 0xff,
    0xff, 0xff, 0xff, 0x4f, 0xff, 0xff, 0xff, 0xff,
    0xff, 0xff, 0xff, 0xff, 0xff, 0xf4, 0xff, 0xff,
    0xff, 0xff, 0xff, 0xff, 0xff, 0xff, 0xff, 0xff,
    0x4f, 0xff, 0xff, 0xff, 0xff, 0xff, 0xff, 0xff,
    0xff, 0xff, 0xf4, 0xff, 0xff, 0xff, 0xff, 0xff,
    0xff, 0xff, 0xff, 0xff, 0xff, 0x4f, 0xff, 0xff,
    0xff, 0xff, 0xff, 0xff, 0xff, 0xff, 0xff, 0xf4,
    0xff, 0xff, 0xff, 0xff, 0xff, 0xff, 0xff, 0xff,
    0xff, 0xff, 0x4f, 0xff, 0xff, 0xff, 0xff, 0xff,
    0xff, 0xff, 0xff, 0xff, 0xf4, 0xff, 0xff, 0xff,
    0xff, 0xff, 0xff, 0xff, 0xff, 0xff, 0xff, 0x4f,
    0xff, 0xff, 0xff, 0xff, 0xff, 0xff, 0xff, 0xff,
    0xff, 0xf4, 0xff, 0xff, 0xff, 0xff, 0xff, 0xff,
    0xff, 0xff, 0xff, 0xff, 0x4f, 0xff, 0xff, 0xff,
    0xff, 0xff, 0xff, 0xff, 0xff, 0xff, 0xf4, 0xff,
    0xff, 0xff, 0xff, 0xff, 0xff, 0xff, 0xff, 0xff,
    0xff, 0x4f, 0xff, 0xff, 0xff, 0xff, 0xff, 0xff,
    0xff, 0xff, 0xff, 0xf4, 0xef, 0xff, 0xff, 0xff,
    0xff, 0xff, 0xff, 0xff, 0xff, 0xff, 0x2a, 0xff,
    0xff, 0xff, 0xff, 0xff, 0xff, 0xff, 0xff, 0xff,
    0xe0, 0x1d, 0xff, 0xff, 0xff, 0xff, 0xff, 0xff,
    0xff, 0xff, 0xe3, 0x0, 0x5, 0x88, 0x88, 0x88,
    0x88, 0x88, 0x88, 0x88, 0x61, 0x0,

    /* U+F8A2 "" */
    0x0, 0x0, 0x0, 0x0, 0x0, 0x0, 0x0, 0x0,
    0x0, 0x0, 0x0, 0x0, 0x0, 0x60, 0x0, 0x0,
    0x0, 0x0, 0x0, 0x0, 0x0, 0x0, 0x0, 0x0,
    0x0, 0x0, 0xb, 0xf1, 0x0, 0x0, 0x0, 0x0,
    0x0, 0x0, 0x0, 0x0, 0x0, 0x0, 0x0, 0x0,
    0xbf, 0xf1, 0x0, 0x0, 0x0, 0x1, 0x0, 0x0,
    0x0, 0x0, 0x0, 0x0, 0x0, 0xb, 0xff, 0xf1,
    0x0, 0x0, 0x1, 0xdf, 0x40, 0x0, 0x0, 0x0,
    0x0, 0x0, 0x0, 0x1f, 0xff, 0xf1, 0x0, 0x0,
    0x2d, 0xff, 0x80, 0x0, 0x0, 0x0, 0x0, 0x0,
    0x0, 0x1f, 0xff, 0xf1, 0x0, 0x2, 0xef, 0xff,
    0x80, 0x0, 0x0, 0x0, 0x0, 0x0, 0x0, 0x1f,
    0xff, 0xf1, 0x0, 0x3e, 0xff, 0xff, 0x80, 0x0,
    0x0, 0x0, 0x0, 0x0, 0x0, 0x1f, 0xff, 0xf1,
    0x4, 0xff, 0xff, 0xff, 0xc8, 0x88, 0x88, 0x88,
    0x88, 0x88, 0x88, 0x8f, 0xff, 0xf1, 0x4f, 0xff,
    0xff, 0xff, 0xff, 0xff, 0xff, 0xff, 0xff, 0xff,
    0xff, 0xff, 0xff, 0xf1, 0xdf, 0xff, 0xff, 0xff,
    0xff, 0xff, 0xff, 0xff, 0xff, 0xff, 0xff, 0xff,
    0xff, 0xf1, 0x7f, 0xff, 0xff, 0xff, 0xff, 0xff,
    0xff, 0xff, 0xff, 0xff, 0xff, 0xff, 0xff, 0xf1,
    0x7, 0xff, 0xff, 0xff, 0xdb, 0xbb, 0xbb, 0xbb,
    0xbb, 0xbb, 0xbb, 0xbb, 0xbb, 0x70, 0x0, 0x6f,
    0xff, 0xff, 0x80, 0x0, 0x0, 0x0, 0x0, 0x0,
    0x0, 0x0, 0x0, 0x0, 0x0, 0x5, 0xff, 0xff,
    0x80, 0x0, 0x0, 0x0, 0x0, 0x0, 0x0, 0x0,
    0x0, 0x0, 0x0, 0x0, 0x4f, 0xff, 0x80, 0x0,
    0x0, 0x0, 0x0, 0x0, 0x0, 0x0, 0x0, 0x0,
    0x0, 0x0, 0x3, 0xef, 0x60, 0x0, 0x0, 0x0,
    0x0, 0x0, 0x0, 0x0, 0x0, 0x0, 0x0, 0x0,
    0x0, 0x14, 0x0, 0x0, 0x0, 0x0, 0x0, 0x0,
    0x0, 0x0, 0x0, 0x0
};


/*---------------------
 *  GLYPH DESCRIPTION
 *--------------------*/

static const lv_font_fmt_txt_glyph_dsc_t glyph_dsc[] = {
    {.bitmap_index = 0, .adv_w = 0, .box_w = 0, .box_h = 0, .ofs_x = 0, .ofs_y = 0} /* id = 0 reserved */,
    {.bitmap_index = 0, .adv_w = 82, .box_w = 0, .box_h = 0, .ofs_x = 0, .ofs_y = 0},
    {.bitmap_index = 0, .adv_w = 137, .box_w = 5, .box_h = 21, .ofs_x = 2, .ofs_y = 0},
    {.bitmap_index = 53, .adv_w = 216, .box_w = 10, .box_h = 10, .ofs_x = 2, .ofs_y = 9},
    {.bitmap_index = 103, .adv_w = 267, .box_w = 15, .box_h = 19, .ofs_x = 1, .ofs_y = 0},
    {.bitmap_index = 246, .adv_w = 229, .box_w = 13, .box_h = 21, .ofs_x = 1, .ofs_y = 0},
    {.bitmap_index = 383, .adv_w = 391, .box_w = 23, .box_h = 19, .ofs_x = 1, .ofs_y = 0},
    {.bitmap_index = 602, .adv_w = 266, .box_w = 16, .box_h = 20, .ofs_x = 1, .ofs_y = -1},
    {.bitmap_index = 762, .adv_w = 124, .box_w = 4, .box_h = 10, .ofs_x = 2, .ofs_y = 9},
    {.bitmap_index = 782, .adv_w = 167, .box_w = 9, .box_h = 28, .ofs_x = 1, .ofs_y = -5},
    {.bitmap_index = 908, .adv_w = 167, .box_w = 9, .box_h = 28, .ofs_x = 1, .ofs_y = -5},
    {.bitmap_index = 1034, .adv_w = 214, .box_w = 13, .box_h = 12, .ofs_x = 0, .ofs_y = 9},
    {.bitmap_index = 1112, .adv_w = 247, .box_w = 14, .box_h = 14, .ofs_x = 1, .ofs_y = 1},
    {.bitmap_index = 1210, .adv_w = 96, .box_w = 5, .box_h = 9, .ofs_x = 0, .ofs_y = -4},
    {.bitmap_index = 1233, .adv_w = 197, .box_w = 10, .box_h = 3, .ofs_x = 1, .ofs_y = 7},
    {.bitmap_index = 1248, .adv_w = 92, .box_w = 4, .box_h = 5, .ofs_x = 1, .ofs_y = 0},
    {.bitmap_index = 1258, .adv_w = 156, .box_w = 12, .box_h = 29, .ofs_x = -1, .ofs_y = -5},
    {.bitmap_index = 1432, .adv_w = 251, .box_w = 15, .box_h = 19, .ofs_x = 0, .ofs_y = 0},
    {.bitmap_index = 1575, .adv_w = 135, .box_w = 5, .box_h = 20, .ofs_x = 2, .ofs_y = 0},
    {.bitmap_index = 1625, .adv_w = 242, .box_w = 13, .box_h = 19, .ofs_x = 1, .ofs_y = 0},
    {.bitmap_index = 1749, .adv_w = 235, .box_w = 13, .box_h = 19, .ofs_x = 1, .ofs_y = 0},
    {.bitmap_index = 1873, .adv_w = 264, .box_w = 16, .box_h = 19, .ofs_x = 0, .ofs_y = 0},
    {.bitmap_index = 2025, .adv_w = 236, .box_w = 13, .box_h = 19, .ofs_x = 1, .ofs_y = 0},
    {.bitmap_index = 2149, .adv_w = 269, .box_w = 15, .box_h = 19, .ofs_x = 1, .ofs_y = 0},
    {.bitmap_index = 2292, .adv_w = 228, .box_w = 13, .box_h = 19, .ofs_x = 1, .ofs_y = 0},
    {.bitmap_index = 2416, .adv_w = 267, .box_w = 15, .box_h = 19, .ofs_x = 1, .ofs_y = 0},
    {.bitmap_index = 2559, .adv_w = 269, .box_w = 15, .box_h = 19, .ofs_x = 1, .ofs_y = 0},
    {.bitmap_index = 2702, .adv_w = 92, .box_w = 4, .box_h = 15, .ofs_x = 1, .ofs_y = 0},
    {.bitmap_index = 2732, .adv_w = 92, .box_w = 5, .box_h = 19, .ofs_x = 0, .ofs_y = -4},
    {.bitmap_index = 2780, .adv_w = 230, .box_w = 11, .box_h = 16, .ofs_x = 2, .ofs_y = 0},
    {.bitmap_index = 2868, .adv_w = 247, .box_w = 13, .box_h = 10, .ofs_x = 1, .ofs_y = 3},
    {.bitmap_index = 2933, .adv_w = 230, .box_w = 11, .box_h = 16, .ofs_x = 2, .ofs_y = 0},
    {.bitmap_index = 3021, .adv_w = 183, .box_w = 12, .box_h = 21, .ofs_x = -1, .ofs_y = 0},
    {.bitmap_index = 3147, .adv_w = 321, .box_w = 20, .box_h = 21, .ofs_x = 0, .ofs_y = -4},
    {.bitmap_index = 3357, .adv_w = 245, .box_w = 17, .box_h = 19, .ofs_x = -1, .ofs_y = 0},
    {.bitmap_index = 3519, .adv_w = 245, .box_w = 13, .box_h = 19, .ofs_x = 2, .ofs_y = 0},
    {.bitmap_index = 3643, .adv_w = 228, .box_w = 13, .box_h = 19, .ofs_x = 1, .ofs_y = 0},
    {.bitmap_index = 3767, .adv_w = 262, .box_w = 14, .box_h = 19, .ofs_x = 2, .ofs_y = 0},
    {.bitmap_index = 3900, .adv_w = 219, .box_w = 11, .box_h = 19, .ofs_x = 2, .ofs_y = 0},
    {.bitmap_index = 4005, .adv_w = 200, .box_w = 11, .box_h = 19, .ofs_x = 2, .ofs_y = 0},
    {.bitmap_index = 4110, .adv_w = 272, .box_w = 16, .box_h = 19, .ofs_x = 1, .ofs_y = 0},
    {.bitmap_index = 4262, .adv_w = 284, .box_w = 14, .box_h = 19, .ofs_x = 2, .ofs_y = 0},
    {.bitmap_index = 4395, .adv_w = 125, .box_w = 4, .box_h = 19, .ofs_x = 2, .ofs_y = 0},
    {.bitmap_index = 4433, .adv_w = 173, .box_w = 10, .box_h = 19, .ofs_x = -1, .ofs_y = 0},
    {.bitmap_index = 4528, .adv_w = 257, .box_w = 15, .box_h = 19, .ofs_x = 2, .ofs_y = 0},
    {.bitmap_index = 4671, .adv_w = 192, .box_w = 10, .box_h = 19, .ofs_x = 2, .ofs_y = 0},
    {.bitmap_index = 4766, .adv_w = 324, .box_w = 17, .box_h = 19, .ofs_x = 2, .ofs_y = 0},
    {.bitmap_index = 4928, .adv_w = 286, .box_w = 14, .box_h = 19, .ofs_x = 2, .ofs_y = 0},
    {.bitmap_index = 5061, .adv_w = 284, .box_w = 16, .box_h = 19, .ofs_x = 1, .ofs_y = 0},
    {.bitmap_index = 5213, .adv_w = 236, .box_w = 13, .box_h = 19, .ofs_x = 2, .ofs_y = 0},
    {.bitmap_index = 5337, .adv_w = 284, .box_w = 16, .box_h = 24, .ofs_x = 1, .ofs_y = -5},
    {.bitmap_index = 5529, .adv_w = 249, .box_w = 13, .box_h = 19, .ofs_x = 2, .ofs_y = 0},
    {.bitmap_index = 5653, .adv_w = 218, .box_w = 12, .box_h = 19, .ofs_x = 1, .ofs_y = 0},
    {.bitmap_index = 5767, .adv_w = 210, .box_w = 13, .box_h = 19, .ofs_x = 0, .ofs_y = 0},
    {.bitmap_index = 5891, .adv_w = 268, .box_w = 14, .box_h = 19, .ofs_x = 1, .ofs_y = 0},
    {.bitmap_index = 6024, .adv_w = 237, .box_w = 17, .box_h = 19, .ofs_x = -1, .ofs_y = 0},
    {.bitmap_index = 6186, .adv_w = 346, .box_w = 23, .box_h = 19, .ofs_x = -1, .ofs_y = 0},
    {.bitmap_index = 6405, .adv_w = 245, .box_w = 16, .box_h = 19, .ofs_x = 0, .ofs_y = 0},
    {.bitmap_index = 6557, .adv_w = 232, .box_w = 16, .box_h = 19, .ofs_x = -1, .ofs_y = 0},
    {.bitmap_index = 6709, .adv_w = 226, .box_w = 14, .box_h = 19, .ofs_x = 0, .ofs_y = 0},
    {.bitmap_index = 6842, .adv_w = 167, .box_w = 8, .box_h = 27, .ofs_x = 2, .ofs_y = -4},
    {.bitmap_index = 6950, .adv_w = 156, .box_w = 12, .box_h = 29, .ofs_x = -1, .ofs_y = -5},
    {.bitmap_index = 7124, .adv_w = 167, .box_w = 7, .box_h = 27, .ofs_x = 1, .ofs_y = -4},
    {.bitmap_index = 7219, .adv_w = 203, .box_w = 13, .box_h = 15, .ofs_x = 0, .ofs_y = 4},
    {.bitmap_index = 7317, .adv_w = 259, .box_w = 18, .box_h = 3, .ofs_x = -1, .ofs_y = -5},
    {.bitmap_index = 7344, .adv_w = 118, .box_w = 7, .box_h = 6, .ofs_x = 0, .ofs_y = 16},
    {.bitmap_index = 7365, .adv_w = 215, .box_w = 11, .box_h = 14, .ofs_x = 1, .ofs_y = 0},
    {.bitmap_index = 7442, .adv_w = 244, .box_w = 13, .box_h = 21, .ofs_x = 2, .ofs_y = 0},
    {.bitmap_index = 7579, .adv_w = 195, .box_w = 11, .box_h = 14, .ofs_x = 1, .ofs_y = 0},
    {.bitmap_index = 7656, .adv_w = 243, .box_w = 13, .box_h = 21, .ofs_x = 1, .ofs_y = 0},
    {.bitmap_index = 7793, .adv_w = 224, .box_w = 12, .box_h = 14, .ofs_x = 1, .ofs_y = 0},
    {.bitmap_index = 7877, .adv_w = 151, .box_w = 10, .box_h = 21, .ofs_x = 0, .ofs_y = 0},
    {.bitmap_index = 7982, .adv_w = 241, .box_w = 13, .box_h = 20, .ofs_x = 1, .ofs_y = -6},
    {.bitmap_index = 8112, .adv_w = 247, .box_w = 12, .box_h = 21, .ofs_x = 2, .ofs_y = 0},
    {.bitmap_index = 8238, .adv_w = 121, .box_w = 5, .box_h = 19, .ofs_x = 1, .ofs_y = 0},
    {.bitmap_index = 8286, .adv_w = 119, .box_w = 6, .box_h = 26, .ofs_x = 0, .ofs_y = -7},
    {.bitmap_index = 8364, .adv_w = 219, .box_w = 12, .box_h = 21, .ofs_x = 2, .ofs_y = 0},
    {.bitmap_index = 8490, .adv_w = 118, .box_w = 4, .box_h = 21, .ofs_x = 2, .ofs_y = 0},
    {.bitmap_index = 8532, .adv_w = 366, .box_w = 19, .box_h = 14, .ofs_x = 2, .ofs_y = 0},
    {.bitmap_index = 8665, .adv_w = 241, .box_w = 12, .box_h = 14, .ofs_x = 2, .ofs_y = 0},
    {.bitmap_index = 8749, .adv_w = 235, .box_w = 13, .box_h = 14, .ofs_x = 1, .ofs_y = 0},
    {.bitmap_index = 8840, .adv_w = 243, .box_w = 13, .box_h = 20, .ofs_x = 2, .ofs_y = -6},
    {.bitmap_index = 8970, .adv_w = 245, .box_w = 13, .box_h = 20, .ofs_x = 1, .ofs_y = -6},
    {.bitmap_index = 9100, .adv_w = 165, .box_w = 10, .box_h = 14, .ofs_x = 1, .ofs_y = 0},
    {.bitmap_index = 9170, .adv_w = 189, .box_w = 10, .box_h = 14, .ofs_x = 1, .ofs_y = 0},
    {.bitmap_index = 9240, .adv_w = 168, .box_w = 10, .box_h = 19, .ofs_x = 0, .ofs_y = 0},
    {.bitmap_index = 9335, .adv_w = 235, .box_w = 12, .box_h = 14, .ofs_x = 1, .ofs_y = 0},
    {.bitmap_index = 9419, .adv_w = 203, .box_w = 14, .box_h = 14, .ofs_x = -1, .ofs_y = 0},
    {.bitmap_index = 9517, .adv_w = 309, .box_w = 20, .box_h = 14, .ofs_x = 0, .ofs_y = 0},
    {.bitmap_index = 9657, .adv_w = 205, .box_w = 13, .box_h = 14, .ofs_x = 0, .ofs_y = 0},
    {.bitmap_index = 9748, .adv_w = 204, .box_w = 14, .box_h = 19, .ofs_x = -1, .ofs_y = -5},
    {.bitmap_index = 9881, .adv_w = 192, .box_w = 12, .box_h = 14, .ofs_x = 0, .ofs_y = 0},
    {.bitmap_index = 9965, .adv_w = 169, .box_w = 10, .box_h = 26, .ofs_x = 0, .ofs_y = -4},
    {.bitmap_index = 10095, .adv_w = 179, .box_w = 3, .box_h = 28, .ofs_x = 4, .ofs_y = -5},
    {.bitmap_index = 10137, .adv_w = 167, .box_w = 10, .box_h = 26, .ofs_x = 0, .ofs_y = -4},
    {.bitmap_index = 10267, .adv_w = 249, .box_w = 15, .box_h = 5, .ofs_x = 0, .ofs_y = 6},
    {.bitmap_index = 10305, .adv_w = 432, .box_w = 27, .box_h = 28, .ofs_x = 0, .ofs_y = -4},
    {.bitmap_index = 10683, .adv_w = 432, .box_w = 27, .box_h = 21, .ofs_x = 0, .ofs_y = 0},
    {.bitmap_index = 10967, .adv_w = 432, .box_w = 27, .box_h = 24, .ofs_x = 0, .ofs_y = -2},
    {.bitmap_index = 11291, .adv_w = 432, .box_w = 27, .box_h = 21, .ofs_x = 0, .ofs_y = 0},
    {.bitmap_index = 11575, .adv_w = 297, .box_w = 19, .box_h = 20, .ofs_x = 0, .ofs_y = 0},
    {.bitmap_index = 11765, .adv_w = 432, .box_w = 28, .box_h = 27, .ofs_x = 0, .ofs_y = -3},
    {.bitmap_index = 12143, .adv_w = 432, .box_w = 27, .box_h = 28, .ofs_x = 0, .ofs_y = -4},
    {.bitmap_index = 12521, .adv_w = 486, .box_w = 31, .box_h = 24, .ofs_x = 0, .ofs_y = -2},
    {.bitmap_index = 12893, .adv_w = 432, .box_w = 27, .box_h = 28, .ofs_x = 0, .ofs_y = -4},
    {.bitmap_index = 13271, .adv_w = 486, .box_w = 31, .box_h = 21, .ofs_x = 0, .ofs_y = 0},
    {.bitmap_index = 13597, .adv_w = 432, .box_w = 27, .box_h = 28, .ofs_x = 0, .ofs_y = -4},
    {.bitmap_index = 13975, .adv_w = 216, .box_w = 14, .box_h = 22, .ofs_x = 0, .ofs_y = -1},
    {.bitmap_index = 14129, .adv_w = 324, .box_w = 21, .box_h = 22, .ofs_x = 0, .ofs_y = -1},
    {.bitmap_index = 14360, .adv_w = 486, .box_w = 31, .box_h = 26, .ofs_x = 0, .ofs_y = -3},
    {.bitmap_index = 14763, .adv_w = 432, .box_w = 27, .box_h = 21, .ofs_x = 0, .ofs_y = 0},
    {.bitmap_index = 15047, .adv_w = 297, .box_w = 19, .box_h = 28, .ofs_x = 0, .ofs_y = -4},
    {.bitmap_index = 15313, .adv_w = 378, .box_w = 18, .box_h = 25, .ofs_x = 3, .ofs_y = -2},
    {.bitmap_index = 15538, .adv_w = 378, .box_w = 24, .box_h = 28, .ofs_x = 0, .ofs_y = -4},
    {.bitmap_index = 15874, .adv_w = 378, .box_w = 24, .box_h = 24, .ofs_x = 0, .ofs_y = -2},
    {.bitmap_index = 16162, .adv_w = 378, .box_w = 24, .box_h = 24, .ofs_x = 0, .ofs_y = -2},
    {.bitmap_index = 16450, .adv_w = 378, .box_w = 18, .box_h = 25, .ofs_x = 3, .ofs_y = -2},
    {.bitmap_index = 16675, .adv_w = 378, .box_w = 26, .box_h = 24, .ofs_x = -1, .ofs_y = -2},
    {.bitmap_index = 16987, .adv_w = 270, .box_w = 15, .box_h = 24, .ofs_x = 1, .ofs_y = -2},
    {.bitmap_index = 17167, .adv_w = 270, .box_w = 15, .box_h = 24, .ofs_x = 1, .ofs_y = -2},
    {.bitmap_index = 17347, .adv_w = 378, .box_w = 24, .box_h = 24, .ofs_x = 0, .ofs_y = -2},
    {.bitmap_index = 17635, .adv_w = 378, .box_w = 24, .box_h = 6, .ofs_x = 0, .ofs_y = 7},
    {.bitmap_index = 17707, .adv_w = 486, .box_w = 31, .box_h = 21, .ofs_x = 0, .ofs_y = 0},
    {.bitmap_index = 18033, .adv_w = 540, .box_w = 34, .box_h = 28, .ofs_x = 0, .ofs_y = -4},
    {.bitmap_index = 18509, .adv_w = 486, .box_w = 32, .box_h = 28, .ofs_x = -1, .ofs_y = -4},
    {.bitmap_index = 18957, .adv_w = 432, .box_w = 27, .box_h = 24, .ofs_x = 0, .ofs_y = -2},
    {.bitmap_index = 19281, .adv_w = 378, .box_w = 24, .box_h = 15, .ofs_x = 0, .ofs_y = 3},
    {.bitmap_index = 19461, .adv_w = 378, .box_w = 24, .box_h = 15, .ofs_x = 0, .ofs_y = 3},
    {.bitmap_index = 19641, .adv_w = 540, .box_w = 34, .box_h = 22, .ofs_x = 0, .ofs_y = -1},
    {.bitmap_index = 20015, .adv_w = 432, .box_w = 27, .box_h = 21, .ofs_x = 0, .ofs_y = 0},
    {.bitmap_index = 20299, .adv_w = 432, .box_w = 27, .box_h = 28, .ofs_x = 0, .ofs_y = -4},
    {.bitmap_index = 20677, .adv_w = 432, .box_w = 28, .box_h = 28, .ofs_x = -1, .ofs_y = -4},
    {.bitmap_index = 21069, .adv_w = 378, .box_w = 24, .box_h = 24, .ofs_x = 0, .ofs_y = -2},
    {.bitmap_index = 21357, .adv_w = 378, .box_w = 24, .box_h = 28, .ofs_x = 0, .ofs_y = -4},
    {.bitmap_index = 21693, .adv_w = 378, .box_w = 24, .box_h = 24, .ofs_x = 0, .ofs_y = -2},
    {.bitmap_index = 21981, .adv_w = 378, .box_w = 24, .box_h = 22, .ofs_x = 0, .ofs_y = -1},
    {.bitmap_index = 22245, .adv_w = 432, .box_w = 27, .box_h = 21, .ofs_x = 0, .ofs_y = 0},
    {.bitmap_index = 22529, .adv_w = 270, .box_w = 19, .box_h = 28, .ofs_x = -1, .ofs_y = -4},
    {.bitmap_index = 22795, .adv_w = 378, .box_w = 24, .box_h = 28, .ofs_x = 0, .ofs_y = -4},
    {.bitmap_index = 23131, .adv_w = 378, .box_w = 24, .box_h = 28, .ofs_x = 0, .ofs_y = -4},
    {.bitmap_index = 23467, .adv_w = 486, .box_w = 31, .box_h = 21, .ofs_x = 0, .ofs_y = 0},
    {.bitmap_index = 23793, .adv_w = 432, .box_w = 29, .box_h = 29, .ofs_x = -1, .ofs_y = -4},
    {.bitmap_index = 24214, .adv_w = 324, .box_w = 21, .box_h = 28, .ofs_x = 0, .ofs_y = -4},
    {.bitmap_index = 24508, .adv_w = 540, .box_w = 34, .box_h = 25, .ofs_x = 0, .ofs_y = -2},
    {.bitmap_index = 24933, .adv_w = 540, .box_w = 34, .box_h = 18, .ofs_x = 0, .ofs_y = 1},
    {.bitmap_index = 25239, .adv_w = 540, .box_w = 34, .box_h = 18, .ofs_x = 0, .ofs_y = 1},
    {.bitmap_index = 25545, .adv_w = 540, .box_w = 34, .box_h = 18, .ofs_x = 0, .ofs_y = 1},
    {.bitmap_index = 25851, .adv_w = 540, .box_w = 34, .box_h = 18, .ofs_x = 0, .ofs_y = 1},
    {.bitmap_index = 26157, .adv_w = 540, .box_w = 34, .box_h = 18, .ofs_x = 0, .ofs_y = 1},
    {.bitmap_index = 26463, .adv_w = 540, .box_w = 34, .box_h = 22, .ofs_x = 0, .ofs_y = -1},
    {.bitmap_index = 26837, .adv_w = 378, .box_w = 21, .box_h = 28, .ofs_x = 1, .ofs_y = -4},
    {.bitmap_index = 27131, .adv_w = 378, .box_w = 24, .box_h = 28, .ofs_x = 0, .ofs_y = -4},
    {.bitmap_index = 27467, .adv_w = 432, .box_w = 28, .box_h = 28, .ofs_x = -1, .ofs_y = -4},
    {.bitmap_index = 27859, .adv_w = 540, .box_w = 34, .box_h = 21, .ofs_x = 0, .ofs_y = 0},
    {.bitmap_index = 28216, .adv_w = 324, .box_w = 21, .box_h = 28, .ofs_x = 0, .ofs_y = -4},
    {.bitmap_index = 28510, .adv_w = 435, .box_w = 28, .box_h = 18, .ofs_x = 0, .ofs_y = 1}
};

/*---------------------
 *  CHARACTER MAPPING
 *--------------------*/

static const uint16_t unicode_list_1[] = {
    0x0, 0x7, 0xa, 0xb, 0xc, 0x10, 0x12, 0x14,
    0x18, 0x1b, 0x20, 0x25, 0x26, 0x27, 0x3d, 0x42,
    0x47, 0x4a, 0x4b, 0x4c, 0x50, 0x51, 0x52, 0x53,
    0x66, 0x67, 0x6d, 0x6f, 0x70, 0x73, 0x76, 0x77,
    0x78, 0x7a, 0x92, 0x94, 0xc3, 0xc4, 0xc6, 0xc8,
    0xdf, 0xe6, 0xe9, 0xf2, 0x11b, 0x123, 0x15a, 0x1ea,
    0x23f, 0x240, 0x241, 0x242, 0x243, 0x286, 0x292, 0x2ec,
    0x303, 0x559, 0x7c1, 0x8a1
};

/*Collect the unicode lists and glyph_id offsets*/
static const lv_font_fmt_txt_cmap_t cmaps[] =
{
    {
        .range_start = 32, .range_length = 95, .glyph_id_start = 1,
        .unicode_list = NULL, .glyph_id_ofs_list = NULL, .list_length = 0, .type = LV_FONT_FMT_TXT_CMAP_FORMAT0_TINY
    },
    {
        .range_start = 61441, .range_length = 2210, .glyph_id_start = 96,
        .unicode_list = unicode_list_1, .glyph_id_ofs_list = NULL, .list_length = 60, .type = LV_FONT_FMT_TXT_CMAP_SPARSE_TINY
    }
};

/*-----------------
 *    KERNING
 *----------------*/


/*Map glyph_ids to kern left classes*/
static const uint8_t kern_left_class_mapping[] =
{
    0, 0, 0, 1, 0, 0, 0, 2,
    1, 3, 0, 4, 0, 5, 6, 5,
    0, 0, 0, 0, 0, 7, 0, 0,
    0, 0, 0, 5, 5, 0, 0, 0,
    0, 0, 8, 9, 10, 11, 12, 13,
    14, 0, 0, 0, 15, 16, 0, 0,
    11, 17, 11, 18, 19, 20, 0, 21,
    22, 23, 24, 25, 26, 0, 0, 0,
    0, 0, 27, 28, 29, 30, 31, 32,
    33, 27, 34, 35, 36, 30, 27, 27,
    28, 28, 37, 38, 39, 40, 41, 42,
    43, 44, 43, 45, 46, 0, 0, 0,
    0, 0, 0, 0, 0, 0, 0, 0,
    0, 0, 0, 0, 0, 0, 0, 0,
    0, 0, 0, 0, 0, 0, 0, 0,
    0, 0, 0, 0, 0, 0, 0, 0,
    0, 0, 0, 0, 0, 0, 0, 0,
    0, 0, 0, 0, 0, 0, 0, 0,
    0, 0, 0, 0, 0, 0, 0, 0,
    0, 0, 0, 0
};

/*Map glyph_ids to kern right classes*/
static const uint8_t kern_right_class_mapping[] =
{
    0, 0, 1, 2, 0, 0, 0, 3,
    2, 0, 4, 5, 0, 6, 7, 6,
    0, 0, 0, 0, 0, 8, 0, 0,
    0, 0, 0, 0, 0, 0, 0, 0,
    9, 0, 10, 0, 11, 0, 0, 0,
    11, 0, 0, 12, 0, 0, 0, 0,
    11, 0, 11, 0, 13, 14, 0, 15,
    16, 17, 18, 19, 0, 0, 20, 0,
    0, 0, 21, 22, 23, 23, 23, 24,
    23, 22, 25, 26, 22, 22, 27, 27,
    23, 28, 23, 27, 29, 30, 31, 32,
    33, 34, 35, 36, 0, 0, 20, 0,
    0, 0, 0, 0, 0, 0, 0, 0,
    0, 0, 0, 0, 0, 0, 0, 0,
    0, 0, 0, 0, 0, 0, 0, 0,
    0, 0, 0, 0, 0, 0, 0, 0,
    0, 0, 0, 0, 0, 0, 0, 0,
    0, 0, 0, 0, 0, 0, 0, 0,
    0, 0, 0, 0, 0, 0, 0, 0,
    0, 0, 0, 0
};

/*Kern values between classes*/
static const int8_t kern_class_values[] =
{
    0, 0, 0, 0, 0, 0, 0, -30,
    0, 0, 0, 0, 0, 0, 0, 0,
    0, 0, 0, 0, 0, 0, 0, 0,
    0, 0, 0, 0, 0, 0, 0, 0,
    0, 0, 0, 0, 0, 0, 0, 0,
    0, 0, 0, 0, 0, 9, 0, 0,
    0, -9, -4, -4, 0, -4, 0, 0,
    0, 0, 0, 4, 0, 0, 0, 0,
    0, 0, 0, 2, 2, 2, 2, 0,
    0, 0, 0, 0, 0, 0, 0, 0,
    0, 0, 0, 0, 0, 0, 0, 0,
    0, 0, 0, 0, 0, 9, 0, 13,
    0, 24, 0, 0, 0, 0, 0, -13,
    -13, 0, 0, 0, 0, 0, 0, 0,
    0, 0, 0, -52, 0, 0, 0, 0,
    0, 0, 0, 0, 0, 0, 0, 0,
    0, 0, 0, 0, 0, 0, 0, 0,
    0, 0, 0, 0, 0, 0, 0, 0,
    0, 0, 0, 0, 0, 0, 0, -17,
    0, 0, 0, 0, 0, 0, 0, 0,
    0, 0, 0, 0, 0, 0, 0, 0,
    0, 0, 0, 0, 0, 0, 0, 0,
    0, 0, 0, 0, 0, 0, 0, 0,
    0, 0, 0, 0, 0, 0, 4, -13,
    0, -13, -9, -9, -9, -13, -4, 0,
    0, 0, 4, 0, 0, 0, 0, 0,
    0, 0, 0, 9, 9, 0, 9, 0,
    0, 0, 0, 0, -17, 0, 0, 0,
    0, 0, 0, 0, 0, 0, 0, 0,
    0, 0, 0, 0, 0, 0, 0, 0,
    0, 0, 0, 0, 0, 0, 0, 0,
    0, 0, 0, 0, 0, -13, 0, 0,
    0, 0, 0, 0, -22, 0, -2, 13,
    0, -15, -19, -11, 4, -19, 0, 0,
    0, 0, 0, 0, 0, 0, 0, 0,
    0, 0, 0, -6, -4, 4, -6, 0,
    0, 0, 0, 0, 0, 0, 0, 0,
    -4, 0, 0, 0, 0, 0, 0, 0,
    0, 0, 0, 0, 0, 0, 0, 0,
    0, 0, 0, 0, 0, 0, 0, 0,
    0, 0, 0, 0, 0, 0, 0, 0,
    0, 0, -13, 0, 0, 0, -4, 0,
    0, 0, 0, 0, 0, 4, 0, 0,
    0, 0, 0, 0, 0, 0, 0, 0,
    0, 0, 0, 0, 0, 0, 0, 0,
    0, 0, 0, 0, 0, 0, 4, 0,
    -9, -2, 4, 0, 0, -4, -4, 0,
    0, -6, -4, 0, 0, 0, 0, 0,
    0, 0, 0, 0, 0, 0, 0, 4,
    0, 0, 4, 0, 0, 0, 0, 0,
    0, 0, 0, 0, 0, 0, 0, 9,
    0, 0, 0, 0, 0, 0, 0, 0,
    0, 0, 0, 0, 0, 0, 0, 0,
    0, 0, 0, 0, 0, 0, 0, 0,
    0, 0, 0, 0, 0, -26, 0, 0,
    9, -19, 0, -22, 0, 4, 4, 4,
    4, 6, 0, 0, -4, 0, 0, 0,
    0, 0, 0, 0, 0, 0, 0, 0,
    0, 0, 0, 0, 0, 0, 0, 0,
    0, 0, 4, 0, -4, 0, 0, 0,
    0, 0, 0, 0, 0, 0, 0, 0,
    0, 0, 0, 0, 0, 0, 0, 0,
    0, 0, 0, 0, 0, 0, 0, 0,
    0, 0, 0, 0, 0, 0, -9, 0,
    0, 0, 0, 9, 0, 0, 0, 0,
    0, 0, 0, 0, 0, 0, -13, 0,
    0, 0, 0, 0, -4, -9, 0, -9,
    -9, 0, -13, 0, 0, -39, 0, 0,
    0, 0, -13, 0, -30, 13, 0, 9,
    0, -17, -17, -17, 0, -19, 0, 0,
    0, 0, 0, 0, 0, 0, 0, 0,
    0, 0, 0, 0, 0, 0, 0, 0,
    0, 0, 0, 0, 0, -39, 0, 0,
    0, -15, 4, -9, 0, 0, 0, 0,
    0, 0, 0, 0, 0, 0, 0, 0,
    3, 0, 0, 0, 0, 0, 0, 11,
    4, 0, 4, 0, 0, 0, 0, 0,
    0, 0, 0, 0, 0, 0, 0, 0,
    0, 0, 0, 0, 0, 0, 0, 0,
    -4, 0, 0, 0, 0, 0, 0, 0,
    0, 0, 0, 0, 0, 0, 0, 0,
    0, 0, 0, 0, 0, 0, 0, 0,
    0, 0, 0, 0, 0, 0, 0, 0,
    0, 0, -4, 0, 0, 0, 0, 0,
    0, 0, 0, 0, 0, 0, 0, 0,
    0, 0, 0, 0, 0, 0, 0, 0,
    0, -39, -13, 0, 9, -15, -4, -13,
    0, 0, 0, 4, 0, 4, 0, 0,
    -22, 0, -22, 0, 0, 0, -19, 0,
    -22, 0, -17, -13, -13, -13, -13, -13,
    0, 0, 0, 0, 0, 0, -9, 0,
    13, -19, -4, -15, -2, 0, 0, -13,
    -13, -13, 0, 0, -17, 0, -17, 0,
    0, 0, 0, 0, 0, 0, 0, 0,
    0, 0, 0, 0, 0, 0, 0, 0,
    0, 0, -9, 0, 13, -15, 0, -13,
    0, 4, -13, 0, -13, -13, 0, 0,
    -15, 0, -17, 0, 0, 0, 0, 0,
    0, 0, -9, 0, 0, 0, 0, 0,
    0, 0, 0, 0, 0, 0, -9, 0,
    9, 4, -4, 9, 0, 0, -13, -13,
    0, 0, 0, 0, 0, 0, 0, 0,
    0, 0, 0, 0, 0, 0, 0, 0,
    0, 0, 0, 0, 0, 0, 0, 0,
    0, 0, -13, 0, 22, -19, -6, -13,
    0, 4, -13, -13, 0, -13, 0, 0,
    -22, 0, -24, 0, 0, 0, -17, -24,
    -13, 0, -15, 0, 0, -9, 0, -13,
    0, 0, 0, 0, 0, 0, -4, 0,
    0, 0, -4, 0, 0, 0, 0, 0,
    0, 0, 0, 0, 0, 0, 0, 0,
    0, 0, 0, 0, 0, 0, 0, 0,
    0, 0, 0, 0, 0, 0, 0, 0,
    0, 0, 0, 0, 0, 0, 0, 0,
    0, 0, 0, 0, 0, 0, 0, 0,
    0, 0, -9, 0, 0, 19, 0, 0,
    0, 0, 0, -13, -13, 0, 0, 0,
    0, 0, 0, -9, 0, 0, 0, 0,
    -4, 0, 0, 0, 0, -22, -11, 0,
    0, -17, 0, 0, 0, 0, 0, 0,
    0, 0, 0, 0, 0, 0, 0, -9,
    -9, 0, -9, 0, 0, 0, 0, 0,
    0, 0, 4, 0, -13, 0, 0, 0,
    0, -24, -17, 0, 0, -22, 0, 0,
    0, 0, 0, 0, 0, 0, 0, 0,
    0, 0, 0, 0, 0, 0, 0, 0,
    0, 0, 0, 0, 0, 0, -9, 0,
    0, 0, 0, 0, 0, -17, -13, 0,
    0, -9, 0, 0, 0, 0, 0, 0,
    0, 0, 0, 0, 0, 0, 0, 0,
    0, 0, 0, 0, -9, 0, 0, 0,
    0, 0, 0, 0, 9, 0, 0, 0,
    0, 0, 0, 0, 0, 0, 0, 0,
    -6, 0, -9, 0, 0, 0, 0, 0,
    0, 0, 0, 0, 0, 0, 0, 0,
    0, 0, 0, 0, 0, 0, 0, 0,
    0, 0, 0, 0, 0, -22, 0, -17,
    0, -13, 0, 0, 0, 0, 0, 0,
    0, 0, 0, 0, 0, 0, 0, 0,
    0, 0, 0, 0, 9, 9, 4, 17,
    17, -26, -9, 0, 15, 0, 0, 0,
    0, 0, 0, 0, 0, 0, 0, 17,
    -2, 0, -13, 0, 0, 0, 0, 0,
    0, 0, -4, 0, -6, 0, 0, 0,
    0, 0, 0, 0, 0, 0, 0, 0,
    -13, 0, 0, 0, 0, -22, -13, 0,
    0, -22, 0, 0, 0, 0, 0, 0,
    0, 0, 0, 0, 0, 0, 0, 0,
    0, 0, 0, 0, 0, 0, 0, 0,
    13, 0, 0, 0, 4, 0, 0, 0,
    0, 0, 0, 0, 0, 0, 0, 0,
    0, 0, 0, 0, 0, 0, 0, 0,
    0, 0, 0, 0, 0, 0, 0, 0,
    0, 0, 0, 0, 13, 0, 0, 0,
    0, 0, 0, 0, 0, 0, 0, 0,
    0, 0, 0, 0, 0, 0, 0, 0,
    0, 0, 0, 0, 0, 0, 0, 0,
    0, 0, 0, 0, 0, 0, 0, 0,
    0, 0, -9, 0, 0, 0, 0, 0,
    0, -13, 0, 0, 0, 0, 0, 0,
    0, 0, 0, 0, 0, 0, 0, 0,
    0, 0, 0, 0, 0, 0, 0, 0,
    0, 0, 0, 0, 0, 0, 0, 0,
    0, 0, 0, 0, 0, -22, 0, 0,
    0, 0, 0, 0, 0, 0, 0, 0,
    0, 0, 0, 0, 0, 0, 0, 0,
    0, 0, 0, 0, 0, 0, 0, 0,
    0, 0, -9, 0, 0, 0, 0, 0,
    0, -22, 0, 0, 0, 0, 0, 0,
    0, 0, -4, 0, 0, 0, 0, 0,
    0, 0, 0, 0, 0, 0, 0, 0,
    0, 0, 0, 0, 0, 0, 0, 0,
    -13, 0, 0, 0, 0, -19, 0, 0,
    0, -17, 0, 0, 0, 0, 0, 0,
    0, 0, 0, 0, 0, 0, 0, 0,
    0, 0, 0, 0, 0, 0, 0, 0,
    0, 0, -9, 0, -9, 0, 0, 0,
    0, -22, 0, 0, 0, -9, 0, 0,
    0, 0, -4, 0, 0, 0, 0, 0,
    0, 0, 0, 0, 0, 0, 0, 0,
    0, 0, 0, 0, 0, 0, 0, 0,
    -9, 0, 0, 0, 0, -17, 0, -9,
    0, -24, 0, 0, 0, 0, 0, 0,
    0, 0, 0, 0, 0, 0, 0, 0,
    0, 0, 0, 0, 0, 0, 2, -13,
    0, 0, 9, 0, -9, -6, 0, 0,
    0, -13, 0, 0, 0, 0, 0, -13,
    0, 0, 0, 0, 0, 0, 0, 0,
    0, 0, 0, 0, 0, 0, 0, 0,
    0, 0, 2, -13, 0, 0, 9, 0,
    -9, -6, 0, 0, 0, -9, 0, 0,
    0, 0, 0, -13, 0, 0, 0, 0,
    0, 0, 0, 0, 0, 0, 0, 0,
    0, 0, 0, 0, 0, 0, 2, 0,
    0, 0, 0, 0, 0, 4, 0, 0,
    0, -17, 0, 0, 0, -9, 0, 0,
    0, 0, 0, 0, 0, 0, 0, 0,
    0, 0, 0, 0, 0, 0, 0, 0,
    0, 0, 0, 0, 0, 0, 0, 0,
    -13, 0, 0, 0, 0, -17, 0, 0,
    0, -9, 0, 0, 0, 0, 0, 0,
    0, 0, 0, 0, 0, 0, 0, 0,
    0, 0, 0, 0, 0, 0, 0, 0,
    0, 0, 0, 0, 0, 0, 0, 0,
    0, 0, 0, 0, 0, 0, 0, 0,
    0, 0, 0, 0, 0, 24, 0, 0,
    0, 0, 0, -13, -13, 0, 0, 0
};


/*Collect the kern class' data in one place*/
static const lv_font_fmt_txt_kern_classes_t kern_classes =
{
    .class_pair_values   = kern_class_values,
    .left_class_mapping  = kern_left_class_mapping,
    .right_class_mapping = kern_right_class_mapping,
    .left_class_cnt      = 46,
    .right_class_cnt     = 36,
};

/*--------------------
 *  ALL CUSTOM DATA
 *--------------------*/

#if LVGL_VERSION_MAJOR == 8
/*Store all the custom data of the font*/
static  lv_font_fmt_txt_glyph_cache_t cache;
#endif

#if LVGL_VERSION_MAJOR >= 8
static const lv_font_fmt_txt_dsc_t font_dsc = {
#else
static lv_font_fmt_txt_dsc_t font_dsc = {
#endif
    .glyph_bitmap = glyph_bitmap,
    .glyph_dsc = glyph_dsc,
    .cmaps = cmaps,
    .kern_dsc = &kern_classes,
    .kern_scale = 16,
    .cmap_num = 2,
    .bpp = 4,
    .kern_classes = 1,
    .bitmap_format = 0,
#if LVGL_VERSION_MAJOR == 8
    .cache = &cache
#endif
};



/*-----------------
 *  PUBLIC FONT
 *----------------*/

/*Initialize a public general font descriptor*/
#if LVGL_VERSION_MAJOR >= 8
const lv_font_t lv_font_Alatsi_Regular_27 = {
#else
lv_font_t lv_font_Alatsi_Regular_27 = {
#endif
    .get_glyph_dsc = lv_font_get_glyph_dsc_fmt_txt,    /*Function pointer to get glyph's data*/
    .get_glyph_bitmap = lv_font_get_bitmap_fmt_txt,    /*Function pointer to get glyph's bitmap*/
    .line_height = 27,          /*The maximum line height required by the font*/
    .base_line = 4,             /*Baseline measured from the bottom of the line*/
#if !(LVGL_VERSION_MAJOR == 6 && LVGL_VERSION_MINOR == 0)
    .subpx = LV_FONT_SUBPX_NONE,
#endif
#if LV_VERSION_CHECK(7, 4, 0) || LVGL_VERSION_MAJOR >= 8
    .underline_position = 0,
    .underline_thickness = 3,
#endif
    .dsc = &font_dsc,          /*The custom font data. Will be accessed by `get_glyph_bitmap/dsc` */
#if LV_VERSION_CHECK(8, 2, 0) || LVGL_VERSION_MAJOR >= 9
    .fallback = NULL,
#endif
    .user_data = NULL,
};



#endif /*#if LV_FONT_ALATSI_REGULAR_27*/

